condition,sequence,role,seed,target_response
intact,AB,predicted,0,5.826441881173889
intact,AB,predicted,1,5.853238686770723
intact,AB,predicted,2,5.84137734663935
intact,AB,predicted,3,5.832676438568509
intact,AB,predicted,4,5.816618471397975
intact,AB,predicted,5,5.83701248660171
intact,AB,predicted,6,5.8134983886386555
intact,AB,predicted,7,5.825299331645227
intact,AB,predicted,8,5.831996112198169
intact,AB,predicted,9,5.794788168236702
intact,AB,predicted,10,5.849924411971355
intact,AB,predicted,11,5.823924948078511
intact,AB,unexpected,0,6.005545743430906
intact,AB,unexpected,1,6.010618658900104
intact,AB,unexpected,2,6.007625463087637
intact,AB,unexpected,3,5.985469124094137
intact,AB,unexpected,4,5.976073440046704
intact,AB,unexpected,5,6.001098291369452
intact,AB,unexpected,6,5.988185250059494
intact,AB,unexpected,7,6.005896663278346
intact,AB,unexpected,8,5.983418568898457
intact,AB,unexpected,9,5.9561367415127355
intact,AB,unexpected,10,6.009722646787086
intact,AB,unexpected,11,5.981826022468139
intact,BA,predicted,0,5.821230317246282
intact,BA,predicted,1,5.818732164926015
intact,BA,predicted,2,5.8102639014717035
intact,BA,predicted,3,5.843253321895873
intact,BA,predicted,4,5.844605017079386
intact,BA,predicted,5,5.826530917322851
intact,BA,predicted,6,5.838303546942509
intact,BA,predicted,7,5.81438817014662
intact,BA,predicted,8,5.843611043104493
intact,BA,predicted,9,5.873024828157539
intact,BA,predicted,10,5.81501803189918
intact,BA,predicted,11,5.8342653480374995
intact,BA,unexpected,0,5.993556596333235
intact,BA,unexpected,1,5.974557116113954
intact,BA,unexpected,2,5.978526980747877
intact,BA,unexpected,3,6.002374794955046
intact,BA,unexpected,4,6.009115774863032
intact,BA,unexpected,5,5.989710860484456
intact,BA,unexpected,6,6.0104078651389
intact,BA,unexpected,7,5.992389328583047
intact,BA,unexpected,8,5.997033390001684
intact,BA,unexpected,9,6.032469777840512
intact,BA,unexpected,10,5.976058661673311
intact,BA,unexpected,11,5.99626662690672
no_depression,AB,predicted,0,8.397333769179063
no_depression,AB,predicted,1,8.424283155831038
no_depression,AB,predicted,2,8.430096500216736
no_depression,AB,predicted,3,8.457266448597164
no_depression,AB,predicted,4,8.437900829684336
no_depression,AB,predicted,5,8.418638720613073
no_depression,AB,predicted,6,8.401660218090457
no_depression,AB,predicted,7,8.399055462562782
no_depression,AB,predicted,8,8.444073720663432
no_depression,AB,predicted,9,8.411053497184225
no_depression,AB,predicted,10,8.424593351772987
no_depression,AB,predicted,11,8.42483408716936
no_depression,AB,unexpected,0,8.667080143631146
no_depression,AB,unexpected,1,8.652164691630864
no_depression,AB,unexpected,2,8.666622270720834
no_depression,AB,unexpected,3,8.667020388661273
no_depression,AB,unexpected,4,8.666914573902002
no_depression,AB,unexpected,5,8.66491253477225
no_depression,AB,unexpected,6,8.665981415501342
no_depression,AB,unexpected,7,8.666838965733216
no_depression,AB,unexpected,8,8.664654437417726
no_depression,AB,unexpected,9,8.655635672470918
no_depression,AB,unexpected,10,8.66667944034688
no_depression,AB,unexpected,11,8.66682082736863
no_depression,BA,predicted,0,8.414945234171746
no_depression,BA,predicted,1,8.448537725869482
no_depression,BA,predicted,2,8.420243637125397
no_depression,BA,predicted,3,8.40335153483402
no_depression,BA,predicted,4,8.408573548513804
no_depression,BA,predicted,5,8.427051710992647
no_depression,BA,predicted,6,8.42197472780211
no_depression,BA,predicted,7,8.399986567545659
no_depression,BA,predicted,8,8.421917643024369
no_depression,BA,predicted,9,8.434997325473098
no_depression,BA,predicted,10,8.415350734610115
no_depression,BA,predicted,11,8.40542761925434
no_depression,BA,unexpected,0,8.667015944147455
no_depression,BA,unexpected,1,8.664539454443306
no_depression,BA,unexpected,2,8.662127072033076
no_depression,BA,unexpected,3,8.640039068220714
no_depression,BA,unexpected,4,8.659742604241162
no_depression,BA,unexpected,5,8.664459560203653
no_depression,BA,unexpected,6,8.66683739419128
no_depression,BA,unexpected,7,8.66679213475183
no_depression,BA,unexpected,8,8.652417493610061
no_depression,BA,unexpected,9,8.667173625153346
no_depression,BA,unexpected,10,8.663200062500877
no_depression,BA,unexpected,11,8.66137938552429
no_recurrent_learning,AB,predicted,0,5.679144172067499
no_recurrent_learning,AB,predicted,1,5.69200070290931
no_recurrent_learning,AB,predicted,2,5.678883859754904
no_recurrent_learning,AB,predicted,3,5.657920509452099
no_recurrent_learning,AB,predicted,4,5.652522376802657
no_recurrent_learning,AB,predicted,5,5.674486524089592
no_recurrent_learning,AB,predicted,6,5.661851126315988
no_recurrent_learning,AB,predicted,7,5.676707593745267
no_recurrent_learning,AB,predicted,8,5.662196076659742
no_recurrent_learning,AB,predicted,9,5.642364765578415
no_recurrent_learning,AB,predicted,10,5.6865959450336065
no_recurrent_learning,AB,predicted,11,5.6575724397252625
no_recurrent_learning,AB,unexpected,0,5.679144172067499
no_recurrent_learning,AB,unexpected,1,5.69200070290931
no_recurrent_learning,AB,unexpected,2,5.678883859754904
no_recurrent_learning,AB,unexpected,3,5.657920509452099
no_recurrent_learning,AB,unexpected,4,5.652522376802657
no_recurrent_learning,AB,unexpected,5,5.674486524089592
no_recurrent_learning,AB,unexpected,6,5.661851126315988
no_recurrent_learning,AB,unexpected,7,5.676707593745267
no_recurrent_learning,AB,unexpected,8,5.662196076659742
no_recurrent_learning,AB,unexpected,9,5.642364765578415
no_recurrent_learning,AB,unexpected,10,5.6865959450336065
no_recurrent_learning,AB,unexpected,11,5.6575724397252625
no_recurrent_learning,BA,predicted,0,5.664560498818823
no_recurrent_learning,BA,predicted,1,5.649610637051363
no_recurrent_learning,BA,predicted,2,5.655534911004455
no_recurrent_learning,BA,predicted,3,5.689182249159877
no_recurrent_learning,BA,predicted,4,5.6858777404959095
no_recurrent_learning,BA,predicted,5,5.667360457647764
no_recurrent_learning,BA,predicted,6,5.681137383870778
no_recurrent_learning,BA,predicted,7,5.663638351223961
no_recurrent_learning,BA,predicted,8,5.680297389729923
no_recurrent_learning,BA,predicted,9,5.702247852855674
no_recurrent_learning,BA,predicted,10,5.654598128253815
no_recurrent_learning,BA,predicted,11,5.677231196876629
no_recurrent_learning,BA,unexpected,0,5.664560498818823
no_recurrent_learning,BA,unexpected,1,5.649610637051363
no_recurrent_learning,BA,unexpected,2,5.655534911004455
no_recurrent_learning,BA,unexpected,3,5.689182249159877
no_recurrent_learning,BA,unexpected,4,5.6858777404959095
no_recurrent_learning,BA,unexpected,5,5.667360457647764
no_recurrent_learning,BA,unexpected,6,5.681137383870778
no_recurrent_learning,BA,unexpected,7,5.663638351223961
no_recurrent_learning,BA,unexpected,8,5.680297389729923
no_recurrent_learning,BA,unexpected,9,5.702247852855674
no_recurrent_learning,BA,unexpected,10,5.654598128253815
no_recurrent_learning,BA,unexpected,11,5.677231196876629
uniform_inhibition,AB,predicted,0,4.969661076913683
uniform_inhibition,AB,predicted,1,4.980711388220045
uniform_inhibition,AB,predicted,2,4.965868823298011
uniform_inhibition,AB,predicted,3,4.956169962669768
uniform_inhibition,AB,predicted,4,4.945626350607318
uniform_inhibition,AB,predicted,5,4.965410860158782
uniform_inhibition,AB,predicted,6,4.954763187642987
uniform_inhibition,AB,predicted,7,4.964647419679788
uniform_inhibition,AB,predicted,8,4.95612279240442
uniform_inhibition,AB,predicted,9,4.94035646039978
uniform_inhibition,AB,predicted,10,4.975928801297782
uniform_inhibition,AB,predicted,11,4.948200827594709
uniform_inhibition,AB,unexpected,0,4.966536959693644
uniform_inhibition,AB,unexpected,1,4.97686746781316
uniform_inhibition,AB,unexpected,2,4.9611888873330505
uniform_inhibition,AB,unexpected,3,4.950529936029895
uniform_inhibition,AB,unexpected,4,4.9406795539729025
uniform_inhibition,AB,unexpected,5,4.961315146680454
uniform_inhibition,AB,unexpected,6,4.951467071280178
uniform_inhibition,AB,unexpected,7,4.961318147041128
uniform_inhibition,AB,unexpected,8,4.9508785346761535
uniform_inhibition,AB,unexpected,9,4.937208336510209
uniform_inhibition,AB,unexpected,10,4.971302789362249
uniform_inhibition,AB,unexpected,11,4.943426123831904
uniform_inhibition,BA,predicted,0,4.957480005213814
uniform_inhibition,BA,predicted,1,4.945443757761183
uniform_inhibition,BA,predicted,2,4.945623026962104
uniform_inhibition,BA,predicted,3,4.979516750205379
uniform_inhibition,BA,predicted,4,4.973726201554695
uniform_inhibition,BA,predicted,5,4.95993068138805
uniform_inhibition,BA,predicted,6,4.971892226835231
uniform_inhibition,BA,predicted,7,4.95589151927541
uniform_inhibition,BA,predicted,8,4.9715153482506
uniform_inhibition,BA,predicted,9,4.990444406499216
uniform_inhibition,BA,predicted,10,4.948361351745932
uniform_inhibition,BA,predicted,11,4.964031286252107
uniform_inhibition,BA,unexpected,0,4.953285254546739
uniform_inhibition,BA,unexpected,1,4.9401570892289906
uniform_inhibition,BA,unexpected,2,4.941619006482458
uniform_inhibition,BA,unexpected,3,4.976857622831106
uniform_inhibition,BA,unexpected,4,4.970260383337425
uniform_inhibition,BA,unexpected,5,4.9561334923482905
uniform_inhibition,BA,unexpected,6,4.967480730546243
uniform_inhibition,BA,unexpected,7,4.952363122453196
uniform_inhibition,BA,unexpected,8,4.967712762791399
uniform_inhibition,BA,unexpected,9,4.985161246958997
uniform_inhibition,BA,unexpected,10,4.944480518177554
uniform_inhibition,BA,unexpected,11,4.960410899105744
