context,seed,training_pair,w_A_from_A,w_A_from_B,w_B_from_A,w_B_from_B
AB_context,0,0,0.0,0.0,0.0,0.0
AB_context,0,25,0.12459701579593599,0.003815261722184972,0.11575291553046986,0.1245541774629981
AB_context,0,50,0.12461023370654217,0.004264133898035033,0.1629856821033216,0.12456835977449922
AB_context,0,75,0.12460814443068521,0.03688763384854076,0.1598632978958837,0.12457385063881884
AB_context,0,100,0.12460985878933063,0.04904781100954299,0.16197095619439664,0.12457091469438128
AB_context,0,125,0.12461201314712844,0.027313397888152346,0.17753024983597382,0.12456271648110731
AB_context,0,150,0.12460955888825988,0.037222277164911895,0.17204411627937785,0.12456908177860139
AB_context,0,175,0.12460289128188275,0.04947268341203303,0.165416575335189,0.12458145561382629
AB_context,0,200,0.12460954267823415,0.03507596395974453,0.17461746009821605,0.12456828467904432
AB_context,0,225,0.12460827099743596,0.04999919086787295,0.1666414655797046,0.12457262239875805
AB_context,0,250,0.12461231224130441,0.028558786657840313,0.1785659027901706,0.12456195668278107
AB_context,0,275,0.12461268093453638,0.01868700570441215,0.18183997595706655,0.12455977529954612
AB_context,0,300,0.1246107524835029,0.01659562120389846,0.18095308991520118,0.12456375686892797
AB_context,0,325,0.12460725237840609,0.026511282666855127,0.1757662210703941,0.12457199640720855
AB_context,0,350,0.12461271599425632,0.01634833593689423,0.18176424070926925,0.12455954394879083
AB_context,0,375,0.12461119384490003,0.015299947577784514,0.18107453461897358,0.12456282713900144
AB_context,0,400,0.12461241020794138,0.008189616975079281,0.1838648694540923,0.12455910531619856
AB_context,1,0,0.0,0.0,0.0,0.0
AB_context,1,25,0.12458916829182788,0.01681512918172177,0.1066163990152293,0.12456696566316099
AB_context,1,50,0.12460530608675384,0.025616744295815737,0.14547850050177333,0.12458055230021327
AB_context,1,75,0.12461270504383841,0.009697167223626435,0.17533180476753857,0.12456093168313342
AB_context,1,100,0.12460891916267121,0.01817742540425376,0.1760196375591452,0.12456852456649992
AB_context,1,125,0.12460867090356474,0.02943774344434923,0.1737554525627235,0.12456981196232256
AB_context,1,150,0.12459872778584014,0.048407001749556686,0.16373451573847272,0.12458955396129207
AB_context,1,175,0.12461290334734516,0.021496071995333918,0.18062017293644114,0.12455975864485133
AB_context,1,200,0.12461163441711057,0.017214893850923934,0.18112327646433754,0.12456205710668534
AB_context,1,225,0.12460044717734252,0.04091043335864438,0.16788856742299021,0.12458525611223485
AB_context,1,250,0.12460436349123835,0.04310088847543498,0.16878945697823197,0.12457940197123092
AB_context,1,275,0.12460682492083436,0.03918279057655722,0.17175238578085036,0.12457387019290962
AB_context,1,300,0.12460408671776597,0.050780893651946116,0.16510119282324323,0.12457962646198258
AB_context,1,325,0.12460866035372825,0.03277632739686142,0.17528673616692075,0.12456966608200452
AB_context,1,350,0.12461254777180954,0.011328690932387815,0.1842558747989304,0.12455885200705887
AB_context,1,375,0.12460667902792895,0.011155190968183312,0.18126402733088168,0.12457220507457079
AB_context,1,400,0.12460739799795073,0.028038490544521264,0.17425690386322162,0.12457207175858961
AB_context,2,0,0.0,0.0,0.0,0.0
AB_context,2,25,0.12459947714575478,0.0,0.11671615412591117,0.1245506554511118
AB_context,2,50,0.124606706858449,0.00892549135360856,0.15846862113069668,0.12457564337192134
AB_context,2,75,0.12460678636882243,0.018378229709430417,0.17026583544921892,0.12457454914268608
AB_context,2,100,0.12460880620360412,0.03116151241993208,0.1704056585032,0.12457044480124492
AB_context,2,125,0.12461271328087437,0.018261879859624144,0.18032158614608002,0.12456008575233882
AB_context,2,150,0.12460543861386247,0.025102849811510366,0.1756369662649832,0.1245752320799394
AB_context,2,175,0.12460959858630456,0.02963888984374882,0.1746519332122823,0.12456814314608057
AB_context,2,200,0.12461166580238518,0.0211486146024844,0.17930088797156,0.12456270919134574
AB_context,2,225,0.12461233006751048,0.025420096301578158,0.17772598323690178,0.12456204721388334
AB_context,2,250,0.12461117408497174,0.034571197785223856,0.17344696122814746,0.12456573808728653
AB_context,2,275,0.12461230843265733,0.03248973631220548,0.1753880723353575,0.12456305401646224
AB_context,2,300,0.12460957289242248,0.03705019781635961,0.17319760095052686,0.12456863628741711
AB_context,2,325,0.12461188873808908,0.030025689641405593,0.17659311487004628,0.12456345417462267
AB_context,2,350,0.12461099098438878,0.022773440658276786,0.17890058719398855,0.12456421777505759
AB_context,2,375,0.12461211898839332,0.025982989027110735,0.17770499166774834,0.12456249037789459
AB_context,2,400,0.12460660118127888,0.03342629106899126,0.17295437761772844,0.12457399597925725
AB_context,3,0,0.0,0.0,0.0,0.0
AB_context,3,25,0.12459858949597791,0.00522596834877814,0.12159129960473383,0.12454956218994662
AB_context,3,50,0.12460554867283029,0.019346973508689934,0.1602029552185854,0.1245774680764014
AB_context,3,75,0.1246126765410986,0.015791967531637,0.17562854520488752,0.12456132546075876
AB_context,3,100,0.12460905405410892,0.016174061736340485,0.17821585368879272,0.1245676380580453
AB_context,3,125,0.12461195619415286,0.03613366190987542,0.17155484321652117,0.12456479581204694
AB_context,3,150,0.12461118560313289,0.028869129534286393,0.17644743053649933,0.12456471848158306
AB_context,3,175,0.12460144012457373,0.033029017372551976,0.17203086036038287,0.12458286217999001
AB_context,3,200,0.12461063796938542,0.028749836725401615,0.17562231229848643,0.1245659514946091
AB_context,3,225,0.12461261202553532,0.023376267069546038,0.17913291272403264,0.12456096678288767
AB_context,3,250,0.1246071460950284,0.030981753372824335,0.17434346127101594,0.12457264479705221
AB_context,3,275,0.1246114642938679,0.025756201956441894,0.17777769079319605,0.12456368863402477
AB_context,3,300,0.12461253216344018,0.017269486777595457,0.18158280284599285,0.12456009017051925
AB_context,3,325,0.12460612666209495,0.029512853344001895,0.17403349554534253,0.12457456065431632
AB_context,3,350,0.12460525108002732,0.048166253319607,0.16559168566352173,0.12457755517938399
AB_context,3,375,0.12460862340094479,0.03052247428351923,0.1761320412071254,0.12456941584157662
AB_context,3,400,0.12460195580017228,0.05162715070927236,0.1640452412569308,0.12458338842218575
AB_context,4,0,0.0,0.0,0.0,0.0
AB_context,4,25,0.12459915731735566,0.0023159165374336665,0.12204608319919161,0.12454920902838412
AB_context,4,50,0.12461119325836201,0.0023431845788132524,0.16487540047620003,0.12456620825026174
AB_context,4,75,0.1246061993073763,0.01417576878407001,0.17296116538984785,0.12457400136588494
AB_context,4,100,0.12460690191115496,0.018225275116836095,0.17642770889916204,0.12457307383877142
AB_context,4,125,0.12460689804664042,0.034836545391509814,0.17115884406219445,0.12457462915473075
AB_context,4,150,0.12460262856497123,0.04076098631362398,0.16805738408863335,0.12458156372416453
AB_context,4,175,0.12460318199836026,0.03537137880754746,0.17190530099182388,0.12458017845484867
AB_context,4,200,0.12460435082454299,0.0412240780125424,0.16965685442069875,0.12457930896396069
AB_context,4,225,0.12461124922467263,0.03396288961389384,0.17519209716964676,0.12456503046745256
AB_context,4,250,0.12460040847346056,0.04562984033151125,0.16689603264824537,0.12458664344750124
AB_context,4,275,0.1246116099075986,0.036375178853785176,0.17412577212763616,0.12456478236018986
AB_context,4,300,0.1246078403403679,0.02713781086792699,0.17707905419246384,0.12457059237032785
AB_context,4,325,0.12461095058225838,0.02415365874828071,0.17843506145610377,0.12456439670055675
AB_context,4,350,0.12461070027398523,0.024891463060483617,0.17744600406709649,0.12456522042228771
AB_context,4,375,0.12460825673752995,0.026191801912285245,0.17634329425982798,0.12456997406547765
AB_context,4,400,0.12460329010730993,0.036474445143097924,0.17136731580611175,0.12458006117196041
AB_context,5,0,0.0,0.0,0.0,0.0
AB_context,5,25,0.12460302722948592,0.0,0.14067065443108945,0.12453525431563878
AB_context,5,50,0.12460721730733236,0.007722084337532167,0.1706973652572374,0.12457221016273258
AB_context,5,75,0.12461202663968296,0.012616717118543,0.17758071928509936,0.12456198765483575
AB_context,5,100,0.12460736476384293,0.016510149406933922,0.17742984702655432,0.12457090683536515
AB_context,5,125,0.12460303675594508,0.025020307020739468,0.17396733623527025,0.12457992566528471
AB_context,5,150,0.12460588121010925,0.036953330998977574,0.16992553149051418,0.12457585455389353
AB_context,5,175,0.12460928984016198,0.0405733813041712,0.170220602383531,0.1245699330145278
AB_context,5,200,0.12460783710736217,0.05393707672125312,0.16389232041364343,0.12457383280434547
AB_context,5,225,0.12461208316644201,0.03195055861331865,0.17679887629365573,0.12456307454970905
AB_context,5,250,0.12460914777204742,0.03923538567422804,0.17191805605162225,0.12456981298996762
AB_context,5,275,0.12460975956771629,0.04612819448409977,0.16892932620681128,0.12456954063139172
AB_context,5,300,0.12461174258928404,0.03655487300691444,0.17490051848628316,0.12456433785552247
AB_context,5,325,0.12460760788900588,0.029554631679931345,0.17701029240361485,0.12457107233800165
AB_context,5,350,0.12460608001515791,0.034195819735304424,0.17329720130539364,0.12457483869135699
AB_context,5,375,0.12461282354723398,0.020052495445769734,0.18108110250053364,0.12455973473392305
AB_context,5,400,0.12461107770546197,0.03612764387051463,0.1729269999920365,0.12456603605068774
AB_context,6,0,0.0,0.0,0.0,0.0
AB_context,6,25,0.12459194608036007,0.011919975004150938,0.09876151258685877,0.12456505133787207
AB_context,6,50,0.12460593439567938,0.013748665280504396,0.14780882396044134,0.12457895127586584
AB_context,6,75,0.1246110545038244,0.0043920487119993796,0.17585729042747997,0.1245638129671788
AB_context,6,100,0.12461190488957445,0.003660929022984234,0.18208689694139224,0.12456046614195794
AB_context,6,125,0.12461019060109431,0.023092372515529053,0.17557836968984722,0.12456648141653626
AB_context,6,150,0.12460106475166509,0.040728306520685056,0.16675371052356808,0.12458524738491908
AB_context,6,175,0.12460816668486943,0.0458523139126478,0.16761151673336736,0.12457240789181354
AB_context,6,200,0.12460623430463245,0.04107217816148136,0.17092149842634305,0.12457594979130168
AB_context,6,225,0.12460916420129778,0.03202713107985595,0.17560446184484388,0.1245686791969205
AB_context,6,250,0.1246121400223678,0.036450175087287144,0.17368530055872566,0.12456397873540251
AB_context,6,275,0.12461132764749523,0.03526782765506258,0.17514595155196727,0.12456492534969428
AB_context,6,300,0.12461041379767633,0.02561910553252816,0.17821427331135303,0.12456559157201107
AB_context,6,325,0.12461184596200695,0.027955313466566885,0.1770795939156568,0.12456327468638245
AB_context,6,350,0.12461258707172446,0.01387843695043797,0.18300228416796638,0.12455932831427534
AB_context,6,375,0.12460859539280268,0.0278367619385392,0.17468517663290553,0.12456985037542068
AB_context,6,400,0.12461257861113037,0.018762657943933107,0.1803620789063447,0.12456043768120123
AB_context,7,0,0.0,0.0,0.0,0.0
AB_context,7,25,0.1245952497025541,0.01099957203668728,0.11396239954091228,0.12455650586319424
AB_context,7,50,0.12460712339326802,0.011066594203148318,0.16019479475928852,0.12457456383599307
AB_context,7,75,0.12461051427959752,0.00959095199077841,0.1758112927256976,0.12456516963496683
AB_context,7,100,0.12461229735076099,0.00922246959098472,0.18100399705585382,0.12456027460444181
AB_context,7,125,0.12460068535733815,0.05011617458669682,0.16028648473602697,0.124585545626066
AB_context,7,150,0.1246087582768803,0.04466526323742034,0.16848350004924526,0.12457114691968879
AB_context,7,175,0.12461250638734844,0.03602637833451124,0.1746733491173015,0.12456299432261292
AB_context,7,200,0.1246049127633534,0.04042178540516867,0.17014854439344876,0.12457747273851684
AB_context,7,225,0.12460963138283002,0.026195831723944695,0.17791552076423234,0.12456698762225814
AB_context,7,250,0.12460861970575435,0.023873074836849008,0.17839504273806972,0.1245686288547824
AB_context,7,275,0.12460237336112488,0.04434829474878674,0.16681709371931674,0.12458242035822241
AB_context,7,300,0.12461040494171702,0.0391491157510862,0.17163956148829027,0.12456770202458514
AB_context,7,325,0.12461307503128649,0.03127977869741642,0.17710800587058342,0.12456095683286862
AB_context,7,350,0.1245971758338997,0.04794414469342005,0.16450119220838041,0.12459188125747042
AB_context,7,375,0.12461248671473575,0.027308907920325913,0.178066356062712,0.12456169477618002
AB_context,7,400,0.12461242743797239,0.014476047964470228,0.1827147060763829,0.12455982732218397
AB_context,8,0,0.0,0.0,0.0,0.0
AB_context,8,25,0.12460246297012499,0.0,0.12812777164015407,0.12454226444592638
AB_context,8,50,0.12461247467342422,0.001791367285833019,0.16760694921597605,0.12456310907327038
AB_context,8,75,0.12461058442464365,0.011572040756126162,0.17536595494750848,0.12456530131559539
AB_context,8,100,0.12461099281327824,0.007505923263965504,0.1812559973014082,0.12456272777420191
AB_context,8,125,0.12461241818798907,0.01395117022248718,0.18035426824464346,0.12456051075191782
AB_context,8,150,0.12460835725279905,0.02100600570537002,0.17714985815956122,0.12456940567712364
AB_context,8,175,0.12459911290873396,0.04126672340062316,0.16601958355478377,0.12458763847347172
AB_context,8,200,0.12461114548585081,0.029202807919607807,0.17605994095242303,0.12456480634749327
AB_context,8,225,0.12461174149872942,0.026810508780600716,0.1770838925551389,0.12456347187122944
AB_context,8,250,0.12459910319013238,0.047615539744360634,0.1646665250750644,0.12458839596784521
AB_context,8,275,0.12461230836068514,0.03237019866275371,0.17575743157713125,0.12456290833787752
AB_context,8,300,0.1246128670671726,0.03529151706063251,0.17470230570360798,0.12456226178727876
AB_context,8,325,0.12460103050926086,0.04901879847194992,0.1659704238525266,0.12458450832493095
AB_context,8,350,0.12460692925527463,0.04105282869406378,0.17152768193806442,0.12457456326565582
AB_context,8,375,0.12460778208380975,0.0409971632744531,0.1706008508121477,0.12457249021593549
AB_context,8,400,0.12460441325845051,0.046281805446045834,0.1675386740296695,0.12457872548363763
AB_context,9,0,0.0,0.0,0.0,0.0
AB_context,9,25,0.12460237800264269,0.0,0.14027231030112275,0.12453636700515276
AB_context,9,50,0.12461000694576459,0.009157902163045467,0.16869424125136917,0.12456772755586545
AB_context,9,75,0.12461083722737232,0.015272114653204263,0.17550900132599986,0.1245650185592317
AB_context,9,100,0.12460703188920265,0.021620446914290326,0.17552102607983452,0.1245722944454209
AB_context,9,125,0.12460859005637528,0.031095674464691296,0.1723449193895041,0.12457046806680422
AB_context,9,150,0.12459445361319978,0.0524076927821387,0.1602494493814136,0.12459507518332472
AB_context,9,175,0.12460719253535546,0.04690849407523522,0.16758725912142758,0.12457409754730839
AB_context,9,200,0.12460001603068624,0.057494029925401896,0.16219242629260863,0.12458728965172945
AB_context,9,225,0.12460883866216488,0.045824494480318244,0.16986537408794472,0.12457091196213743
AB_context,9,250,0.12460803590459549,0.042670525876352186,0.17057005880729023,0.12457215547280731
AB_context,9,275,0.12461126327929149,0.03791882666976733,0.17332755605638864,0.12456577118389536
AB_context,9,300,0.12460799469485058,0.037823828720454214,0.17237615476863344,0.12457166889600613
AB_context,9,325,0.12460821182992761,0.035388329679227726,0.17384708728297613,0.12457085730543
AB_context,9,350,0.12460443606828445,0.03254373403575527,0.1739922539667867,0.1245783841476348
AB_context,9,375,0.12461042941879215,0.025722963807627106,0.1780450655646103,0.12456547697807432
AB_context,9,400,0.1246094525449082,0.020261447808343325,0.1795319587564154,0.12456669878039832
AB_context,10,0,0.0,0.0,0.0,0.0
AB_context,10,25,0.12459370657013853,0.0085552753183935,0.11143489646774013,0.1245598358483641
AB_context,10,50,0.12461188854688504,0.0002152978142003873,0.16530287443787872,0.12456473325623997
AB_context,10,75,0.12460367187003413,0.02265140322515967,0.16860781312066248,0.12458046811549019
AB_context,10,100,0.12460637965346726,0.036056705543795156,0.16764336269178842,0.12457522536941727
AB_context,10,125,0.12460931023755516,0.03519603898790391,0.17166585718787666,0.12456946535762078
AB_context,10,150,0.12460926967746488,0.028872746144158367,0.1760146327072411,0.12456827343148304
AB_context,10,175,0.12461262002900314,0.013121878867505246,0.18336291587106376,0.1245590703801008
AB_context,10,200,0.1246123477712662,0.00790629062245363,0.18407840999617692,0.12455918081836324
AB_context,10,225,0.12461159921417474,0.027110218494427903,0.17504816582503344,0.12456429802041684
AB_context,10,250,0.1246026731984169,0.04109969957291817,0.167835405269485,0.12458156517002589
AB_context,10,275,0.1246068158306688,0.053784454441355205,0.16317476644815063,0.12457558264152563
AB_context,10,300,0.12460976573858876,0.03370467281136795,0.17512579160140415,0.12456784155909296
AB_context,10,325,0.12461220772362977,0.02557537364970454,0.1790446302589514,0.12456190176807114
AB_context,10,350,0.12461270425727615,0.027933232639883288,0.17743926712258987,0.12456151283906584
AB_context,10,375,0.12460748732092473,0.03452773628224958,0.1740001164262201,0.12457210585405108
AB_context,10,400,0.1246099806510698,0.03644271013755637,0.17259319904437206,0.12456817694930557
AB_context,11,0,0.0,0.0,0.0,0.0
AB_context,11,25,0.12459686263780316,0.007461508929497455,0.1211944569219445,0.12455195025081936
AB_context,11,50,0.12460709186739553,0.007605729681292918,0.1654478694950666,0.12457356344885664
AB_context,11,75,0.12460253096039982,0.023582610616908313,0.16872877312007079,0.12458162148463572
AB_context,11,100,0.12460769489562963,0.0197358248984289,0.1760260507621037,0.12457079697143468
AB_context,11,125,0.12461169073834907,0.020645800735546775,0.1780823051949195,0.12456295278991607
AB_context,11,150,0.12460552776858273,0.040762774787687014,0.16834768646510329,0.12457682424493773
AB_context,11,175,0.12460982474057088,0.0359441858578491,0.17315262669968307,0.12456818760733877
AB_context,11,200,0.12461285069213984,0.020785145397284176,0.18111846081511526,0.12455970447389379
AB_context,11,225,0.12460951010121223,0.038635868141539687,0.17130956258479138,0.12456937184920598
AB_context,11,250,0.12460937181571145,0.042468054454160936,0.1699678504621165,0.12456998418977089
AB_context,11,275,0.12460844166521733,0.036934855330110275,0.17355839898387768,0.12457052330642698
AB_context,11,300,0.12461037870511174,0.024167109878259523,0.1791897014226554,0.12456522353751628
AB_context,11,325,0.12460840512554779,0.020706978790163415,0.17905276649264493,0.12456881338010793
AB_context,11,350,0.12461249089868368,0.019703504156828953,0.18005509236212464,0.12456076757821385
AB_context,11,375,0.12460329825411079,0.041746590137888145,0.16792042892399053,0.12458051390888138
AB_context,11,400,0.12461097302029987,0.04269222732438533,0.16975222753015107,0.1245672665759057
BA_context,0,0,0.0,0.0,0.0,0.0
BA_context,0,25,0.12454893595246885,0.12741011190534354,0.008147099002463715,0.12459748943618179
BA_context,0,50,0.12456162751418814,0.17270859107129696,0.0,0.12461241302497512
BA_context,0,75,0.12457758803250597,0.17541358386446784,0.015320712922211703,0.12460386781300374
BA_context,0,100,0.12457071356212147,0.17121826878719404,0.03125615380878499,0.1246085749553229
BA_context,0,125,0.12457528853622105,0.16900538777017463,0.0414854311973384,0.12460678721828419
BA_context,0,150,0.12457293466424557,0.17243778534129756,0.037364801568869656,0.12460724044995368
BA_context,0,175,0.12456034369859603,0.17929735594426477,0.02573525556001597,0.12461293402171991
BA_context,0,200,0.12456736875208631,0.17205852147681525,0.039110969646103944,0.12461052580585477
BA_context,0,225,0.12456610291810304,0.1767892849666377,0.029982119077788128,0.12461037819222591
BA_context,0,250,0.12457482326931259,0.17435876824060292,0.030934281806291684,0.12460582735737234
BA_context,0,275,0.12457187509925335,0.17405366639763517,0.030764191781471786,0.12460756163434684
BA_context,0,300,0.1245692837725321,0.17039754795582068,0.03935293513647358,0.12460970108883157
BA_context,0,325,0.12456230253494413,0.1770967678725984,0.02909059025617915,0.12461237287890008
BA_context,0,350,0.12457802620042455,0.16521479485238372,0.050082964064675134,0.12460505122526973
BA_context,0,375,0.12456074618733026,0.177483002806982,0.03131701342831717,0.12461312052095269
BA_context,0,400,0.12456606989533385,0.17680132232135085,0.0288013125432662,0.12461045341067702
BA_context,1,0,0.0,0.0,0.0,0.0
BA_context,1,25,0.12454225270343375,0.12911031087972408,0.0,0.12460191889768915
BA_context,1,50,0.12456488916630604,0.16498539256988606,0.0031142726097174965,0.1246119279865803
BA_context,1,75,0.12455991549241104,0.17987088144882826,0.0017408532675015687,0.12461236826576456
BA_context,1,100,0.12458838653232339,0.1679679176176923,0.03125259587208142,0.12459931896443066
BA_context,1,125,0.12456745415191937,0.1760076010275633,0.025070772969151132,0.12460959779490574
BA_context,1,150,0.12456133938672766,0.17883105366324298,0.022187131695098592,0.12461244888319807
BA_context,1,175,0.12457048139671846,0.17238912979314006,0.03653098211884861,0.12460860364184682
BA_context,1,200,0.12457936617720235,0.16232681073185232,0.05645874638662119,0.12460495130742415
BA_context,1,225,0.12457474639794752,0.17218797756345072,0.040369356761289915,0.1246062449570459
BA_context,1,250,0.12456310545539544,0.17935151158914173,0.025090159083178548,0.12461152261369444
BA_context,1,275,0.1245707155477028,0.17912792929303387,0.02102243464930663,0.12460740160919302
BA_context,1,300,0.12456505201352543,0.1802672226975,0.017376233647256704,0.12461016882098688
BA_context,1,325,0.12455945640817218,0.18256699457604308,0.012833291533249408,0.12461255899158434
BA_context,1,350,0.12458015285371854,0.1693574112262038,0.03785584917416137,0.12460393296173143
BA_context,1,375,0.12457373995678586,0.17418067581773677,0.03154648319597657,0.12460653008465318
BA_context,1,400,0.12458465859163151,0.16775003988126078,0.04453133276072075,0.12460148503060833
BA_context,2,0,0.0,0.0,0.0,0.0
BA_context,2,25,0.12454176416966131,0.12897383811686566,0.0,0.12460251769264948
BA_context,2,50,0.12457522682811047,0.1553847046467315,0.018006303588032055,0.12460745295218838
BA_context,2,75,0.12456317287311076,0.1758002897228212,0.01061183385375613,0.1246115785258506
BA_context,2,100,0.12456368385499411,0.1811224577766488,0.007399859798885926,0.12461050709729984
BA_context,2,125,0.12457334130269483,0.1762404973927709,0.021317303002471748,0.12460687040355578
BA_context,2,150,0.12457729016145332,0.17039167269776795,0.035527159359177794,0.12460498823022141
BA_context,2,175,0.12456420537248715,0.17475851667555314,0.032213017335202446,0.12461176391215259
BA_context,2,200,0.12457107798404865,0.1691765746670604,0.04527469571474508,0.12460873593693611
BA_context,2,225,0.12456307074074102,0.17258258625834264,0.041322202356170734,0.12461286727526563
BA_context,2,250,0.1245739815106673,0.1737968425089113,0.037191002575656315,0.1246069901522922
BA_context,2,275,0.12457111300146086,0.16908705307585997,0.04579302290118615,0.12460881135908496
BA_context,2,300,0.12457812213166905,0.17265845559264206,0.03738200739800533,0.12460416862519402
BA_context,2,325,0.12456613125631207,0.1767879482404721,0.029447983690356266,0.12461035643143155
BA_context,2,350,0.1245610335636322,0.17879917511915538,0.0248555600920746,0.1246126766782346
BA_context,2,375,0.12455961474588548,0.18298547115581293,0.013198005013556455,0.12461245079646542
BA_context,2,400,0.1245718437180322,0.177938041795805,0.02067193308159541,0.12460697517302535
BA_context,3,0,0.0,0.0,0.0,0.0
BA_context,3,25,0.12455159566999238,0.10932909369919996,0.0,0.12460047099630546
BA_context,3,50,0.12456479767271154,0.1615547496895437,0.002730078668188253,0.12461244732983659
BA_context,3,75,0.12457265817236285,0.16503988617633147,0.02708863073166486,0.12460805888536637
BA_context,3,100,0.1245734956006834,0.16410937025541336,0.04402164029155333,0.12460791848499947
BA_context,3,125,0.12456267398589684,0.17269927163453666,0.03777223756619318,0.12461294377456889
BA_context,3,150,0.12458810499928766,0.1658255142791919,0.04746047396539045,0.1245991783865251
BA_context,3,175,0.12458090376472798,0.1601622000283725,0.06101103556284898,0.1246035841251115
BA_context,3,200,0.12455942735947122,0.181518226492452,0.02304854453757899,0.1246129710476699
BA_context,3,225,0.12456023043946472,0.18306065211254186,0.013433548101322848,0.12461216949396332
BA_context,3,250,0.12456580550516329,0.17634858685761423,0.025456492448877453,0.12461056772374804
BA_context,3,275,0.12455928839150436,0.1829729759727781,0.012328010408689999,0.12461256106809702
BA_context,3,300,0.12457608659581194,0.17408574966487958,0.027678107113161068,0.12460518981275139
BA_context,3,325,0.1245599913878609,0.18079799375225264,0.01768753647517073,0.124612687419509
BA_context,3,350,0.12456984103790533,0.17652939405332685,0.02395800277468455,0.12460830968984117
BA_context,3,375,0.12457040706104497,0.18016611559607418,0.01548115298800422,0.12460730110163862
BA_context,3,400,0.12456088641716773,0.17925746591713634,0.02069267084957552,0.12461255932275521
BA_context,4,0,0.0,0.0,0.0,0.0
BA_context,4,25,0.12456026932554548,0.11324754350972747,0.009984459309696332,0.1245926768667512
BA_context,4,50,0.1245780567311545,0.14875950959595233,0.021888059474110554,0.12460654782336239
BA_context,4,75,0.12456193814509697,0.17467122724143544,0.010825344825254634,0.12461236891491091
BA_context,4,100,0.12459004902816742,0.17050902687989034,0.025228873531792727,0.1245979872564448
BA_context,4,125,0.1245725973992033,0.17295808852724165,0.029315334175540123,0.12460722102409066
BA_context,4,150,0.12456346787335301,0.17800993800403694,0.02380622898545603,0.12461148347018416
BA_context,4,175,0.12457765577475774,0.1751077778026978,0.02725053844893515,0.12460408986283382
BA_context,4,200,0.12456827403291064,0.17448986246894277,0.03078234527573076,0.1246095067678412
BA_context,4,225,0.12456616908157062,0.1706062395568136,0.042537231871693955,0.12461138993577217
BA_context,4,250,0.12457257846593914,0.17870650583317624,0.024049247232715718,0.12460701667127617
BA_context,4,275,0.12457391535719924,0.17169128773707473,0.03453075942623673,0.12460673388124957
BA_context,4,300,0.12456332636038882,0.17883519642203058,0.022802329987830626,0.12461142835151559
BA_context,4,325,0.12456736055624212,0.17668863296447754,0.027261887217272084,0.12460962216723923
BA_context,4,350,0.12456045598314353,0.18100040629281774,0.018424080339202432,0.12461247350179634
BA_context,4,375,0.12456690729344991,0.17298566783245467,0.03514297672588121,0.12461058884090238
BA_context,4,400,0.12456251670323858,0.17576882685075887,0.03199231484729495,0.12461251790391606
BA_context,5,0,0.0,0.0,0.0,0.0
BA_context,5,25,0.12457044657200327,0.09763077093522181,0.019307162937483968,0.12458723485539464
BA_context,5,50,0.1245770547119928,0.15571546559640984,0.00855456725818024,0.12460663587880624
BA_context,5,75,0.12456093593224407,0.17587267507163623,0.006959201258822905,0.12461257022485822
BA_context,5,100,0.12456544020851303,0.174793567319106,0.020826130363232002,0.12461084583795434
BA_context,5,125,0.12457379166401279,0.16804896600258315,0.03958767055186355,0.12460725500848563
BA_context,5,150,0.12456004632961647,0.18094491008568245,0.018617308534510373,0.12461266372355789
BA_context,5,175,0.1245670527827549,0.17954681113402637,0.018170525565265886,0.1246092419409109
BA_context,5,200,0.12457458710900952,0.17518279176127924,0.027231407772266337,0.12460643785018435
BA_context,5,225,0.12456768364012943,0.1756129754009053,0.02733717986858184,0.12460967407508311
BA_context,5,250,0.12457542354986356,0.16810628870186406,0.04124447879623156,0.12460635695255116
BA_context,5,275,0.12458829953404395,0.15865538289122066,0.06087366083744024,0.12459953335417277
BA_context,5,300,0.12455979847090838,0.17994477164737877,0.026457232783217422,0.12461309719195393
BA_context,5,325,0.12458084372881893,0.1701362368990391,0.04008496513925668,0.12460288649686758
BA_context,5,350,0.12455970400981344,0.18074231580325145,0.021909178724851444,0.12461292348337578
BA_context,5,375,0.12456607408547986,0.17804706981890653,0.02387450324028497,0.12461013846366054
BA_context,5,400,0.12457334845009528,0.1751788824412198,0.027462611584101952,0.12460652997946807
BA_context,6,0,0.0,0.0,0.0,0.0
BA_context,6,25,0.12455644944319179,0.11488402442360601,0.008554362336786803,0.12459543079471685
BA_context,6,50,0.12456572029629866,0.16614366713633877,0.002581221784110197,0.12461127064069275
BA_context,6,75,0.12455921387900493,0.1827454520469645,0.0,0.1246122246405993
BA_context,6,100,0.12456728368582301,0.1721637955553628,0.028250711781570566,0.12461036102353913
BA_context,6,125,0.12456672849448365,0.17370866343544103,0.030944856785540747,0.12461050556622362
BA_context,6,150,0.12457515993499552,0.1749136368268245,0.029019582663740374,0.12460559028248075
BA_context,6,175,0.12458569009519836,0.1665825301533704,0.04525993686288196,0.12460098935183148
BA_context,6,200,0.12457411273970406,0.1721650679590584,0.03855015761750517,0.12460708597737086
BA_context,6,225,0.12456123768765094,0.1769394453152041,0.03151462519126615,0.12461297240883902
BA_context,6,250,0.12456549379384253,0.1761277585591537,0.031484581292515336,0.12461086293630988
BA_context,6,275,0.12456676365207887,0.17913773221211474,0.02277577769078013,0.12460952520205185
BA_context,6,300,0.12458499004195697,0.16894354230470762,0.04117702754241866,0.12460125603318653
BA_context,6,325,0.12457772466037995,0.1688885224282837,0.043719551429635524,0.1246048462829309
BA_context,6,350,0.12456494211074196,0.17615736070684426,0.03179937843564808,0.12461113640766869
BA_context,6,375,0.12456079600687874,0.17938870894941653,0.02473692970893496,0.12461269935932746
BA_context,6,400,0.12457326376005218,0.17692998471737284,0.026051100173279874,0.12460692314016855
BA_context,7,0,0.0,0.0,0.0,0.0
BA_context,7,25,0.1245508982614917,0.12131584270702309,0.007608943157268019,0.12459755536256112
BA_context,7,50,0.12457364403469144,0.16119247119175584,0.016730242101030832,0.124607709376582
BA_context,7,75,0.12457587507055487,0.16449124275464816,0.03474785050601706,0.12460631808165844
BA_context,7,100,0.12457295395071766,0.17110516485898505,0.03369598508462585,0.12460728809317123
BA_context,7,125,0.12458115803249578,0.16869435807733946,0.041222679656033406,0.12460333156552662
BA_context,7,150,0.12456852254476374,0.1764336772237927,0.02804732668783523,0.12460907221367265
BA_context,7,175,0.12457483967799213,0.17200353382925307,0.03676931172403326,0.12460611610587437
BA_context,7,200,0.12456015470465741,0.17935477387702367,0.02513548217040522,0.12461299143709191
BA_context,7,225,0.12458188722938092,0.17251154916914974,0.03408196072724358,0.12460254175017886
BA_context,7,250,0.12459013067645988,0.1612288755732514,0.054834716147446616,0.12459836850222246
BA_context,7,275,0.12459446456182105,0.16075923852938603,0.056778203745692056,0.12459552525127432
BA_context,7,300,0.12457618943014206,0.1714375029889254,0.04082420666657037,0.12460602315944644
BA_context,7,325,0.12456921593448345,0.17734790030442502,0.027785954321326908,0.1246085439845196
BA_context,7,350,0.12456543728561474,0.17932424346964765,0.0213411959117402,0.12461020749068705
BA_context,7,375,0.12458789484831656,0.1686080445262126,0.03707664954795332,0.1245992592950691
BA_context,7,400,0.1245600417606431,0.18106596598101016,0.01741247624235941,0.12461262027619195
BA_context,8,0,0.0,0.0,0.0,0.0
BA_context,8,25,0.12454843207837482,0.11541902440024646,0.0,0.12460128101515133
BA_context,8,50,0.12456262898727617,0.16952256575595354,0.0,0.12461235706123058
BA_context,8,75,0.12456377249337248,0.17568552678222613,0.014018389169779082,0.1246114321412608
BA_context,8,100,0.12457328447326568,0.17695315777177212,0.01693602647071519,0.12460621813769018
BA_context,8,125,0.12456492758202146,0.17658639388592526,0.02363645253558997,0.12461090656691826
BA_context,8,150,0.1245602051471797,0.17908947067750214,0.023048684282848803,0.12461294412884553
BA_context,8,175,0.12457897940822572,0.172008471057598,0.03372498953701413,0.12460439923636493
BA_context,8,200,0.12456438035019926,0.1706536953581419,0.04120665185782125,0.12461242908591863
BA_context,8,225,0.12456130907862406,0.17958601195620835,0.024535126829879943,0.12461240247664992
BA_context,8,250,0.1245647577759709,0.1815329861074086,0.01535734825488857,0.1246100998653355
BA_context,8,275,0.12458527282218855,0.1657563715205385,0.04292364473919657,0.12460045928731997
BA_context,8,300,0.12457483309268214,0.17021842325045602,0.041191848122411036,0.12460690199733583
BA_context,8,325,0.12457468876875157,0.16800545683627235,0.04562517172114218,0.12460677992864547
BA_context,8,350,0.12456006831076609,0.1789884842857905,0.028020108756500982,0.1246131423238378
BA_context,8,375,0.12456464902670186,0.1758242523087035,0.03125555957935169,0.12461141176367563
BA_context,8,400,0.12456757926293832,0.1724791890894649,0.03769482004159859,0.12461033312018507
BA_context,9,0,0.0,0.0,0.0,0.0
BA_context,9,25,0.12454341914470649,0.1276382526837965,0.0,0.12460163031363225
BA_context,9,50,0.12457546482665954,0.16096971600006638,0.012855397110957683,0.12460663089281761
BA_context,9,75,0.12456319461678951,0.17566548281565786,0.012591795653362787,0.12461163760056466
BA_context,9,100,0.12457396132645479,0.17233112404584608,0.02654018426646786,0.12460645553413703
BA_context,9,125,0.1245593124732297,0.18247855371820582,0.011646059051154385,0.12461258635739539
BA_context,9,150,0.12456405017728804,0.17982614870969102,0.017166941406157644,0.12461076900021326
BA_context,9,175,0.1245637064823581,0.17958946659509342,0.016986286659077438,0.12461102666716553
BA_context,9,200,0.12457096486525747,0.1779028160799986,0.02096086316308175,0.1246074103754182
BA_context,9,225,0.12456162167167151,0.17517122178639283,0.03164627372941933,0.12461301472203837
BA_context,9,250,0.12456145705313335,0.17696682445759182,0.02963785648954266,0.12461282481093941
BA_context,9,275,0.1245701820941301,0.17541575470745802,0.03138416841633432,0.12460833226930475
BA_context,9,300,0.12456126888803269,0.17905790982912206,0.02463270890779383,0.12461251092701302
BA_context,9,325,0.12458345012009378,0.16833692114874682,0.04106132981034304,0.12460139904433777
BA_context,9,350,0.12456108789958863,0.17652498056937854,0.031340215798665715,0.12461308497855478
BA_context,9,375,0.12456199206152409,0.17668500669412057,0.03059411223431915,0.12461263227464281
BA_context,9,400,0.12457368079262963,0.16771117008909994,0.04747325245870884,0.12460742587346561
BA_context,10,0,0.0,0.0,0.0,0.0
BA_context,10,25,0.1245520950122554,0.12003841636675087,0.00405099569739948,0.12459728170245772
BA_context,10,50,0.12457034132469459,0.16309777922027804,0.005987041893163548,0.12460915224902654
BA_context,10,75,0.12456310607317252,0.17352778771757774,0.015125413106361599,0.12461206685802824
BA_context,10,100,0.12456683703364071,0.1760176887890187,0.020014308960637748,0.12460988310588018
BA_context,10,125,0.12456302708430361,0.1750160930308168,0.02876910843004191,0.12461227211070852
BA_context,10,150,0.12456393498456876,0.17979832568088255,0.01993848120026895,0.12461088671770451
BA_context,10,175,0.12456008156160986,0.18152066845976517,0.015592650383663606,0.12461250905947505
BA_context,10,200,0.12456831131160476,0.1747356087383796,0.029801672560234752,0.1246094365249528
BA_context,10,225,0.12457381964487627,0.17439683240762466,0.03172510549895775,0.12460696560225869
BA_context,10,250,0.12458013005842912,0.1645013399536747,0.05077506169860086,0.12460385487413723
BA_context,10,275,0.12455926247981075,0.18232906876441918,0.01849999135900327,0.12461281534955429
BA_context,10,300,0.12456018624892949,0.18221749532162576,0.014985340405028361,0.12461234780905062
BA_context,10,325,0.12457685241528502,0.17148074186934306,0.03394687674591542,0.12460506933220564
BA_context,10,350,0.12457815169085644,0.16780038214375945,0.042898255297689425,0.12460475490021498
BA_context,10,375,0.12456357634535965,0.17486114743217498,0.03445094107842731,0.12461211260385764
BA_context,10,400,0.12456668203067603,0.17393088834865086,0.03675872034469431,0.12461056372379645
BA_context,11,0,0.0,0.0,0.0,0.0
BA_context,11,25,0.12454341494429938,0.1289916654526597,0.0,0.124601066896278
BA_context,11,50,0.12456738001002139,0.16268518109349672,0.010466346963573075,0.12461105773920866
BA_context,11,75,0.12456898882714999,0.17641408664954086,0.009433971225739647,0.12460831414948917
BA_context,11,100,0.12458896767907471,0.16934846382310703,0.02900507738596843,0.12459880030670208
BA_context,11,125,0.12457611673580107,0.16718475161729027,0.041826268033628274,0.12460601574822396
BA_context,11,150,0.12458323349397579,0.16403426939093635,0.05102504745837726,0.12460240124210314
BA_context,11,175,0.12457415170058206,0.1720280820017491,0.040303704481145994,0.12460707867989575
BA_context,11,200,0.12456124035635018,0.17994299859149826,0.02416867836625574,0.12461238297900225
BA_context,11,225,0.1245759440709845,0.1750553370822289,0.028560328157629974,0.1246051595877584
BA_context,11,250,0.12457634680448819,0.17464642855445786,0.028950817355226883,0.12460553522449054
BA_context,11,275,0.12455968330796004,0.1813693131467275,0.017650385401349337,0.12461274405592254
BA_context,11,300,0.12457484479311279,0.1741359942025256,0.02950002339082972,0.12460646981970656
BA_context,11,325,0.12456564388045188,0.17377245651450862,0.03419332541731448,0.12461112666100392
BA_context,11,350,0.12456880755933462,0.17303615153581714,0.035568622305221544,0.12460953597225634
BA_context,11,375,0.12457132586399912,0.17254063425642072,0.0363916226231938,0.12460818842540261
BA_context,11,400,0.12456143446775167,0.1766714358581598,0.031034317368383,0.12461290936285774
