analysis,condition,repetition,mean,sem,p_corrected,significant
rnn_percent_change_from_rep1,intact,1,0.0,0.0,1.0,False
rnn_percent_change_from_rep1,intact,2,-8.543452065263075,0.07842378048694126,0.0078125,True
rnn_percent_change_from_rep1,intact,3,-14.257641241914898,0.13091551220869557,0.0078125,True
rnn_percent_change_from_rep1,intact,4,-18.376758690694338,0.16875717461797876,0.0078125,True
rnn_percent_change_from_rep1,intact,5,-21.38757697568253,0.1963996120741644,0.0078125,True
rnn_percent_change_from_rep1,intact,6,-23.589683791546406,0.21658872305430535,0.0078125,True
rnn_percent_change_from_rep1,intact,7,-25.19659618558758,0.23128655794457417,0.0078125,True
rnn_percent_change_from_rep1,intact,8,-26.365256480431288,0.24193838271076482,0.0078125,True
rnn_percent_change_from_rep1,intact,9,-27.21155074128976,0.24961318238293045,0.0078125,True
rnn_percent_change_from_rep1,intact,10,-27.821022355118043,0.2551011211804255,0.0078125,True
rnn_percent_change_from_rep1,intact,11,-28.256755296392157,0.2589855440898979,0.0078125,True
rnn_percent_change_from_rep1,intact,12,-28.56522823434981,0.2616966092369162,0.0078125,True
rnn_percent_change_from_rep1,intact,13,-28.780657924581195,0.2635511966512195,0.0078125,True
rnn_percent_change_from_rep1,intact,14,-28.92821601210568,0.2647825386255878,0.0078125,True
rnn_percent_change_from_rep1,intact,15,-29.0264070300978,0.26556211264800617,0.0078125,True
rnn_suppression_index_vs_zero,intact,,0.2903258647387179,0.0026558054426339857,0.0078125,True
rnn_suppression_index_vs_intact,intact,,0.0,0.0,1.0,False
rnn_percent_change_from_rep1,no_depression,1,0.0,0.0,1.0,False
rnn_percent_change_from_rep1,no_depression,2,0.4376047047622261,0.007847061024430047,0.0078125,True
rnn_percent_change_from_rep1,no_depression,3,0.8409256695994821,0.015129262890436338,0.0078125,True
rnn_percent_change_from_rep1,no_depression,4,1.2120088979007848,0.021870479393404585,0.0078125,True
rnn_percent_change_from_rep1,no_depression,5,1.5528512948455004,0.028096506381480934,0.0078125,True
rnn_percent_change_from_rep1,no_depression,6,1.8654250661226586,0.03383443113533884,0.0078125,True
rnn_percent_change_from_rep1,no_depression,7,2.1516590085734366,0.039112146104210106,0.0078125,True
rnn_percent_change_from_rep1,no_depression,8,2.413423522133931,0.043957799202971604,0.0078125,True
rnn_percent_change_from_rep1,no_depression,9,2.652518766699646,0.04839943095191579,0.0078125,True
rnn_percent_change_from_rep1,no_depression,10,2.870665311423548,0.05246459009389192,0.0078125,True
rnn_percent_change_from_rep1,no_depression,11,3.069497837207649,0.05618011172992451,0.0078125,True
rnn_percent_change_from_rep1,no_depression,12,3.2505609007673266,0.0595718379106336,0.0078125,True
rnn_percent_change_from_rep1,no_depression,13,3.4153071883523594,0.06266451284628989,0.0078125,True
rnn_percent_change_from_rep1,no_depression,14,3.5650971863664616,0.06548161820491359,0.0078125,True
rnn_percent_change_from_rep1,no_depression,15,3.701199387677881,0.06804541119966245,0.0078125,True
rnn_suppression_index_vs_zero,no_depression,,-0.037024501503000885,0.0006804487757445924,0.0078125,True
rnn_suppression_index_vs_intact,no_depression,,-0.32735036624171887,0.0032822600488694163,0.0078125,True
rnn_percent_change_from_rep1,plasticity_frozen,1,0.0,0.0,1.0,False
rnn_percent_change_from_rep1,plasticity_frozen,2,-8.912085767820773,0.08033742630013954,0.0078125,True
rnn_percent_change_from_rep1,plasticity_frozen,3,-14.864465864379351,0.13403456781395184,0.0078125,True
rnn_percent_change_from_rep1,plasticity_frozen,4,-19.15183723406484,0.17271789399495419,0.0078125,True
rnn_percent_change_from_rep1,plasticity_frozen,5,-22.289982910158677,0.20103315673943203,0.0078125,True
rnn_percent_change_from_rep1,plasticity_frozen,6,-24.594400326083576,0.22182589250964624,0.0078125,True
rnn_percent_change_from_rep1,plasticity_frozen,7,-26.2876815341981,0.23710437439744825,0.0078125,True
rnn_percent_change_from_rep1,plasticity_frozen,8,-27.532060379649668,0.24833241253636576,0.0078125,True
rnn_percent_change_from_rep1,plasticity_frozen,9,-28.44656788782953,0.2565840197804498,0.0078125,True
rnn_percent_change_from_rep1,plasticity_frozen,10,-29.118653621671427,0.2626482549792976,0.0078125,True
rnn_percent_change_from_rep1,plasticity_frozen,11,-29.61257960001994,0.26710495331056444,0.0078125,True
rnn_percent_change_from_rep1,plasticity_frozen,12,-29.975573349605995,0.2703802490669145,0.0078125,True
rnn_percent_change_from_rep1,plasticity_frozen,13,-30.242343013912286,0.27278731408924883,0.0078125,True
rnn_percent_change_from_rep1,plasticity_frozen,14,-30.43839612621098,0.2745563030544335,0.0078125,True
rnn_percent_change_from_rep1,plasticity_frozen,15,-30.582478561527175,0.2758563601483278,0.0078125,True
rnn_suppression_index_vs_zero,plasticity_frozen,,0.3058766916592152,0.0027586512287951976,0.0078125,True
rnn_suppression_index_vs_intact,plasticity_frozen,,0.01555082692049728,0.00014121086690979296,0.0078125,True
rnn_percent_change_from_rep1,uniform_inhibition,1,0.0,0.0,1.0,False
rnn_percent_change_from_rep1,uniform_inhibition,2,-8.545122417360806,0.07839840280184741,0.0078125,True
rnn_percent_change_from_rep1,uniform_inhibition,3,-14.261396652104875,0.13088149886822867,0.0078125,True
rnn_percent_change_from_rep1,uniform_inhibition,4,-18.382654724021677,0.16872182613142517,0.0078125,True
rnn_percent_change_from_rep1,uniform_inhibition,5,-21.395076742667268,0.19636121786517893,0.0078125,True
rnn_percent_change_from_rep1,uniform_inhibition,6,-23.598026352743677,0.21654175779935553,0.0078125,True
rnn_percent_change_from_rep1,uniform_inhibition,7,-25.20503420397404,0.23122474381366365,0.0078125,True
rnn_percent_change_from_rep1,uniform_inhibition,8,-26.373156813545066,0.24185618608569967,0.0078125,True
rnn_percent_change_from_rep1,uniform_inhibition,9,-27.2184236845956,0.24950633234145417,0.0078125,True
rnn_percent_change_from_rep1,uniform_inhibition,10,-27.826514492394974,0.2549666632841352,0.0078125,True
rnn_percent_change_from_rep1,uniform_inhibition,11,-28.2606295776638,0.2588216535610364,0.0078125,True
rnn_percent_change_from_rep1,uniform_inhibition,12,-28.56734090067833,0.2615024435210518,0.0078125,True
rnn_percent_change_from_rep1,uniform_inhibition,13,-28.780937657148282,0.2633266666335529,0.0078125,True
rnn_percent_change_from_rep1,uniform_inhibition,14,-28.92664588870209,0.2645281059654743,0.0078125,True
rnn_percent_change_from_rep1,uniform_inhibition,15,-29.023009550153905,0.2652786330009389,0.0078125,True
rnn_suppression_index_vs_zero,uniform_inhibition,,0.2903196895444166,0.0026530578704004777,0.0078125,True
rnn_suppression_index_vs_intact,uniform_inhibition,,-6.175194301329123e-06,7.649831588860863e-06,0.578125,False
