deviant_position,repetition,time_from_deviant_ms,gfp_au
1,1,0,0.06918905076820667
1,1,1,0.0747625332647968
1,1,2,0.08100261825316081
1,1,3,0.08849367489944308
1,1,4,0.0967894791730473
1,1,5,0.10456158046299113
1,1,6,0.11034813608041964
1,1,7,0.11276650544385088
1,1,8,0.11123407449424656
1,1,9,0.1066846489919217
1,1,10,0.10134592780842806
1,1,11,0.09802632337294681
1,1,12,0.097984639606741
1,1,13,0.09666532910596055
1,1,14,0.08623402385432932
1,1,15,0.09217584515830253
1,1,16,0.18751205539233934
1,1,17,0.35707371558771844
1,1,18,0.5565869106363515
1,1,19,0.7458948627338904
1,1,20,0.9019525694237299
1,1,21,1.0199443849969343
1,1,22,1.1043760268201193
1,1,23,1.167750617164031
1,1,24,1.2249368166444843
1,1,25,1.2827955365737465
1,1,26,1.3421436995083749
1,1,27,1.404801714458618
1,1,28,1.4664276602255688
1,1,29,1.511921611309293
1,1,30,1.5296605779238444
1,1,31,1.5235696199521453
1,1,32,1.5073756553364055
1,1,33,1.491363566256679
1,1,34,1.476783349595363
1,1,35,1.459487171342365
1,1,36,1.435130602576142
1,1,37,1.401343221533029
1,1,38,1.358104545826713
1,1,39,1.3082828383323688
1,1,40,1.257472210161355
1,1,41,1.2130323053024825
1,1,42,1.1833516322984041
1,1,43,1.1759675671385386
1,1,44,1.1936461075462934
1,1,45,1.2317775428898676
1,1,46,1.2801344691746597
1,1,47,1.3275401792187744
1,1,48,1.3657257084860952
1,1,49,1.3903468252164002
1,1,50,1.4005886365334677
1,1,51,1.398772530402973
1,1,52,1.3899335672974178
1,1,53,1.380866340731183
1,1,54,1.3773140711587908
1,1,55,1.38031515039942
1,1,56,1.3859962471939062
1,1,57,1.3892002372792986
1,1,58,1.3861961326409364
1,1,59,1.3748798795811563
1,1,60,1.3547805014801764
1,1,61,1.3275682993189635
1,1,62,1.2967682751969323
1,1,63,1.266322804202129
1,1,64,1.23912685101901
1,1,65,1.2162663577861261
1,1,66,1.1968843313616042
1,1,67,1.1787256186615591
1,1,68,1.1592205972442364
1,1,69,1.1366680648871297
1,1,70,1.1108880874632159
1,1,71,1.0829280303023263
1,1,72,1.0544567358933967
1,1,73,1.0271199456398312
1,1,74,1.001511336025195
1,1,75,0.9768738573094893
1,1,76,0.9524568498217626
1,1,77,0.9287304829394613
1,1,78,0.9067422851605479
1,1,79,0.8869928725080626
1,1,80,0.869407132456546
1,1,81,0.8530813085572959
1,1,82,0.8350670179242662
1,1,83,0.8111286180364502
1,1,84,0.7794420271626386
1,1,85,0.7428807001539843
1,1,86,0.7070208348322807
1,1,87,0.6767633052762759
1,1,88,0.6546010063166434
1,1,89,0.6398306393600949
1,1,90,0.6286466213581712
1,1,91,0.6166342835026012
1,1,92,0.6020131115846117
1,1,93,0.5859093084300643
1,1,94,0.5699024497727642
1,1,95,0.5545372031657195
1,1,96,0.5400534911942193
1,1,97,0.5269057778973898
1,1,98,0.5147382706164504
1,1,99,0.5019526282872931
1,1,100,0.4871360647255284
1,1,101,0.47064905726998957
1,1,102,0.45505557000071417
1,1,103,0.44430209381071095
1,1,104,0.44158972927716517
1,1,105,0.4468793370538552
1,1,106,0.4559472895672894
1,1,107,0.4619742116036092
1,1,108,0.4590829884988095
1,1,109,0.44548442829529294
1,1,110,0.423901050783057
1,1,111,0.3996167817601186
1,1,112,0.37786013436022475
1,1,113,0.36170550888476033
1,1,114,0.35132541109880655
1,1,115,0.34486662432217413
1,1,116,0.34041971458081116
1,1,117,0.3375225462058589
1,1,118,0.33673745483502443
1,1,119,0.33818243791328717
1,1,120,0.34073190067386583
1,1,121,0.34272162406899054
1,1,122,0.34367307009073317
1,1,123,0.3447288490028134
1,1,124,0.34704767680651627
1,1,125,0.3508837468369941
1,1,126,0.355843191245978
1,1,127,0.3604998528614124
1,1,128,0.362628807159988
1,1,129,0.36073500766547506
1,1,130,0.35497937876038366
1,1,131,0.3472440838295683
1,1,132,0.34039834465507685
1,1,133,0.33655231741117625
1,1,134,0.33600396133990273
1,1,135,0.33758263256833887
1,1,136,0.3397831771524613
1,1,137,0.34182833467459905
1,1,138,0.34404005665341836
1,1,139,0.34735246650700335
1,1,140,0.3521863358648098
1,1,141,0.35804851528605
1,1,142,0.36413066201813
1,1,143,0.37040994900339036
1,1,144,0.37758014936694956
1,1,145,0.38495868042353226
1,1,146,0.3895411391547828
1,1,147,0.3885512658518354
1,1,148,0.38314400253598846
1,1,149,0.3782733564559291
1,1,150,0.3777453832686762
1,1,151,0.38119261971655166
1,1,152,0.3867343977753405
1,1,153,0.39361787013229466
1,1,154,0.4014055371166088
1,1,155,0.40949595646829345
1,1,156,0.41828350933689845
1,1,157,0.4286486662149424
1,1,158,0.439705250160378
1,1,159,0.4484787234426594
1,1,160,0.4521361122830682
1,1,161,0.45009113842799786
1,1,162,0.44456152360837237
1,1,163,0.43950789895689524
1,1,164,0.4375428001903586
1,1,165,0.43759097266809
1,1,166,0.4371199869331488
1,1,167,0.43608569471592346
1,1,168,0.437060650743854
1,1,169,0.44125450676934563
1,1,170,0.4468968643451196
1,1,171,0.45248553916986156
1,1,172,0.4590248036630833
1,1,173,0.4682971148421284
1,1,174,0.4803904696035889
1,1,175,0.4932864313161954
1,1,176,0.5035928527402689
1,1,177,0.5083479917236633
1,1,178,0.5073483072184802
1,1,179,0.5030651662790564
1,1,180,0.4983298074848122
1,1,181,0.4948740424071446
1,1,182,0.49375961015433695
1,1,183,0.49584701033818657
1,1,184,0.5011516762785921
1,1,185,0.5085300896840396
1,1,186,0.5160152416597804
1,1,187,0.5213532977810938
1,1,188,0.5235427965178209
1,1,189,0.5240387203353695
1,1,190,0.5252664651799599
1,1,191,0.5279202740966125
1,1,192,0.5312050213057579
1,1,193,0.537389481249297
1,1,194,0.5568929289606412
1,1,195,0.6075428247725232
1,1,196,0.7026193320941488
1,1,197,0.83170290599393
1,1,198,0.9557671852529023
1,1,199,1.030812212152312
1,1,200,1.036553234472683
1,1,201,0.9882287689084776
1,1,202,0.9295898187680959
1,1,203,0.9049457033360778
1,1,204,0.9297866771967175
1,1,205,0.9886974464790418
1,1,206,1.0581412604715674
1,1,207,1.122770229196534
1,1,208,1.1708332733033087
1,1,209,1.1925809282319164
1,1,210,1.1874673229978343
1,1,211,1.1627912782174925
1,1,212,1.1254955386109597
1,1,213,1.078260000499633
1,1,214,1.0203494780739653
1,1,215,0.9495974214006695
1,1,216,0.8657664167976691
1,1,217,0.774582612656472
1,1,218,0.6881340090061729
1,1,219,0.6182985560210619
1,1,220,0.5673846262051783
1,1,221,0.5281390006227917
1,1,222,0.493703834118575
1,1,223,0.46351140576840294
1,1,224,0.4412573988651882
1,1,225,0.4307699666658214
1,1,226,0.4329952482966985
1,1,227,0.4455806606167995
1,1,228,0.4643907993004629
1,1,229,0.4843380744745366
1,1,230,0.5005882706588477
1,1,231,0.5111874686241722
1,1,232,0.5184004843192157
1,1,233,0.5264464146530698
1,1,234,0.537656829256637
1,1,235,0.5513170757754169
1,1,236,0.565635689606976
1,1,237,0.5796653724889242
1,1,238,0.5930463512319668
1,1,239,0.604669309890674
1,1,240,0.6125544474174043
1,1,241,0.61541590644014
1,1,242,0.6142966527397095
1,1,243,0.6119942434520188
1,1,244,0.6106976333276485
1,1,245,0.610451899179772
1,1,246,0.6096070606081259
1,1,247,0.6069238270589465
1,1,248,0.6028644656625801
1,1,249,0.5982436658893278
1,1,250,0.5927436608291707
1,1,251,0.5852016507713225
1,1,252,0.5748550395012979
1,1,253,0.5625294242361789
1,1,254,0.5502210624386352
1,1,255,0.539507482283133
1,1,256,0.5308277574411291
1,1,257,0.52391870740132
1,1,258,0.5189396572910441
1,1,259,0.5169040728764006
1,1,260,0.5184075858794598
1,1,261,0.5224454963081815
1,1,262,0.5267201274102942
1,1,263,0.5286387584220761
1,1,264,0.5265200209724121
1,1,265,0.5207443980693116
1,1,266,0.5132541344377716
1,1,267,0.505407285729989
1,1,268,0.4972372887738838
1,1,269,0.48878635895848016
1,1,270,0.48071747406971477
1,1,271,0.4736030988466562
1,1,272,0.4675403973321152
1,1,273,0.4623969553070805
1,1,274,0.45853237216073733
1,1,275,0.45728691500683377
1,1,276,0.4600585822206172
1,1,277,0.46695199981285646
1,1,278,0.4757921156258978
1,1,279,0.4824812285965341
1,1,280,0.4836803167616824
1,1,281,0.4786748849116817
1,1,282,0.4685403427494693
1,1,283,0.454831568614663
1,1,284,0.4390867252674573
1,1,285,0.4231186257460482
1,1,286,0.4096293216851375
1,1,287,0.40135125502749974
1,1,288,0.3990475498619948
1,1,289,0.40137316728328415
1,1,290,0.40627697083426156
1,1,291,0.4119219940105495
1,1,292,0.4180429069868392
1,1,293,0.4266567883908951
1,1,294,0.4392707895897147
1,1,295,0.45324483164672574
1,1,296,0.46259753017577415
1,1,297,0.4623901165797008
1,1,298,0.45210759612866447
1,1,299,0.4360983108481334
1,1,300,0.4212817430506826
1,1,301,0.413028260925624
1,1,302,0.41229680520465595
1,1,303,0.4169815891694167
1,1,304,0.42473542380506507
1,1,305,0.4336455071181648
1,1,306,0.4416227768824319
1,1,307,0.4469751274995346
1,1,308,0.4496623064187535
1,1,309,0.45052003769200516
1,1,310,0.4493558094423656
1,1,311,0.44496763258528377
1,1,312,0.4369097235931587
1,1,313,0.4262446119454486
1,1,314,0.4149787533896071
1,1,315,0.4053717108664413
1,1,316,0.3993585816926863
1,1,317,0.3988322232310056
1,1,318,0.4052910856783113
1,1,319,0.41773497766033196
1,1,320,0.4321476570809723
1,1,321,0.4433184330196843
1,1,322,0.4467839366831147
1,1,323,0.4407608669141954
1,1,324,0.4272007321411922
1,1,325,0.41053030932685625
1,1,326,0.3956152157324305
1,1,327,0.3860891924541189
1,1,328,0.3828851190959889
1,1,329,0.38413085183037027
1,1,330,0.3867298272863789
1,1,331,0.38813735065785493
1,1,332,0.3871875159560306
1,1,333,0.383811758384717
1,1,334,0.37814262976774055
1,1,335,0.36950316955417845
1,1,336,0.35725827185936815
1,1,337,0.3435871201486578
1,1,338,0.33297553366584387
1,1,339,0.3281315165422669
1,1,340,0.32863143610019574
1,1,341,0.3324651515588438
1,1,342,0.3370697111030038
1,1,343,0.33981714654214434
1,1,344,0.3386711696409547
1,1,345,0.3334639324341392
1,1,346,0.32680251562645346
1,1,347,0.32313006228516183
1,1,348,0.325884549042077
1,1,349,0.3345266352820362
1,1,350,0.34467385789406013
1,1,351,0.35128753415908687
1,1,352,0.3512795815886492
1,1,353,0.3442391272671686
1,1,354,0.3323575554503007
1,1,355,0.31992029015279494
1,1,356,0.3115980310106806
1,1,357,0.30978139711028685
1,1,358,0.3134736374675797
1,1,359,0.3197464035299746
1,1,360,0.3260777242623236
1,15,0,0.0639059690213102
1,15,1,0.07032205054084603
1,15,2,0.07599658465121815
1,15,3,0.07919439428789776
1,15,4,0.07797907368364052
1,15,5,0.07253938121121786
1,15,6,0.0668297077625067
1,15,7,0.06628353233418971
1,15,8,0.07165841072378014
1,15,9,0.07802114213213661
1,15,10,0.08144178054244548
1,15,11,0.08127802511994116
1,15,12,0.07677186774285541
1,15,13,0.06520238283291883
1,15,14,0.05721366048632697
1,15,15,0.10775927701905144
1,15,16,0.22567897498497477
1,15,17,0.39074722665048894
1,15,18,0.5805262967571492
1,15,19,0.7675135582520681
1,15,20,0.9275778236162904
1,15,21,1.0441554459605642
1,15,22,1.113053926203387
1,15,23,1.1485328624019389
1,15,24,1.1742809246763908
1,15,25,1.2073332592499573
1,15,26,1.255159470840102
1,15,27,1.3200939283973387
1,15,28,1.3960603730832597
1,15,29,1.465217211647959
1,15,30,1.5068652610399076
1,15,31,1.5108006998982724
1,15,32,1.4819557563279186
1,15,33,1.4339321152248259
1,15,34,1.3801932859317025
1,15,35,1.3304679910523516
1,15,36,1.2894132263382565
1,15,37,1.2556964243634126
1,15,38,1.2260660789045583
1,15,39,1.2008987597794576
1,15,40,1.1838094553155116
1,15,41,1.1775069147829405
1,15,42,1.1818397343495435
1,15,43,1.1953614606045369
1,15,44,1.2171233502454923
1,15,45,1.2464771154003176
1,15,46,1.2820152599698103
1,15,47,1.3209082968730166
1,15,48,1.3594692804384347
1,15,49,1.3946292113323973
1,15,50,1.424141988839479
1,15,51,1.4456399552761992
1,15,52,1.4569414223553485
1,15,53,1.4573715634341518
1,15,54,1.448235283501356
1,15,55,1.4323015142965758
1,15,56,1.4128219916994296
1,15,57,1.392403691209484
1,15,58,1.3722914926091034
1,15,59,1.3525751992588277
1,15,60,1.3333589575495413
1,15,61,1.3156783700640409
1,15,62,1.3007127945077732
1,15,63,1.2882413528378103
1,15,64,1.2765283045054396
1,15,65,1.2634149411035387
1,15,66,1.2473625799832875
1,15,67,1.2280315183687258
1,15,68,1.2059302627689032
1,15,69,1.1816720348232768
1,15,70,1.1556887366511308
1,15,71,1.1280037880706963
1,15,72,1.0986253225492701
1,15,73,1.0687891372826397
1,15,74,1.0405176587748612
1,15,75,1.0146148352562687
1,15,76,0.9905004586036927
1,15,77,0.967343512108881
1,15,78,0.9442080564559143
1,15,79,0.9198006163006539
1,15,80,0.8926522832963434
1,15,81,0.8620332486750363
1,15,82,0.8290706233038289
1,15,83,0.7965019932455515
1,15,84,0.767151167082864
1,15,85,0.7423609630616352
1,15,86,0.7216923793864966
1,15,87,0.7042975204197194
1,15,88,0.6895418648720067
1,15,89,0.6757950772720037
1,15,90,0.6601745569854017
1,15,91,0.6406080576475986
1,15,92,0.6177957572854774
1,15,93,0.5945134754985117
1,15,94,0.5733004141702603
1,15,95,0.5552815413615921
1,15,96,0.5405643406438853
1,15,97,0.5285280809673849
1,15,98,0.5173867166678252
1,15,99,0.5049348466334758
1,15,100,0.49071350136414377
1,15,101,0.47636950796394706
1,15,102,0.4638023242647852
1,15,103,0.4540393801651309
1,15,104,0.44664735060449623
1,15,105,0.43881802232330547
1,15,106,0.426497254044884
1,15,107,0.40728395742455664
1,15,108,0.38172300456081554
1,15,109,0.35273843271710725
1,15,110,0.3246461049644303
1,15,111,0.30240913355036153
1,15,112,0.2902007341681348
1,15,113,0.2887307817760921
1,15,114,0.29553228724743424
1,15,115,0.3080677223474642
1,15,116,0.32332733397525854
1,15,117,0.3357019475202139
1,15,118,0.33895193488497827
1,15,119,0.330069568980781
1,15,120,0.31056081562617577
1,15,121,0.285349416603185
1,15,122,0.2607340584999617
1,15,123,0.24180022288384206
1,15,124,0.2309375962240845
1,15,125,0.22885376543594008
1,15,126,0.23518982661773274
1,15,127,0.24705276646234847
1,15,128,0.25952444568711064
1,15,129,0.26938230370855054
1,15,130,0.2766515275095293
1,15,131,0.28199316408305
1,15,132,0.2845068469550021
1,15,133,0.2828453933893706
1,15,134,0.277446600074156
1,15,135,0.27145044056050516
1,15,136,0.26885719505093253
1,15,137,0.27106062477710613
1,15,138,0.2759992638801885
1,15,139,0.2804178728744033
1,15,140,0.2824548912815688
1,15,141,0.28278040558334255
1,15,142,0.2832537120531545
1,15,143,0.2849532877254669
1,15,144,0.28757339467674614
1,15,145,0.2898592249759613
1,15,146,0.29066593456196577
1,15,147,0.29013514248603706
1,15,148,0.2902309674251202
1,15,149,0.2934966035978064
1,15,150,0.30058370472909507
1,15,151,0.3093047892240379
1,15,152,0.3167445149474689
1,15,153,0.3226613418625197
1,15,154,0.3301991002084607
1,15,155,0.34204774929258674
1,15,156,0.35644527603815573
1,15,157,0.36873036283770466
1,15,158,0.3758912654684322
1,15,159,0.3776566339111407
1,15,160,0.3751272497012081
1,15,161,0.3709588011021399
1,15,162,0.36932498164904226
1,15,163,0.37295837276024113
1,15,164,0.3808022724345884
1,15,165,0.38986971210824295
1,15,166,0.3972470458896698
1,15,167,0.3998402566027939
1,15,168,0.3954561546915
1,15,169,0.3855066040430026
1,15,170,0.37513295223529985
1,15,171,0.3698603479629618
1,15,172,0.37204274199866916
1,15,173,0.3800284425891365
1,15,174,0.3902784681341174
1,15,175,0.39960765781031693
1,15,176,0.4054162631936536
1,15,177,0.4057771226372572
1,15,178,0.4011994175198848
1,15,179,0.3951686686932304
1,15,180,0.39132178530609385
1,15,181,0.3912846472501356
1,15,182,0.3949999436405038
1,15,183,0.40103495115943383
1,15,184,0.4069628389198087
1,15,185,0.41081401432154685
1,15,186,0.4120147326159413
1,15,187,0.4106082314042638
1,15,188,0.40674747707460684
1,15,189,0.40131947292564396
1,15,190,0.3954499106074483
1,15,191,0.38907470010701634
1,15,192,0.3815833849010855
1,15,193,0.37595059462648023
1,15,194,0.3847701557750005
1,15,195,0.43105765684653485
1,15,196,0.5344089748744225
1,15,197,0.6865033898145082
1,15,198,0.8443630553659384
1,15,199,0.9568116083076079
1,15,200,0.9969998534567985
1,15,201,0.9765868305024206
1,15,202,0.9380200366056968
1,15,203,0.9242413902237122
1,15,204,0.9485303101388711
1,15,205,0.9953002880491286
1,15,206,1.0472075149370499
1,15,207,1.099453906120506
1,15,208,1.141070212987736
1,15,209,1.1508229570802686
1,15,210,1.123253904245728
1,15,211,1.0753304712559428
1,15,212,1.026640780367705
1,15,213,0.9831709847987287
1,15,214,0.9372336817606828
1,15,215,0.8772247829050174
1,15,216,0.7984117999868593
1,15,217,0.708295173283093
1,15,218,0.6219859101552468
1,15,219,0.5515228256823737
1,15,220,0.5006514781606877
1,15,221,0.46780977832010584
1,15,222,0.4503923340088991
1,15,223,0.44695728390651485
1,15,224,0.45659617979966527
1,15,225,0.47697332074874255
1,15,226,0.504540019403849
1,15,227,0.5355127445471746
1,15,228,0.5652542852391502
1,15,229,0.5888120790445998
1,15,230,0.6039119950309552
1,15,231,0.6121966174354149
1,15,232,0.6165575365067518
1,15,233,0.6183736032063071
1,15,234,0.6178104604885875
1,15,235,0.6153966422304835
1,15,236,0.612434960457061
1,15,237,0.6102610270152515
1,15,238,0.609700482572328
1,15,239,0.6113605498272223
1,15,240,0.6157942713984936
1,15,241,0.6226808197644251
1,15,242,0.6297466782205915
1,15,243,0.6330786080554627
1,15,244,0.6293255884243404
1,15,245,0.6178024779093095
1,15,246,0.6000991767002197
1,15,247,0.5780539585523521
1,15,248,0.553288749331031
1,15,249,0.5286813047770009
1,15,250,0.5089536218239695
1,15,251,0.4984116976324841
1,15,252,0.4974714603744771
1,15,253,0.501806012957836
1,15,254,0.505159216564016
1,15,255,0.5038086887416073
1,15,256,0.4992127908364731
1,15,257,0.495742407419937
1,15,258,0.4959191806359642
1,15,259,0.49875743526595967
1,15,260,0.5021161775077424
1,15,261,0.5055287042709786
1,15,262,0.5102760641145011
1,15,263,0.5169310027091457
1,15,264,0.5236337847621587
1,15,265,0.5270278630231807
1,15,266,0.5244468444430972
1,15,267,0.5148672877310418
1,15,268,0.4983343913075478
1,15,269,0.4758193247872314
1,15,270,0.45016241619267106
1,15,271,0.4264865334340081
1,15,272,0.4101104849422117
1,15,273,0.402755712073996
1,15,274,0.4016525448860959
1,15,275,0.4033380136879098
1,15,276,0.4066010317293534
1,15,277,0.4109954136212514
1,15,278,0.414988720294587
1,15,279,0.4167249981592779
1,15,280,0.4146135253896506
1,15,281,0.4080788405634085
1,15,282,0.39999987434891743
1,15,283,0.396263290742265
1,15,284,0.40071784989999737
1,15,285,0.41146061027865694
1,15,286,0.42298411706330313
1,15,287,0.43057572574982966
1,15,288,0.43224944583285263
1,15,289,0.4286830635740661
1,15,290,0.42247571720524996
1,15,291,0.416574528888089
1,15,292,0.41233518082959614
1,15,293,0.4091900129992012
1,15,294,0.4067717469156668
1,15,295,0.40652728624364126
1,15,296,0.4104777777139445
1,15,297,0.41964563050995113
1,15,298,0.43358723618092687
1,15,299,0.44948334389559363
1,15,300,0.46238624286045876
1,15,301,0.4683489325741621
1,15,302,0.46687830333919655
1,15,303,0.4599398818714068
1,15,304,0.4498422789788051
1,15,305,0.43860380419375394
1,15,306,0.428672455900424
1,15,307,0.42317606366628074
1,15,308,0.42417247786788276
1,15,309,0.4302270141975178
1,15,310,0.4367752964962114
1,15,311,0.4398711427115479
1,15,312,0.4392979151647546
1,15,313,0.4378356618329654
1,15,314,0.4384268138236225
1,15,315,0.44196562626812685
1,15,316,0.4466675831324166
1,15,317,0.4498299310146192
1,15,318,0.45026188921249666
1,15,319,0.44805550815788264
1,15,320,0.4429155539289565
1,15,321,0.43492304251937636
1,15,322,0.4260310139328762
1,15,323,0.41838764042450327
1,15,324,0.4121536924109587
1,15,325,0.4061456346202473
1,15,326,0.39951208729442644
1,15,327,0.39302265711700424
1,15,328,0.3888678803248664
1,15,329,0.38800083738171864
1,15,330,0.38862433793866014
1,15,331,0.38810680657777685
1,15,332,0.3849763819646505
1,15,333,0.3795104677736455
1,15,334,0.37397654584554957
1,15,335,0.3716961992560873
1,15,336,0.3744465580544586
1,15,337,0.38007007491292916
1,15,338,0.3839443147105985
1,15,339,0.3833348129816117
1,15,340,0.37857029020550076
1,15,341,0.37118290281322464
1,15,342,0.3631261225152299
1,15,343,0.356890451408577
1,15,344,0.35475791062387996
1,15,345,0.3572821702429537
1,15,346,0.36250887003168375
1,15,347,0.36709937710904383
1,15,348,0.3685944415944895
1,15,349,0.366878049288574
1,15,350,0.3639928938879981
1,15,351,0.3628028075307513
1,15,352,0.36565631175674845
1,15,353,0.37326751158781973
1,15,354,0.3840518876493111
1,15,355,0.3945536089433653
1,15,356,0.40050766523297254
1,15,357,0.3988119120134362
1,15,358,0.38971316079937546
1,15,359,0.3765799957517332
1,15,360,0.3633395867667115
2,1,0,0.4332138765594944
2,1,1,0.4254432800132091
2,1,2,0.4179708335941096
2,1,3,0.4135536559216171
2,1,4,0.4145587748733712
2,1,5,0.4206933961357976
2,1,6,0.42889696412087286
2,1,7,0.43548423840844824
2,1,8,0.43750471188607093
2,1,9,0.4326833762882503
2,1,10,0.421338818783698
2,1,11,0.40921832283849807
2,1,12,0.40548096187971583
2,1,13,0.4154191079793039
2,1,14,0.4367032997052488
2,1,15,0.46590362712561534
2,1,16,0.5054694809834145
2,1,17,0.5568173622515531
2,1,18,0.6061219760237446
2,1,19,0.6290747066555195
2,1,20,0.6210056172100952
2,1,21,0.6197164398175438
2,1,22,0.6679513766512609
2,1,23,0.7531815189709143
2,1,24,0.8425799697466795
2,1,25,0.929967805902104
2,1,26,1.020044139237659
2,1,27,1.1104485498666783
2,1,28,1.1979790693038233
2,1,29,1.2810230166781105
2,1,30,1.3516910202574706
2,1,31,1.39468091379753
2,1,32,1.3990656907330248
2,1,33,1.3696143415917625
2,1,34,1.3239995054121403
2,1,35,1.2804226178354343
2,1,36,1.2480456649099816
2,1,37,1.2239569146677867
2,1,38,1.1954558011792378
2,1,39,1.1481640763930565
2,1,40,1.0766219754410198
2,1,41,0.9893389058553586
2,1,42,0.9035961002344639
2,1,43,0.8336399021130383
2,1,44,0.7830187268073838
2,1,45,0.7480237620692409
2,1,46,0.7243293560602497
2,1,47,0.7086949601378965
2,1,48,0.6980364568123355
2,1,49,0.6888197500333096
2,1,50,0.6779105422014386
2,1,51,0.6648968025481061
2,1,52,0.6528205135313738
2,1,53,0.64505247047421
2,1,54,0.6415820240298262
2,1,55,0.639382036046333
2,1,56,0.6360090771508254
2,1,57,0.6327285649816217
2,1,58,0.6342940780283414
2,1,59,0.6447838839150956
2,1,60,0.6647222390622678
2,1,61,0.691920731304271
2,1,62,0.7217629196927722
2,1,63,0.747608375655532
2,1,64,0.7645562790233402
2,1,65,0.7726596364159701
2,1,66,0.7748741182149266
2,1,67,0.7736824490540449
2,1,68,0.7708253584030991
2,1,69,0.7676444792072655
2,1,70,0.7645460070584843
2,1,71,0.7615455338618561
2,1,72,0.7591416101822096
2,1,73,0.7573914235358871
2,1,74,0.755180706762206
2,1,75,0.7519459620983675
2,1,76,0.7486512179337803
2,1,77,0.7458419015810808
2,1,78,0.7421266093988192
2,1,79,0.735108604898189
2,1,80,0.7234655997349994
2,1,81,0.708420100128636
2,1,82,0.693065886986052
2,1,83,0.6801672488318797
2,1,84,0.6705570329580168
2,1,85,0.6629667860541846
2,1,86,0.6548410695604189
2,1,87,0.6442371599840596
2,1,88,0.6320319341301558
2,1,89,0.621247689317537
2,1,90,0.6140983986565994
2,1,91,0.6111403574761203
2,1,92,0.6121932438225526
2,1,93,0.6165263639965418
2,1,94,0.6226169309702623
2,1,95,0.628453599069604
2,1,96,0.6324788483635156
2,1,97,0.633849976589882
2,1,98,0.6315320642312602
2,1,99,0.62352106753386
2,1,100,0.6076731192143634
2,1,101,0.584655884282209
2,1,102,0.5601162625787528
2,1,103,0.5422781421797325
2,1,104,0.5367293068701218
2,1,105,0.5437623507852121
2,1,106,0.5599220955439316
2,1,107,0.581063368073694
2,1,108,0.6037534332225941
2,1,109,0.6246460198249737
2,1,110,0.6400713649724173
2,1,111,0.6474855044783517
2,1,112,0.6471428194383995
2,1,113,0.641851350085966
2,1,114,0.6354080192062604
2,1,115,0.6307079655667327
2,1,116,0.628495964668929
2,1,117,0.6282292543014962
2,1,118,0.6297125622806446
2,1,119,0.6327244128886533
2,1,120,0.635794227590831
2,1,121,0.6369358150020437
2,1,122,0.6357060889314948
2,1,123,0.6337978101230701
2,1,124,0.6334782346039094
2,1,125,0.636532251938662
2,1,126,0.64460734120926
2,1,127,0.6584030456574455
2,1,128,0.6756683831395375
2,1,129,0.6909512288010724
2,1,130,0.6985455529609158
2,1,131,0.6962643026371431
2,1,132,0.6865311565867918
2,1,133,0.6743122632243994
2,1,134,0.6641317919384007
2,1,135,0.6580126566572353
2,1,136,0.6548849498387236
2,1,137,0.6521288825819638
2,1,138,0.6483563798379139
2,1,139,0.6440124613953022
2,1,140,0.6396989835022804
2,1,141,0.6353817761970331
2,1,142,0.6313756127136444
2,1,143,0.6293645282932853
2,1,144,0.6312653998403628
2,1,145,0.6368679351895209
2,1,146,0.6436164264531743
2,1,147,0.6484346909477052
2,1,148,0.649307070416114
2,1,149,0.646678050278694
2,1,150,0.6437883797009085
2,1,151,0.6440668929328814
2,1,152,0.6483747542484214
2,1,153,0.6550464011613185
2,1,154,0.6612198602183482
2,1,155,0.6636080685056229
2,1,156,0.6596099454181616
2,1,157,0.6494795895919709
2,1,158,0.6369516641255517
2,1,159,0.6266517664859397
2,1,160,0.6210814903681304
2,1,161,0.6202464402751262
2,1,162,0.6232900620202562
2,1,163,0.6295501998834655
2,1,164,0.6379408448986624
2,1,165,0.6466132994846586
2,1,166,0.6540766198608587
2,1,167,0.6592865409436292
2,1,168,0.6601482984342868
2,1,169,0.654065154078695
2,1,170,0.6411075936694186
2,1,171,0.6253091705746201
2,1,172,0.6117417721403468
2,1,173,0.6028157786920416
2,1,174,0.5976824476131151
2,1,175,0.5939400827408964
2,1,176,0.5897100603128044
2,1,177,0.5853660597074702
2,1,178,0.5831072188824926
2,1,179,0.584029388407656
2,1,180,0.5863722259236871
2,1,181,0.587216335065666
2,1,182,0.5853921459843715
2,1,183,0.5821690351783245
2,1,184,0.5795643382723299
2,1,185,0.5787189957702749
2,1,186,0.5794518963324897
2,1,187,0.5812784208940562
2,1,188,0.5849924275563335
2,1,189,0.5919049133133052
2,1,190,0.6012874812025729
2,1,191,0.6107275131643267
2,1,192,0.619522327119
2,1,193,0.6314723786043421
2,1,194,0.6562562050606682
2,1,195,0.7077324324385312
2,1,196,0.7949591215122499
2,1,197,0.910143575666532
2,1,198,1.0275855477148155
2,1,199,1.1154480293084312
2,1,200,1.151570373429542
2,1,201,1.1354536727477034
2,1,202,1.0850683989211607
2,1,203,1.018169167436135
2,1,204,0.9397455789146651
2,1,205,0.8510937638651546
2,1,206,0.7638072560954365
2,1,207,0.6945394748629241
2,1,208,0.6507327944387562
2,1,209,0.6297722907396921
2,1,210,0.6233764679473573
2,1,211,0.6223248248994228
2,1,212,0.6244777159728049
2,1,213,0.6337186543920076
2,1,214,0.649074595291531
2,1,215,0.664243365111269
2,1,216,0.6787213215872787
2,1,217,0.7003929453463273
2,1,218,0.736422877709412
2,1,219,0.785598829365419
2,1,220,0.8395154675056811
2,1,221,0.8892183670478673
2,1,222,0.9302408219901593
2,1,223,0.9607239222477519
2,1,224,0.9775737020701741
2,1,225,0.9782578944165041
2,1,226,0.9648548090631724
2,1,227,0.9437864116989106
2,1,228,0.9217787684780563
2,1,229,0.9025800965482518
2,1,230,0.886866667351054
2,1,231,0.8735680589314677
2,1,232,0.859600845041169
2,1,233,0.8395030892195553
2,1,234,0.8084330139268481
2,1,235,0.7661719371807894
2,1,236,0.7171751807318865
2,1,237,0.6670720626266206
2,1,238,0.6191847282037384
2,1,239,0.573288614705328
2,1,240,0.5278784779021307
2,1,241,0.4841273258131007
2,1,242,0.4467130378956394
2,1,243,0.42000782068739057
2,1,244,0.40430394628638683
2,1,245,0.39639673865013525
2,1,246,0.39216807053054786
2,1,247,0.38766456279067096
2,1,248,0.38002553296020636
2,1,249,0.3690606309304852
2,1,250,0.35697380513622556
2,1,251,0.34610898483173513
2,1,252,0.3372164663852573
2,1,253,0.3300584540399149
2,1,254,0.32470528551769473
2,1,255,0.3209047841967189
2,1,256,0.3178125314508063
2,1,257,0.316106788620948
2,1,258,0.3178181924918151
2,1,259,0.3226290465131926
2,1,260,0.32714763122493823
2,1,261,0.32928574016385015
2,1,262,0.33147700922611495
2,1,263,0.33812819815004624
2,1,264,0.3512547249370463
2,1,265,0.3684082419019036
2,1,266,0.38318330760013697
2,1,267,0.3891581243086545
2,1,268,0.3848628516246443
2,1,269,0.3745534667923639
2,1,270,0.3642894400043145
2,1,271,0.35840180146677453
2,1,272,0.3590996708667846
2,1,273,0.36656521259915864
2,1,274,0.3781522376194168
2,1,275,0.38886820207279355
2,1,276,0.394101385570469
2,1,277,0.3921987647725823
2,1,278,0.38442961219344124
2,1,279,0.3734773176081759
2,1,280,0.3627040812755722
2,1,281,0.35588260469118144
2,1,282,0.3558414453022269
2,1,283,0.3626300843482058
2,1,284,0.3730192099719774
2,1,285,0.38147824894602583
2,1,286,0.3827781744462138
2,1,287,0.3759321045723069
2,1,288,0.3659790768719021
2,1,289,0.3604697188149562
2,1,290,0.3630952052783033
2,1,291,0.37094430560873076
2,1,292,0.377662434811702
2,1,293,0.37811992662090793
2,1,294,0.37070156116673453
2,1,295,0.3566775292735918
2,1,296,0.3383731259789668
2,1,297,0.31812974783447595
2,1,298,0.29900331128746443
2,1,299,0.28548101364620526
2,1,300,0.2816241058069909
2,1,301,0.28761456846256894
2,1,302,0.2987499118142384
2,1,303,0.308742437386738
2,1,304,0.3137002540752246
2,1,305,0.3135415590385469
2,1,306,0.3104642788767144
2,1,307,0.3060776821600992
2,1,308,0.3008603663790692
2,1,309,0.2951392172933244
2,1,310,0.28888313862491544
2,1,311,0.2822583895384059
2,1,312,0.27721785774605445
2,1,313,0.2768960793139153
2,1,314,0.2826330785675646
2,1,315,0.2920999104079655
2,1,316,0.30093008111178515
2,1,317,0.3060212824997536
2,1,318,0.3080055190994957
2,1,319,0.31134216658101277
2,1,320,0.31998389702118857
2,1,321,0.3325033544230755
2,1,322,0.3431516865240866
2,1,323,0.3472091429354713
2,1,324,0.34426677532677946
2,1,325,0.33637641655518713
2,1,326,0.3248893784730807
2,1,327,0.31072553913183065
2,1,328,0.2966304850369979
2,1,329,0.28727181081997605
2,1,330,0.286302910141786
2,1,331,0.2933618474804992
2,1,332,0.3042642055723118
2,1,333,0.3138285395927221
2,1,334,0.3187163851264534
2,1,335,0.31856984733724464
2,1,336,0.3152940137873843
2,1,337,0.31125493318641156
2,1,338,0.30785289452570025
2,1,339,0.3048331688985236
2,1,340,0.2999773401349958
2,1,341,0.2905529939975965
2,1,342,0.27616510227823404
2,1,343,0.260093969596213
2,1,344,0.24724465403790366
2,1,345,0.24058173986420553
2,1,346,0.23957190009616183
2,1,347,0.24178414335532467
2,1,348,0.24569348322006632
2,1,349,0.2510394058773529
2,1,350,0.2572876819546116
2,1,351,0.26316022395120525
2,1,352,0.2672660713389991
2,1,353,0.26933685340087204
2,1,354,0.2705820993871669
2,1,355,0.2725391718152027
2,1,356,0.27613377240530673
2,1,357,0.28137240578237943
2,1,358,0.28670963168234426
2,1,359,0.2891622744938562
2,1,360,0.2865619866420355
2,15,0,0.4114921274279498
2,15,1,0.4045545964857389
2,15,2,0.4029222797077258
2,15,3,0.40736871115380796
2,15,4,0.415921160493543
2,15,5,0.42480101839725243
2,15,6,0.43060903023565206
2,15,7,0.4317298199667135
2,15,8,0.42822761145982663
2,15,9,0.42153626079038686
2,15,10,0.4144207501683612
2,15,11,0.4103888175401462
2,15,12,0.4124348780134996
2,15,13,0.4229113646611974
2,15,14,0.4442658634056867
2,15,15,0.4779706049176096
2,15,16,0.5222563176938033
2,15,17,0.5718903627830123
2,15,18,0.6169729528318036
2,15,19,0.6407276389748743
2,15,20,0.632430879958477
2,15,21,0.6140195228838633
2,15,22,0.6339119792892803
2,15,23,0.7066889953911429
2,15,24,0.8030850616263152
2,15,25,0.903650458493506
2,15,26,1.0050660444998138
2,15,27,1.099149831177972
2,15,28,1.1768005805155692
2,15,29,1.2376772440866441
2,15,30,1.2828705156557207
2,15,31,1.3051958729324622
2,15,32,1.292877662631893
2,15,33,1.2434011331160155
2,15,34,1.1714211916958892
2,15,35,1.100803255154295
2,15,36,1.0482147510516244
2,15,37,1.0133890781956056
2,15,38,0.9825533538006626
2,15,39,0.9388054809107047
2,15,40,0.8721959003457254
2,15,41,0.7849063469471466
2,15,42,0.6885913309083818
2,15,43,0.596907745874898
2,15,44,0.5196661791578517
2,15,45,0.4615197031849163
2,15,46,0.42327405633860865
2,15,47,0.40324888786772484
2,15,48,0.3981869713285499
2,15,49,0.4037085162337276
2,15,50,0.4147305373177976
2,15,51,0.42727341378148553
2,15,52,0.4399297299769659
2,15,53,0.4527606338463988
2,15,54,0.4658847417626387
2,15,55,0.47935492765962456
2,15,56,0.49301112318718004
2,15,57,0.5058592293319166
2,15,58,0.516482403781818
2,15,59,0.5242568298065198
2,15,60,0.5293875657764664
2,15,61,0.5324915147324165
2,15,62,0.5350213909375586
2,15,63,0.5394610486876598
2,15,64,0.5484676130420989
2,15,65,0.5634028372903439
2,15,66,0.5829915858523829
2,15,67,0.6036151240887669
2,15,68,0.621359936241867
2,15,69,0.6338252551714376
2,15,70,0.6403494506369213
2,15,71,0.6412567179048577
2,15,72,0.6371579157663435
2,15,73,0.6283039969163559
2,15,74,0.6144513841074698
2,15,75,0.5955983569053326
2,15,76,0.5727203768489163
2,15,77,0.5483812000439897
2,15,78,0.5271021854246952
2,15,79,0.5144875913898412
2,15,80,0.5148395022606267
2,15,81,0.5286781006725925
2,15,82,0.5524089608463117
2,15,83,0.5797872860560962
2,15,84,0.6032187260358857
2,15,85,0.6156592728656255
2,15,86,0.6133593944296987
2,15,87,0.5968759244340424
2,15,88,0.5701446323130209
2,15,89,0.5391074246297146
2,15,90,0.5104178206367251
2,15,91,0.49079493530891677
2,15,92,0.4855301172800676
2,15,93,0.4956672598672337
2,15,94,0.5169562814428409
2,15,95,0.5416689905843199
2,15,96,0.5617276116656406
2,15,97,0.5722774719087292
2,15,98,0.5741344885547903
2,15,99,0.572508855117601
2,15,100,0.5722761240403119
2,15,101,0.5742645756017462
2,15,102,0.5757864679319358
2,15,103,0.5737958828670978
2,15,104,0.5671058334025674
2,15,105,0.5564825721065065
2,15,106,0.5439435391950813
2,15,107,0.5320502661519912
2,15,108,0.5232536834506358
2,15,109,0.519436356039673
2,15,110,0.5209393804474345
2,15,111,0.5256318120848107
2,15,112,0.5301327822235172
2,15,113,0.5327344739139822
2,15,114,0.5348513068973093
2,15,115,0.5393980503298805
2,15,116,0.547903427662901
2,15,117,0.5590580577087557
2,15,118,0.5700626366675653
2,15,119,0.579647722529094
2,15,120,0.5889281516293176
2,15,121,0.5986793033503386
2,15,122,0.6070729652638924
2,15,123,0.611128946516502
2,15,124,0.6098855867303618
2,15,125,0.6051137536151255
2,15,126,0.5990157298674538
2,15,127,0.5919874891119482
2,15,128,0.582969540215528
2,15,129,0.5717605061476051
2,15,130,0.5602582736289957
2,15,131,0.5505472473248192
2,15,132,0.5426290974386613
2,15,133,0.5356644827389889
2,15,134,0.5304649629440794
2,15,135,0.5290975683569021
2,15,136,0.5324731172803392
2,15,137,0.5390686691005855
2,15,138,0.545634539173473
2,15,139,0.5494127582287192
2,15,140,0.5501275186449611
2,15,141,0.5488624278965227
2,15,142,0.5456897363907421
2,15,143,0.5404800906348354
2,15,144,0.5351200405560665
2,15,145,0.5325189399724687
2,15,146,0.533499897916368
2,15,147,0.5363269774401025
2,15,148,0.5388463591341954
2,15,149,0.5397858060335843
2,15,150,0.5392585112248298
2,15,151,0.5395083639208968
2,15,152,0.5434127223497162
2,15,153,0.5506632208427892
2,15,154,0.5570128418723269
2,15,155,0.5582041308972724
2,15,156,0.5540476671069401
2,15,157,0.5488118123333348
2,15,158,0.5475152840327245
2,15,159,0.5513395539456206
2,15,160,0.5570450083927682
2,15,161,0.5603259282818688
2,15,162,0.5584907409841291
2,15,163,0.5512946094936516
2,15,164,0.5407179628471903
2,15,165,0.5296678169375557
2,15,166,0.5208316688796658
2,15,167,0.5157520453432464
2,15,168,0.5139874836973847
2,15,169,0.5135619389359751
2,15,170,0.5120623772522056
2,15,171,0.5074371421975347
2,15,172,0.49909422587779606
2,15,173,0.4884619537399708
2,15,174,0.47795035265826086
2,15,175,0.46929701930162177
2,15,176,0.46282928867276724
2,15,177,0.45832803707910574
2,15,178,0.4557772921515692
2,15,179,0.45470896357827195
2,15,180,0.45417158665344226
2,15,181,0.4542280864193045
2,15,182,0.45698126764872476
2,15,183,0.46544760594368106
2,15,184,0.4806508967912161
2,15,185,0.49924946444410956
2,15,186,0.51433211810399
2,15,187,0.5193464022091748
2,15,188,0.5117546136818439
2,15,189,0.4939148241721843
2,15,190,0.4714748445519248
2,15,191,0.4513807381135523
2,15,192,0.4405652211652277
2,15,193,0.44530322788845716
2,15,194,0.4731540644801054
2,15,195,0.5345091239097362
2,15,196,0.6353942457193651
2,15,197,0.7653116199517964
2,15,198,0.8971437569259431
2,15,199,0.9997809808352155
2,15,200,1.0519678740152825
2,15,201,1.0521830198594424
2,15,202,1.0150138587256492
2,15,203,0.9531779400302671
2,15,204,0.8690131784840499
2,15,205,0.7702835719594335
2,15,206,0.6828700825994334
2,15,207,0.6286381689936715
2,15,208,0.6033661567976593
2,15,209,0.5962299127775661
2,15,210,0.6021058101839629
2,15,211,0.6147532842864945
2,15,212,0.6331602609034878
2,15,213,0.6585641877527111
2,15,214,0.6825041989875371
2,15,215,0.695132014209735
2,15,216,0.6981026083014191
2,15,217,0.7021657298427827
2,15,218,0.7168501887312038
2,15,219,0.7435807583189241
2,15,220,0.7764546712650585
2,15,221,0.8080535245796988
2,15,222,0.8331334610632197
2,15,223,0.8484820902868105
2,15,224,0.853188956504002
2,15,225,0.8495368363187333
2,15,226,0.8420203805587865
2,15,227,0.8348361285609955
2,15,228,0.8295674076126478
2,15,229,0.8248830063833896
2,15,230,0.8184860092029699
2,15,231,0.8087477864320475
2,15,232,0.7948949653334616
2,15,233,0.7772775793360654
2,15,234,0.7572961046489692
2,15,235,0.7356616138127418
2,15,236,0.7112772218484948
2,15,237,0.6823833117368354
2,15,238,0.6480385690702982
2,15,239,0.6091482043788641
2,15,240,0.5684886686793683
2,15,241,0.5286136366701634
2,15,242,0.48964841033588746
2,15,243,0.4503545116315035
2,15,244,0.41175713824989185
2,15,245,0.3784380445937636
2,15,246,0.35487828543552113
2,15,247,0.34114728113672554
2,15,248,0.33272358103386196
2,15,249,0.32405339360764207
2,15,250,0.3126687433423053
2,15,251,0.30065850585372417
2,15,252,0.2924673909933357
2,15,253,0.290774222419945
2,15,254,0.29472575781200605
2,15,255,0.3021722836114627
2,15,256,0.31171781886632793
2,15,257,0.3220911239190342
2,15,258,0.33112950106695666
2,15,259,0.3368393236505262
2,15,260,0.33903825805784227
2,15,261,0.33954946696012367
2,15,262,0.3414040087596734
2,15,263,0.3469782909859205
2,15,264,0.35657474423952773
2,15,265,0.3695897952625086
2,15,266,0.3847509511534435
2,15,267,0.3977723975505426
2,15,268,0.4030379366549922
2,15,269,0.3997278640834138
2,15,270,0.3930399838942113
2,15,271,0.3878435985997568
2,15,272,0.383805595651274
2,15,273,0.37871960413226013
2,15,274,0.3731319584059074
2,15,275,0.36876759673561
2,15,276,0.36508827893213963
2,15,277,0.3606684082204819
2,15,278,0.35570873011015325
2,15,279,0.35096928071174494
2,15,280,0.34658292952635467
2,15,281,0.34296973433296263
2,15,282,0.3416945152820481
2,15,283,0.3441740213049057
2,15,284,0.3496921692872946
2,15,285,0.3557294594264796
2,15,286,0.35922462649219206
2,15,287,0.3570414421651329
2,15,288,0.3474361598793644
2,15,289,0.33188301938610215
2,15,290,0.3146691898072644
2,15,291,0.30057118280051487
2,15,292,0.2930105058316915
2,15,293,0.2934280873985435
2,15,294,0.30089287295345685
2,15,295,0.3119024048789225
2,15,296,0.3211910750350167
2,15,297,0.3242290947622049
2,15,298,0.31972219154489023
2,15,299,0.31006066223831424
2,15,300,0.2999976477420074
2,15,301,0.2939005769218477
2,15,302,0.29348248513760533
2,15,303,0.29837617877646877
2,15,304,0.30741257338537187
2,15,305,0.31840221866487184
2,15,306,0.32814187239809933
2,15,307,0.3338306113614287
2,15,308,0.3349085911973749
2,15,309,0.3329528890026342
2,15,310,0.3291429166739713
2,15,311,0.32323466289413966
2,15,312,0.3162573376457376
2,15,313,0.31180370129633406
2,15,314,0.3125913875022016
2,15,315,0.3175520139944371
2,15,316,0.32296671506410346
2,15,317,0.32548394582133594
2,15,318,0.3241688082443132
2,15,319,0.31963694275692717
2,15,320,0.3127416797425022
2,15,321,0.30530607219703443
2,15,322,0.30004843587614527
2,15,323,0.2978299517513587
2,15,324,0.29631142905495184
2,15,325,0.2928778600096442
2,15,326,0.2876031428296609
2,15,327,0.28256054272523434
2,15,328,0.279356402571339
2,15,329,0.27816997924614734
2,15,330,0.27855825487723834
2,15,331,0.2803739064756555
2,15,332,0.28403555254603363
2,15,333,0.2894488804062806
2,15,334,0.29495497169796936
2,15,335,0.29814496299521165
2,15,336,0.29746775716459606
2,15,337,0.29345637021171583
2,15,338,0.2886593121724343
2,15,339,0.2857066024196328
2,15,340,0.285946760409866
2,15,341,0.28938421126948577
2,15,342,0.29434624340002696
2,15,343,0.29802467450534814
2,15,344,0.29839260394011513
2,15,345,0.2955160192114693
2,15,346,0.29075874544873204
2,15,347,0.2848975337855662
2,15,348,0.27816033501791915
2,15,349,0.27222066203208123
2,15,350,0.26991608668876027
2,15,351,0.27277901994954856
2,15,352,0.2796240054396236
2,15,353,0.286503246646022
2,15,354,0.2888209937102372
2,15,355,0.28491485742627454
2,15,356,0.2773603368746598
2,15,357,0.2706502992543979
2,15,358,0.26781670599863333
2,15,359,0.2694727518561397
2,15,360,0.27480280882181235
3,1,0,0.5613390772622593
3,1,1,0.5694592595796149
3,1,2,0.5864695837925082
3,1,3,0.6073800564673005
3,1,4,0.6248845915072468
3,1,5,0.6326120304574875
3,1,6,0.6282438014006247
3,1,7,0.6149237842590503
3,1,8,0.5989468017726803
3,1,9,0.5851782256846961
3,1,10,0.5744428160358352
3,1,11,0.5646087209915186
3,1,12,0.5533492623550273
3,1,13,0.5405646749562637
3,1,14,0.5302085191760143
3,1,15,0.529834159144337
3,1,16,0.5470974539176936
3,1,17,0.5856992188544917
3,1,18,0.6404128109010753
3,1,19,0.6929486716028219
3,1,20,0.71940540202871
3,1,21,0.707779267040371
3,1,22,0.6669509654514364
3,1,23,0.6234950689225335
3,1,24,0.6099854558978319
3,1,25,0.6382606513664194
3,1,26,0.6876305744469343
3,1,27,0.7308570175071285
3,1,28,0.7576828775429701
3,1,29,0.77666241638295
3,1,30,0.8027408990295972
3,1,31,0.8442171896174263
3,1,32,0.8992820568250732
3,1,33,0.9584924642561188
3,1,34,1.0091851627662956
3,1,35,1.0436137830495777
3,1,36,1.0647578878737536
3,1,37,1.0823371066781702
3,1,38,1.1051970716539918
3,1,39,1.1366742703786823
3,1,40,1.1718331439683296
3,1,41,1.199185937358791
3,1,42,1.2079471499313366
3,1,43,1.1943650972473852
3,1,44,1.163257297248417
3,1,45,1.1247321047262528
3,1,46,1.087868592028429
3,1,47,1.0561488224450064
3,1,48,1.0286373021404058
3,1,49,1.0046043081785268
3,1,50,0.985266064927832
3,1,51,0.9701433426541318
3,1,52,0.9549216452687572
3,1,53,0.934822897843424
3,1,54,0.907195678182824
3,1,55,0.8720888522902001
3,1,56,0.8335943473069958
3,1,57,0.7976613751009802
3,1,58,0.7665670604451296
3,1,59,0.7381363614112121
3,1,60,0.7091768537587643
3,1,61,0.6790420101896986
3,1,62,0.6535243263034803
3,1,63,0.6416470386297669
3,1,64,0.6446553304733227
3,1,65,0.6528990735460385
3,1,66,0.6535686161039563
3,1,67,0.640499579479516
3,1,68,0.6191570865661122
3,1,69,0.6006704068987889
3,1,70,0.5907876825507083
3,1,71,0.5887571531320933
3,1,72,0.5920055739096626
3,1,73,0.5953017205274297
3,1,74,0.5930178857731383
3,1,75,0.5854434424642029
3,1,76,0.577317393160694
3,1,77,0.571219598334089
3,1,78,0.5655917726223847
3,1,79,0.5569549664300052
3,1,80,0.5429806912070162
3,1,81,0.5245122705189434
3,1,82,0.5045923224737622
3,1,83,0.48591035621499357
3,1,84,0.46953561935720334
3,1,85,0.4556282316815563
3,1,86,0.4442769814477929
3,1,87,0.4353251009352198
3,1,88,0.42877000607976007
3,1,89,0.42539137176150155
3,1,90,0.42457662700853827
3,1,91,0.42240617959922666
3,1,92,0.4140814651642545
3,1,93,0.398002649407033
3,1,94,0.37788169864124593
3,1,95,0.3599917248297387
3,1,96,0.34728456110065636
3,1,97,0.33737499687409894
3,1,98,0.3261114218701692
3,1,99,0.3115830784845246
3,1,100,0.29522068531322676
3,1,101,0.2803791756850967
3,1,102,0.269672370060452
3,1,103,0.2633113271888245
3,1,104,0.2607888151765129
3,1,105,0.2622209037390416
3,1,106,0.2674066560952753
3,1,107,0.2763963263547725
3,1,108,0.2898969544408868
3,1,109,0.3069770904138312
3,1,110,0.32394023502370733
3,1,111,0.33655654636422777
3,1,112,0.3423727421465337
3,1,113,0.34152060864667383
3,1,114,0.3364483951927947
3,1,115,0.3305808191695263
3,1,116,0.3265365672664014
3,1,117,0.3246868697360099
3,1,118,0.32361753006770133
3,1,119,0.3233202514242148
3,1,120,0.3266792761974948
3,1,121,0.33602651519030147
3,1,122,0.3497378525069317
3,1,123,0.36305061703557406
3,1,124,0.37158709524142114
3,1,125,0.3743577638726542
3,1,126,0.37318196233270995
3,1,127,0.3703186908777619
3,1,128,0.36801175986247114
3,1,129,0.36833099930854185
3,1,130,0.372094043717823
3,1,131,0.37891588462904724
3,1,132,0.3878213519880955
3,1,133,0.39699770935178735
3,1,134,0.40401750052267454
3,1,135,0.40740706722198394
3,1,136,0.40757883258019034
3,1,137,0.405661020021432
3,1,138,0.40248805722795317
3,1,139,0.39931156416403846
3,1,140,0.39791954525169304
3,1,141,0.3992071521190031
3,1,142,0.40213586161134857
3,1,143,0.4043324642279663
3,1,144,0.40409072539982066
3,1,145,0.40145710836569953
3,1,146,0.39671008336514196
3,1,147,0.38945032463521984
3,1,148,0.38069769803926484
3,1,149,0.37431703195558336
3,1,150,0.37422420006336526
3,1,151,0.38076651069551054
3,1,152,0.3908556265162006
3,1,153,0.4007915928380046
3,1,154,0.4081930079982995
3,1,155,0.41193644206823365
3,1,156,0.4116128727693122
3,1,157,0.4079887928202071
3,1,158,0.4033572583228541
3,1,159,0.399445165484483
3,1,160,0.3960110498566283
3,1,161,0.3931661577698377
3,1,162,0.3922437815076517
3,1,163,0.393261882740716
3,1,164,0.39473853933257536
3,1,165,0.39622206070209215
3,1,166,0.39877000533994333
3,1,167,0.4031333603900477
3,1,168,0.408423376440721
3,1,169,0.41211778381452774
3,1,170,0.41153082574410244
3,1,171,0.40617546288862355
3,1,172,0.39890410029404394
3,1,173,0.39455451460340035
3,1,174,0.3973406254762887
3,1,175,0.40832472275832976
3,1,176,0.42427355992126986
3,1,177,0.4399730549949143
3,1,178,0.4515815700654921
3,1,179,0.45719351991790197
3,1,180,0.4565296267925906
3,1,181,0.4518753802162373
3,1,182,0.44821960723362786
3,1,183,0.4503020348339694
3,1,184,0.4589741599829267
3,1,185,0.47140039110662757
3,1,186,0.4837171001001187
3,1,187,0.49291626670599037
3,1,188,0.4978650779955599
3,1,189,0.4984261356471926
3,1,190,0.49391124890539556
3,1,191,0.48451847892032746
3,1,192,0.47376447657182963
3,1,193,0.4676859629065815
3,1,194,0.47158226387938496
3,1,195,0.48777023183732277
3,1,196,0.5154557716605453
3,1,197,0.5517290919913963
3,1,198,0.5934229264938501
3,1,199,0.6382059795568337
3,1,200,0.6836798992434682
3,1,201,0.7263222522479482
3,1,202,0.7617984643866471
3,1,203,0.78573747808606
3,1,204,0.7939515863371615
3,1,205,0.7836597704216448
3,1,206,0.7568157566211814
3,1,207,0.7216467092217932
3,1,208,0.6881335561640821
3,1,209,0.661478752160049
3,1,210,0.641198656532246
3,1,211,0.6249642955054587
3,1,212,0.6111921585812186
3,1,213,0.5991128794890236
3,1,214,0.5885771298375402
3,1,215,0.5803291400137125
3,1,216,0.5755725695017011
3,1,217,0.5743256615261089
3,1,218,0.574242506317135
3,1,219,0.5716950259474406
3,1,220,0.5642433881037318
3,1,221,0.5516742647680595
3,1,222,0.5351261876243812
3,1,223,0.5166439446672183
3,1,224,0.49919267578390725
3,1,225,0.4862830206208095
3,1,226,0.4806271743254426
3,1,227,0.4825206045986638
3,1,228,0.4910964101011571
3,1,229,0.5065879797888624
3,1,230,0.5285374871827488
3,1,231,0.5518953908345867
3,1,232,0.5675913047801779
3,1,233,0.5686476666626907
3,1,234,0.5552290565712287
3,1,235,0.5335281138564272
3,1,236,0.5113379941014174
3,1,237,0.4950008595237176
3,1,238,0.48811714257411987
3,1,239,0.4908722163466374
3,1,240,0.5007857818774767
3,1,241,0.5147082996710112
3,1,242,0.5294630032602579
3,1,243,0.541325568841304
3,1,244,0.5470027865667835
3,1,245,0.5457052695474356
3,1,246,0.5395657186955791
3,1,247,0.5318653587803819
3,1,248,0.5249506829036371
3,1,249,0.519524599262618
3,1,250,0.5150994108354827
3,1,251,0.510639462999716
3,1,252,0.5053061461179644
3,1,253,0.49942820536493154
3,1,254,0.49475197097603574
3,1,255,0.4928985452058219
3,1,256,0.49323485673162215
3,1,257,0.49319063621535675
3,1,258,0.4909710228336091
3,1,259,0.4867041204887335
3,1,260,0.4811887684873547
3,1,261,0.47469951185863374
3,1,262,0.46691499780317935
3,1,263,0.45754288812016647
3,1,264,0.44647483311683034
3,1,265,0.43347321133502376
3,1,266,0.41831164982714747
3,1,267,0.4012295379275604
3,1,268,0.38334675265822626
3,1,269,0.3669451987790432
3,1,270,0.355428096936698
3,1,271,0.35163908653255843
3,1,272,0.3545684680400462
3,1,273,0.35936512962255945
3,1,274,0.3613056204349026
3,1,275,0.35822407663340966
3,1,276,0.35036460901223915
3,1,277,0.3398170519867161
3,1,278,0.32965905103545096
3,1,279,0.3221590234228104
3,1,280,0.31715095509881874
3,1,281,0.3128342975859959
3,1,282,0.3080291933514878
3,1,283,0.3028400467582919
3,1,284,0.2977322302577003
3,1,285,0.2933909016392258
3,1,286,0.2912400647619329
3,1,287,0.29245232966086077
3,1,288,0.2958630190141708
3,1,289,0.2983808882509647
3,1,290,0.29787473312580226
3,1,291,0.29442626294405355
3,1,292,0.2895056469586546
3,1,293,0.2851995020655064
3,1,294,0.2835296279531158
3,1,295,0.28511539648766726
3,1,296,0.2887088861348191
3,1,297,0.2923543406094746
3,1,298,0.2943475012036464
3,1,299,0.2940462553616134
3,1,300,0.29234734546984376
3,1,301,0.29064041828939463
3,1,302,0.2897509904263392
3,1,303,0.290226288290843
3,1,304,0.292565282196532
3,1,305,0.29646501555516114
3,1,306,0.3006944620667118
3,1,307,0.3037241107725281
3,1,308,0.30434090742256786
3,1,309,0.3022800748964922
3,1,310,0.29823039826952547
3,1,311,0.29309404687960405
3,1,312,0.28751518536918824
3,1,313,0.281780489808632
3,1,314,0.27595987135865746
3,1,315,0.27044222398120443
3,1,316,0.26549581700438546
3,1,317,0.2607603430269346
3,1,318,0.2566767464119281
3,1,319,0.25479071758342464
3,1,320,0.25566031016656815
3,1,321,0.2580145188936773
3,1,322,0.2598608239980575
3,1,323,0.25919241386687847
3,1,324,0.25443724128189227
3,1,325,0.24584487670521174
3,1,326,0.23623169887300216
3,1,327,0.22888177019842781
3,1,328,0.22483101360979546
3,1,329,0.22360893472871127
3,1,330,0.22541707160291485
3,1,331,0.23083143922631458
3,1,332,0.23921466378435474
3,1,333,0.24767388135337645
3,1,334,0.2522666708555384
3,1,335,0.25106003418149164
3,1,336,0.24545132668737327
3,1,337,0.23880535602538308
3,1,338,0.2346858824948345
3,1,339,0.23562459683797182
3,1,340,0.24196283727504334
3,1,341,0.2513986962759995
3,1,342,0.25981692340950485
3,1,343,0.26315780969281305
3,1,344,0.26018590448335366
3,1,345,0.2537601485456524
3,1,346,0.24877037483854125
3,1,347,0.2486135767380312
3,1,348,0.25354202120593905
3,1,349,0.2615571663196546
3,1,350,0.26970658909541123
3,1,351,0.27519432182552783
3,1,352,0.2763779118233206
3,1,353,0.27327115555956605
3,1,354,0.2680203759350008
3,1,355,0.26403785347415876
3,1,356,0.2634433365694958
3,1,357,0.26548720677051335
3,1,358,0.2675344076849533
3,1,359,0.26750608056765063
3,1,360,0.2654543984298405
3,15,0,0.5597096519997402
3,15,1,0.5628701978638778
3,15,2,0.5650954912191495
3,15,3,0.5658797896438329
3,15,4,0.56631629322552
3,15,5,0.567693094611403
3,15,6,0.569504127060052
3,15,7,0.5705933473900773
3,15,8,0.5708899152741351
3,15,9,0.5706988846150577
3,15,10,0.5689127253423029
3,15,11,0.5623673919146848
3,15,12,0.5485207048457272
3,15,13,0.5293814107605151
3,15,14,0.5112295725311236
3,15,15,0.5015079044472062
3,15,16,0.5086518334821803
3,15,17,0.5411252384619623
3,15,18,0.598313504717387
3,15,19,0.662501349285292
3,15,20,0.7062952255012763
3,15,21,0.7110602215622684
3,15,22,0.6787129654609164
3,15,23,0.6296926010883435
3,15,24,0.5945596138529887
3,15,25,0.5977568080921601
3,15,26,0.6351740129840397
3,15,27,0.6795106729390161
3,15,28,0.7116165109850795
3,15,29,0.7347277285776056
3,15,30,0.763873688402515
3,15,31,0.8089627634694946
3,15,32,0.8672056222035665
3,15,33,0.9262452269137704
3,15,34,0.9703323194174004
3,15,35,0.9888745003404444
3,15,36,0.9857466248182687
3,15,37,0.9774504624835342
3,15,38,0.9792653957373909
3,15,39,0.9942529309076132
3,15,40,1.013581560267616
3,15,41,1.0239379499694805
3,15,42,1.015935325138235
3,15,43,0.9886903427202693
3,15,44,0.9480576466948368
3,15,45,0.900795704703878
3,15,46,0.8509471899843749
3,15,47,0.8004723883586933
3,15,48,0.749784673587893
3,15,49,0.6986628209248804
3,15,50,0.6491596435098433
3,15,51,0.6050664260880305
3,15,52,0.5680841373207948
3,15,53,0.5373344652072561
3,15,54,0.5118082221600425
3,15,55,0.4910231526124239
3,15,56,0.4746769701523543
3,15,57,0.46242777555557196
3,15,58,0.4526410234187334
3,15,59,0.4426374276159372
3,15,60,0.43103293881783133
3,15,61,0.418349852477527
3,15,62,0.4055882969979154
3,15,63,0.39328555183451436
3,15,64,0.38216381142279143
3,15,65,0.3748924106615423
3,15,66,0.37476102364554303
3,15,67,0.38232326420227464
3,15,68,0.3956684244329725
3,15,69,0.409566864981378
3,15,70,0.41428054187133945
3,15,71,0.40305322066345073
3,15,72,0.38041457625773245
3,15,73,0.35867845597201836
3,15,74,0.34607531400523794
3,15,75,0.3418626387268052
3,15,76,0.3417681525134467
3,15,77,0.34225876634626057
3,15,78,0.34117572356589726
3,15,79,0.33782774653018866
3,15,80,0.332799315037419
3,15,81,0.3277133891162725
3,15,82,0.32461806242916746
3,15,83,0.32404522755246545
3,15,84,0.3238639976492897
3,15,85,0.3212724224198331
3,15,86,0.31507001344781127
3,15,87,0.30547810243150764
3,15,88,0.29341586282489046
3,15,89,0.28065946039478046
3,15,90,0.26958229081559054
3,15,91,0.26223385480265154
3,15,92,0.2600259845217927
3,15,93,0.2632477735189584
3,15,94,0.2703137237254281
3,15,95,0.279436698395149
3,15,96,0.2906387221477678
3,15,97,0.30402840502880124
3,15,98,0.3170324164467724
3,15,99,0.3255451051509642
3,15,100,0.32742015549981773
3,15,101,0.3242034097871268
3,15,102,0.31935734690301537
3,15,103,0.31427313787024647
3,15,104,0.30744348690464735
3,15,105,0.29846143726835206
3,15,106,0.29051911942007164
3,15,107,0.28710303085197947
3,15,108,0.2881563035555031
3,15,109,0.2910713786994502
3,15,110,0.293782878051877
3,15,111,0.2960498376545997
3,15,112,0.2974573682636556
3,15,113,0.29574222665480565
3,15,114,0.28918411218295265
3,15,115,0.27910795735324695
3,15,116,0.2691510972180025
3,15,117,0.26363389927331643
3,15,118,0.26497770153263495
3,15,119,0.2712067897507555
3,15,120,0.27761157949395865
3,15,121,0.2807703697771546
3,15,122,0.2795734517972645
3,15,123,0.27372356988321966
3,15,124,0.264422798442772
3,15,125,0.2558528827756965
3,15,126,0.2527250673315763
3,15,127,0.25561514326397244
3,15,128,0.26132944113093554
3,15,129,0.26750639338673726
3,15,130,0.2734472515839567
3,15,131,0.2780386849134377
3,15,132,0.27988646554088825
3,15,133,0.2790759383251282
3,15,134,0.27662283952763544
3,15,135,0.2724948833211031
3,15,136,0.2660994163249232
3,15,137,0.25682201429098944
3,15,138,0.24470142937410388
3,15,139,0.2325637926784132
3,15,140,0.22468996842362454
3,15,141,0.22243162927539956
3,15,142,0.2242497776784196
3,15,143,0.22923769564013904
3,15,144,0.2369985464597091
3,15,145,0.24524641408596357
3,15,146,0.2503185443960155
3,15,147,0.24934329096119526
3,15,148,0.2420462146657853
3,15,149,0.23190643690923535
3,15,150,0.2238191133534444
3,15,151,0.21886706406879808
3,15,152,0.21447873347310722
3,15,153,0.20945702925719287
3,15,154,0.2056870875686192
3,15,155,0.2060848110262933
3,15,156,0.21160054471741238
3,15,157,0.21988750367629462
3,15,158,0.22728990975468982
3,15,159,0.231485891720245
3,15,160,0.2321792168552642
3,15,161,0.2310054156798658
3,15,162,0.23014596140325025
3,15,163,0.23046618558098494
3,15,164,0.23139473828893722
3,15,165,0.23257342227023073
3,15,166,0.2354334512298621
3,15,167,0.2418557616179168
3,15,168,0.2510375145363991
3,15,169,0.25931364164335485
3,15,170,0.2632938243144096
3,15,171,0.26182646335987453
3,15,172,0.2563067456801578
3,15,173,0.2503468917849963
3,15,174,0.24794614661507372
3,15,175,0.25118393446546633
3,15,176,0.2595988402987664
3,15,177,0.27126171618547196
3,15,178,0.28309651851627377
3,15,179,0.29081510566883895
3,15,180,0.2900238297775853
3,15,181,0.2783204715298638
3,15,182,0.25741487527122336
3,15,183,0.23357874919199215
3,15,184,0.21539235278355712
3,15,185,0.20989072729937427
3,15,186,0.21869288122760724
3,15,187,0.23694490773871388
3,15,188,0.257229029799093
3,15,189,0.27337924141467873
3,15,190,0.2815123383789685
3,15,191,0.2808279694218268
3,15,192,0.2745822242043573
3,15,193,0.26995565624567447
3,15,194,0.27488192344776774
3,15,195,0.29295587038688037
3,15,196,0.3231688001075119
3,15,197,0.3636189207301901
3,15,198,0.41190772170359974
3,15,199,0.463371238040023
3,15,200,0.5119081005140876
3,15,201,0.5522128077245029
3,15,202,0.5811944107946293
3,15,203,0.5980331724220022
3,15,204,0.6032571856863422
3,15,205,0.5987752907256468
3,15,206,0.5882726302875783
3,15,207,0.5758945492498125
3,15,208,0.5649580372023556
3,15,209,0.5573878476700685
3,15,210,0.5524960980564857
3,15,211,0.5480250893916498
3,15,212,0.5431671171020354
3,15,213,0.5387529098597937
3,15,214,0.5355244139268774
3,15,215,0.5329169999532486
3,15,216,0.529281986119409
3,15,217,0.5239504580916583
3,15,218,0.5178255181515109
3,15,219,0.5113246293437426
3,15,220,0.5029630662316608
3,15,221,0.4905700197238714
3,15,222,0.47409038081481847
3,15,223,0.45674104278678224
3,15,224,0.4427385137614113
3,15,225,0.43433473498097225
3,15,226,0.4315160657691216
3,15,227,0.4335305705690844
3,15,228,0.43904730751458326
3,15,229,0.4457846147433803
3,15,230,0.4517411982727137
3,15,231,0.4559289720688313
3,15,232,0.45773011474713
3,15,233,0.456545037034721
3,15,234,0.4521030515940879
3,15,235,0.4452542187011937
3,15,236,0.4385194278464585
3,15,237,0.4345916119557145
3,15,238,0.43350118601613663
3,15,239,0.43262969840945303
3,15,240,0.4297531282272942
3,15,241,0.42419371586362037
3,15,242,0.4157789272326454
3,15,243,0.40522729883408604
3,15,244,0.3952078125598919
3,15,245,0.38926937766772673
3,15,246,0.3891213011778845
3,15,247,0.39315171347471406
3,15,248,0.3976444571989444
3,15,249,0.39928028281793765
3,15,250,0.3966742061446922
3,15,251,0.3902468223798066
3,15,252,0.38117454405773304
3,15,253,0.370875617659289
3,15,254,0.36090238617848236
3,15,255,0.35264824432957426
3,15,256,0.34712247207153846
3,15,257,0.3442652942926543
3,15,258,0.3422302069142265
3,15,259,0.3385859298885383
3,15,260,0.3325688401975222
3,15,261,0.3257295709610985
3,15,262,0.32050329627998636
3,15,263,0.3183206479069114
3,15,264,0.31879532436619806
3,15,265,0.3203755565676461
3,15,266,0.3219851378174474
3,15,267,0.3242074374565477
3,15,268,0.3278184990221121
3,15,269,0.3312960997731124
3,15,270,0.3312641825205228
3,15,271,0.32473808264840165
3,15,272,0.31112518426095065
3,15,273,0.29379322616652265
3,15,274,0.27881648132076153
3,15,275,0.2703481572953335
3,15,276,0.26805808930818825
3,15,277,0.26965083632558384
3,15,278,0.27371576434420725
3,15,279,0.2797707580629398
3,15,280,0.28705102918330183
3,15,281,0.29382815763937464
3,15,282,0.297870440111806
3,15,283,0.2978342328036023
3,15,284,0.29446746710024874
3,15,285,0.29041220241751503
3,15,286,0.2886635735184693
3,15,287,0.2909805040607942
3,15,288,0.2977799703471685
3,15,289,0.30864435143942515
3,15,290,0.32184317390616884
3,15,291,0.33366404420974327
3,15,292,0.33957665794801883
3,15,293,0.33723574992149646
3,15,294,0.328654151332639
3,15,295,0.319119245973529
3,15,296,0.3133616131357676
3,15,297,0.3126014189110338
3,15,298,0.3150565005566241
3,15,299,0.3182660987341022
3,15,300,0.3210357188430948
3,15,301,0.32379458211954537
3,15,302,0.32735089498985986
3,15,303,0.33201286482873427
3,15,304,0.3378685300557453
3,15,305,0.3448314471891807
3,15,306,0.3514184985187766
3,15,307,0.3549198909078369
3,15,308,0.3536568410264537
3,15,309,0.34804329133795314
3,15,310,0.3397046197272285
3,15,311,0.33041666064304415
3,15,312,0.32158215204123297
3,15,313,0.31372137499934716
3,15,314,0.3065435384669175
3,15,315,0.30024104992685885
3,15,316,0.2964149939396032
3,15,317,0.29685198858800294
3,15,318,0.3015907300867598
3,15,319,0.3085940508215276
3,15,320,0.31524473742895004
3,15,321,0.3194668470794227
3,15,322,0.31995333726020636
3,15,323,0.3169191909525384
3,15,324,0.3121062973160358
3,15,325,0.30748475654906693
3,15,326,0.3040961091388116
3,15,327,0.30099825684719955
3,15,328,0.29565691952904094
3,15,329,0.2868285305992501
3,15,330,0.276580140902064
3,15,331,0.2684910999486921
3,15,332,0.26405086018229074
3,15,333,0.2621577116235505
3,15,334,0.26171174324103064
3,15,335,0.2628653420254701
3,15,336,0.26634874749014137
3,15,337,0.27230378109406084
3,15,338,0.27928979093058526
3,15,339,0.28486976604358055
3,15,340,0.2872182306908927
3,15,341,0.2857475620494289
3,15,342,0.28121554229799306
3,15,343,0.2759773997943164
3,15,344,0.2728598041249168
3,15,345,0.27277493888038573
3,15,346,0.2739840827551383
3,15,347,0.2738142939950738
3,15,348,0.2704388923750332
3,15,349,0.2637984537254267
3,15,350,0.2564120316297484
3,15,351,0.2527404324954881
3,15,352,0.2560077236766467
3,15,353,0.265471150791717
3,15,354,0.27732705956479015
3,15,355,0.28802290631638766
3,15,356,0.296086994271255
3,15,357,0.30095910536077847
3,15,358,0.30178457936654074
3,15,359,0.29854908772868727
3,15,360,0.2928784080445921
