deviant_position,time_from_deviant_ms,auc
1,0,0.499904
1,1,0.516096
1,2,0.52672
1,3,0.525888
1,4,0.536576
1,5,0.53696
1,6,0.521408
1,7,0.49792
1,8,0.488
1,9,0.47968
1,10,0.478016
1,11,0.492992
1,12,0.517184
1,13,0.54048
1,14,0.542848
1,15,0.528576
1,16,0.515712
1,17,0.51808
1,18,0.520768
1,19,0.515456
1,20,0.526912
1,21,0.541504
1,22,0.539584
1,23,0.52128
1,24,0.477248
1,25,0.444224
1,26,0.436928
1,27,0.419904
1,28,0.425472
1,29,0.45952
1,30,0.506688
1,31,0.570112
1,32,0.617792
1,33,0.608064
1,34,0.57472
1,35,0.544192
1,36,0.548928
1,37,0.572416
1,38,0.576
1,39,0.56512
1,40,0.558592
1,41,0.55264
1,42,0.564992
1,43,0.598912
1,44,0.613248
1,45,0.615488
1,46,0.63072
1,47,0.644416
1,48,0.660224
1,49,0.669056
1,50,0.672512
1,51,0.674816
1,52,0.667072
1,53,0.648576
1,54,0.635456
1,55,0.646336
1,56,0.671168
1,57,0.68896
1,58,0.696128
1,59,0.688
1,60,0.684672
1,61,0.683712
1,62,0.678016
1,63,0.661632
1,64,0.640512
1,65,0.626688
1,66,0.623488
1,67,0.631424
1,68,0.633728
1,69,0.633728
1,70,0.64
1,71,0.64128
1,72,0.642752
1,73,0.639808
1,74,0.622784
1,75,0.598272
1,76,0.578112
1,77,0.56288
1,78,0.554112
1,79,0.56736
1,80,0.583744
1,81,0.5984
1,82,0.614912
1,83,0.620736
1,84,0.62496
1,85,0.623808
1,86,0.61344
1,87,0.601408
1,88,0.587072
1,89,0.571456
1,90,0.5616
1,91,0.573248
1,92,0.592192
1,93,0.5888
1,94,0.583488
1,95,0.574656
1,96,0.557312
1,97,0.557056
1,98,0.574208
1,99,0.588288
1,100,0.5904
1,101,0.578624
1,102,0.568448
1,103,0.571392
1,104,0.581888
1,105,0.58784
1,106,0.589248
1,107,0.577984
1,108,0.57056
1,109,0.588416
1,110,0.599232
1,111,0.576576
1,112,0.54368
1,113,0.524864
1,114,0.534784
1,115,0.571776
1,116,0.599808
1,117,0.606848
1,118,0.605376
1,119,0.603968
1,120,0.598784
1,121,0.596096
1,122,0.607104
1,123,0.628544
1,124,0.637504
1,125,0.635136
1,126,0.635904
1,127,0.646528
1,128,0.657472
1,129,0.64832
1,130,0.630912
1,131,0.603264
1,132,0.582528
1,133,0.572224
1,134,0.586816
1,135,0.603584
1,136,0.616768
1,137,0.63136
1,138,0.625728
1,139,0.609088
1,140,0.59392
1,141,0.584384
1,142,0.579008
1,143,0.584128
1,144,0.597248
1,145,0.601408
1,146,0.593792
1,147,0.585088
1,148,0.578304
1,149,0.586688
1,150,0.600832
1,151,0.616832
1,152,0.620992
1,153,0.627712
1,154,0.624576
1,155,0.608576
1,156,0.591744
1,157,0.584512
1,158,0.58272
1,159,0.582464
1,160,0.5776
1,161,0.567296
1,162,0.553344
1,163,0.556032
1,164,0.568512
1,165,0.572992
1,166,0.572864
1,167,0.555328
1,168,0.544512
1,169,0.533376
1,170,0.528576
1,171,0.525312
1,172,0.524224
1,173,0.52288
1,174,0.528832
1,175,0.520192
1,176,0.511232
1,177,0.513728
1,178,0.514816
1,179,0.506816
1,180,0.514624
1,181,0.539968
1,182,0.56448
1,183,0.571392
1,184,0.575168
1,185,0.587968
1,186,0.60864
1,187,0.619328
1,188,0.617536
1,189,0.605888
1,190,0.594688
1,191,0.610304
1,192,0.625344
1,193,0.629504
1,194,0.631488
1,195,0.625344
1,196,0.617728
1,197,0.5984
1,198,0.575104
1,199,0.570432
1,200,0.579328
1,201,0.582144
1,202,0.58272
1,203,0.587648
1,204,0.593216
1,205,0.59072
1,206,0.595584
1,207,0.598272
1,208,0.596416
1,209,0.590464
1,210,0.572416
1,211,0.5808
1,212,0.6256
1,213,0.674368
1,214,0.68736
1,215,0.694912
1,216,0.690112
1,217,0.68128
1,218,0.66272
1,219,0.638912
1,220,0.62336
1,221,0.619264
1,222,0.619072
1,223,0.639744
1,224,0.661504
1,225,0.668992
1,226,0.66976
1,227,0.661952
1,228,0.653632
1,229,0.636544
1,230,0.609152
1,231,0.581504
1,232,0.573568
1,233,0.596416
1,234,0.620928
1,235,0.621888
1,236,0.613568
1,237,0.625664
1,238,0.636032
1,239,0.632768
1,240,0.626432
1,241,0.624128
1,242,0.615744
1,243,0.59936
1,244,0.581184
1,245,0.564864
1,246,0.572032
1,247,0.59648
1,248,0.623104
1,249,0.64512
1,250,0.647232
1,251,0.618112
1,252,0.5856
1,253,0.563136
1,254,0.552448
1,255,0.543808
1,256,0.533888
1,257,0.5312
1,258,0.530304
1,259,0.523648
1,260,0.507264
1,261,0.504832
1,262,0.52128
1,263,0.528
1,264,0.529856
1,265,0.530816
1,266,0.5296
1,267,0.532288
1,268,0.528704
1,269,0.511168
1,270,0.496768
1,271,0.47552
1,272,0.474048
1,273,0.487232
1,274,0.509696
1,275,0.528
1,276,0.531904
1,277,0.529728
1,278,0.548736
1,279,0.578752
1,280,0.612544
1,281,0.63328
1,282,0.626496
1,283,0.607488
1,284,0.59008
1,285,0.58752
1,286,0.598912
1,287,0.589568
1,288,0.559616
1,289,0.534912
1,290,0.528832
1,291,0.534912
1,292,0.51072
1,293,0.483776
1,294,0.464128
1,295,0.446784
1,296,0.45632
1,297,0.47456
1,298,0.48128
1,299,0.484544
1,300,0.484352
1,301,0.483904
1,302,0.473728
1,303,0.479168
1,304,0.500416
1,305,0.515456
1,306,0.53792
1,307,0.549248
1,308,0.562752
1,309,0.576704
1,310,0.580928
1,311,0.584576
1,312,0.591808
1,313,0.597952
1,314,0.60096
1,315,0.600832
1,316,0.60192
1,317,0.594496
1,318,0.567168
1,319,0.521856
1,320,0.48224
1,321,0.508096
1,322,0.56384
1,323,0.599744
1,324,0.606848
1,325,0.596096
1,326,0.573824
1,327,0.535104
1,328,0.498752
1,329,0.472512
1,330,0.464832
1,331,0.468288
1,332,0.46528
1,333,0.461824
1,334,0.466304
1,335,0.480512
1,336,0.515776
1,337,0.548288
1,338,0.5808
1,339,0.61056
1,340,0.624704
1,341,0.584256
1,342,0.536384
1,343,0.522368
1,344,0.514816
1,345,0.496576
1,346,0.486912
1,347,0.493184
1,348,0.481856
1,349,0.479616
1,350,0.475136
1,351,0.46368
1,352,0.455808
1,353,0.439552
1,354,0.433216
1,355,0.442752
1,356,0.467904
1,357,0.488384
1,358,0.492864
1,359,0.501632
1,360,0.5296
2,0,0.507392
2,1,0.524928
2,2,0.54592
2,3,0.574912
2,4,0.587392
2,5,0.577152
2,6,0.561792
2,7,0.541504
2,8,0.525056
2,9,0.512576
2,10,0.509824
2,11,0.507904
2,12,0.492032
2,13,0.48256
2,14,0.478464
2,15,0.484224
2,16,0.499072
2,17,0.511616
2,18,0.527104
2,19,0.545152
2,20,0.54912
2,21,0.529408
2,22,0.489024
2,23,0.45664
2,24,0.46656
2,25,0.46496
2,26,0.45952
2,27,0.454272
2,28,0.46336
2,29,0.477248
2,30,0.483904
2,31,0.484288
2,32,0.49216
2,33,0.503488
2,34,0.523072
2,35,0.548032
2,36,0.57344
2,37,0.6064
2,38,0.636352
2,39,0.66432
2,40,0.682112
2,41,0.69248
2,42,0.692928
2,43,0.70144
2,44,0.723712
2,45,0.743936
2,46,0.759936
2,47,0.774656
2,48,0.800384
2,49,0.811392
2,50,0.802496
2,51,0.786304
2,52,0.766976
2,53,0.756352
2,54,0.758784
2,55,0.772032
2,56,0.783424
2,57,0.782464
2,58,0.78272
2,59,0.78208
2,60,0.77312
2,61,0.763072
2,62,0.76256
2,63,0.760896
2,64,0.74688
2,65,0.729152
2,66,0.724992
2,67,0.710784
2,68,0.68736
2,69,0.668608
2,70,0.657472
2,71,0.650688
2,72,0.647104
2,73,0.646784
2,74,0.66592
2,75,0.689984
2,76,0.696832
2,77,0.683008
2,78,0.665664
2,79,0.649024
2,80,0.640768
2,81,0.638208
2,82,0.6464
2,83,0.667136
2,84,0.695552
2,85,0.713664
2,86,0.717888
2,87,0.711936
2,88,0.70848
2,89,0.710208
2,90,0.716032
2,91,0.713472
2,92,0.704064
2,93,0.685312
2,94,0.67296
2,95,0.66496
2,96,0.66656
2,97,0.672768
2,98,0.6832
2,99,0.69248
2,100,0.694336
2,101,0.681344
2,102,0.663296
2,103,0.654464
2,104,0.652288
2,105,0.640576
2,106,0.628928
2,107,0.624896
2,108,0.624512
2,109,0.625728
2,110,0.607424
2,111,0.5792
2,112,0.569408
2,113,0.585536
2,114,0.619968
2,115,0.640064
2,116,0.643264
2,117,0.62272
2,118,0.60384
2,119,0.588352
2,120,0.566144
2,121,0.547264
2,122,0.539136
2,123,0.547072
2,124,0.567872
2,125,0.601728
2,126,0.635456
2,127,0.65408
2,128,0.647552
2,129,0.640448
2,130,0.646656
2,131,0.664064
2,132,0.668096
2,133,0.655744
2,134,0.63904
2,135,0.626432
2,136,0.623232
2,137,0.629376
2,138,0.642496
2,139,0.666944
2,140,0.68224
2,141,0.683904
2,142,0.668608
2,143,0.660928
2,144,0.652096
2,145,0.636544
2,146,0.631744
2,147,0.650176
2,148,0.667584
2,149,0.676352
2,150,0.672576
2,151,0.656256
2,152,0.637184
2,153,0.620544
2,154,0.62656
2,155,0.65888
2,156,0.69504
2,157,0.71712
2,158,0.7232
2,159,0.712512
2,160,0.697984
2,161,0.689472
2,162,0.686208
2,163,0.681344
2,164,0.684352
2,165,0.6816
2,166,0.668352
2,167,0.65632
2,168,0.637696
2,169,0.60576
2,170,0.579008
2,171,0.566976
2,172,0.573696
2,173,0.595008
2,174,0.618048
2,175,0.64096
2,176,0.64096
2,177,0.61984
2,178,0.59456
2,179,0.574016
2,180,0.55936
2,181,0.542144
2,182,0.539264
2,183,0.553024
2,184,0.57216
2,185,0.589312
2,186,0.594176
2,187,0.589952
2,188,0.582272
2,189,0.577216
2,190,0.574592
2,191,0.580544
2,192,0.603392
2,193,0.627008
2,194,0.628032
2,195,0.616704
2,196,0.61056
2,197,0.620736
2,198,0.624448
2,199,0.620736
2,200,0.604736
2,201,0.594112
2,202,0.592896
2,203,0.59424
2,204,0.595456
2,205,0.595008
2,206,0.602048
2,207,0.605632
2,208,0.593856
2,209,0.575296
2,210,0.551168
2,211,0.536064
2,212,0.53056
2,213,0.555264
2,214,0.589248
2,215,0.616768
2,216,0.63872
2,217,0.65312
2,218,0.665472
2,219,0.678656
2,220,0.6816
2,221,0.66976
2,222,0.658432
2,223,0.657984
2,224,0.649088
2,225,0.6336
2,226,0.614528
2,227,0.604224
2,228,0.6
2,229,0.610368
2,230,0.620096
2,231,0.632
2,232,0.639488
2,233,0.650048
2,234,0.666432
2,235,0.681536
2,236,0.69376
2,237,0.698688
2,238,0.688768
2,239,0.66784
2,240,0.6448
2,241,0.620672
2,242,0.596736
2,243,0.57056
2,244,0.548096
2,245,0.545024
2,246,0.558528
2,247,0.565888
2,248,0.562752
2,249,0.568512
2,250,0.587648
2,251,0.585408
2,252,0.571136
2,253,0.57408
2,254,0.580864
2,255,0.57376
2,256,0.558336
2,257,0.564928
2,258,0.582144
2,259,0.593024
2,260,0.578944
2,261,0.557696
2,262,0.536896
2,263,0.52544
2,264,0.515776
2,265,0.537472
2,266,0.575936
2,267,0.589632
2,268,0.582208
2,269,0.562944
2,270,0.558848
2,271,0.571968
2,272,0.597952
2,273,0.591296
2,274,0.560448
2,275,0.524928
2,276,0.493376
2,277,0.476032
2,278,0.487488
2,279,0.515968
2,280,0.532096
2,281,0.52512
2,282,0.496768
2,283,0.45696
2,284,0.442688
2,285,0.46016
2,286,0.514816
2,287,0.54432
2,288,0.549888
2,289,0.532416
2,290,0.526144
2,291,0.541696
2,292,0.559232
2,293,0.561664
2,294,0.542464
2,295,0.507072
2,296,0.473984
2,297,0.445248
2,298,0.42304
2,299,0.41088
2,300,0.420288
2,301,0.439488
2,302,0.460672
2,303,0.47712
2,304,0.479232
2,305,0.468928
2,306,0.45888
2,307,0.461184
2,308,0.478656
2,309,0.511936
2,310,0.5424
2,311,0.549632
2,312,0.53792
2,313,0.52864
2,314,0.524736
2,315,0.520064
2,316,0.511744
2,317,0.495168
2,318,0.488448
2,319,0.50272
2,320,0.540928
2,321,0.585408
2,322,0.600896
2,323,0.588096
2,324,0.569024
2,325,0.565824
2,326,0.577152
2,327,0.581568
2,328,0.56448
2,329,0.53344
2,330,0.503808
2,331,0.48576
2,332,0.478336
2,333,0.491008
2,334,0.498112
2,335,0.493824
2,336,0.491072
2,337,0.4832
2,338,0.48768
2,339,0.49728
2,340,0.514176
2,341,0.528832
2,342,0.52768
2,343,0.513344
2,344,0.508928
2,345,0.516352
2,346,0.526656
2,347,0.523136
2,348,0.498752
2,349,0.47424
2,350,0.474048
2,351,0.486528
2,352,0.49504
2,353,0.48928
2,354,0.476352
2,355,0.481024
2,356,0.492544
2,357,0.502464
2,358,0.513216
2,359,0.514816
2,360,0.518464
3,0,0.538368
3,1,0.519168
3,2,0.507328
3,3,0.510336
3,4,0.526976
3,5,0.542976
3,6,0.549248
3,7,0.539904
3,8,0.526656
3,9,0.52704
3,10,0.532224
3,11,0.534912
3,12,0.519744
3,13,0.490944
3,14,0.469952
3,15,0.46912
3,16,0.469952
3,17,0.473728
3,18,0.473088
3,19,0.48448
3,20,0.508352
3,21,0.524032
3,22,0.527616
3,23,0.532864
3,24,0.521216
3,25,0.480064
3,26,0.465216
3,27,0.477632
3,28,0.504576
3,29,0.531904
3,30,0.562688
3,31,0.57312
3,32,0.584896
3,33,0.60128
3,34,0.618112
3,35,0.629888
3,36,0.63808
3,37,0.64992
3,38,0.655104
3,39,0.667136
3,40,0.676736
3,41,0.684352
3,42,0.690944
3,43,0.690304
3,44,0.689024
3,45,0.68928
3,46,0.702656
3,47,0.715328
3,48,0.735424
3,49,0.76224
3,50,0.796288
3,51,0.816896
3,52,0.811584
3,53,0.799488
3,54,0.787136
3,55,0.778048
3,56,0.773568
3,57,0.764864
3,58,0.759872
3,59,0.757568
3,60,0.754944
3,61,0.751808
3,62,0.75008
3,63,0.733888
3,64,0.711232
3,65,0.680832
3,66,0.661632
3,67,0.65024
3,68,0.6304
3,69,0.613376
3,70,0.615104
3,71,0.617088
3,72,0.620544
3,73,0.624256
3,74,0.617344
3,75,0.604352
3,76,0.597184
3,77,0.595584
3,78,0.592192
3,79,0.576704
3,80,0.554624
3,81,0.535168
3,82,0.520384
3,83,0.50944
3,84,0.513728
3,85,0.542464
3,86,0.58912
3,87,0.628992
3,88,0.643456
3,89,0.633216
3,90,0.614208
3,91,0.606272
3,92,0.605248
3,93,0.598912
3,94,0.579968
3,95,0.570304
3,96,0.57024
3,97,0.583296
3,98,0.589056
3,99,0.585536
3,100,0.597952
3,101,0.61088
3,102,0.613568
3,103,0.606784
3,104,0.611904
3,105,0.619584
3,106,0.613888
3,107,0.600256
3,108,0.573568
3,109,0.546688
3,110,0.528576
3,111,0.512128
3,112,0.510528
3,113,0.536384
3,114,0.556928
3,115,0.565376
3,116,0.574016
3,117,0.600128
3,118,0.633728
3,119,0.656704
3,120,0.672384
3,121,0.679616
3,122,0.679168
3,123,0.678336
3,124,0.671808
3,125,0.655872
3,126,0.64224
3,127,0.644096
3,128,0.657728
3,129,0.66848
3,130,0.677824
3,131,0.684352
3,132,0.689216
3,133,0.674624
3,134,0.659776
3,135,0.64352
3,136,0.623552
3,137,0.620288
3,138,0.632448
3,139,0.656896
3,140,0.685952
3,141,0.701056
3,142,0.69664
3,143,0.684992
3,144,0.66848
3,145,0.652096
3,146,0.643968
3,147,0.63168
3,148,0.628736
3,149,0.632768
3,150,0.654464
3,151,0.68064
3,152,0.70528
3,153,0.718656
3,154,0.723008
3,155,0.723136
3,156,0.724672
3,157,0.716608
3,158,0.69728
3,159,0.66592
3,160,0.641856
3,161,0.641216
3,162,0.65152
3,163,0.66272
3,164,0.669504
3,165,0.66784
3,166,0.660928
3,167,0.650048
3,168,0.63488
3,169,0.624448
3,170,0.618304
3,171,0.636672
3,172,0.655296
3,173,0.662592
3,174,0.662528
3,175,0.681792
3,176,0.713408
3,177,0.732608
3,178,0.729408
3,179,0.720512
3,180,0.713856
3,181,0.699968
3,182,0.679936
3,183,0.669696
3,184,0.678144
3,185,0.689088
3,186,0.69792
3,187,0.696384
3,188,0.699328
3,189,0.707712
3,190,0.7104
3,191,0.696832
3,192,0.68
3,193,0.682752
3,194,0.693696
3,195,0.706176
3,196,0.69632
3,197,0.68096
3,198,0.666624
3,199,0.65728
3,200,0.659392
3,201,0.664
3,202,0.671424
3,203,0.6864
3,204,0.699392
3,205,0.705152
3,206,0.713024
3,207,0.72128
3,208,0.736
3,209,0.751232
3,210,0.757376
3,211,0.752512
3,212,0.738816
3,213,0.714816
3,214,0.691904
3,215,0.673536
3,216,0.65664
3,217,0.642112
3,218,0.631616
3,219,0.630272
3,220,0.62976
3,221,0.632064
3,222,0.648
3,223,0.666304
3,224,0.682624
3,225,0.695488
3,226,0.698176
3,227,0.688512
3,228,0.677248
3,229,0.663488
3,230,0.653056
3,231,0.661056
3,232,0.67968
3,233,0.697152
3,234,0.70016
3,235,0.690112
3,236,0.683584
3,237,0.669632
3,238,0.650112
3,239,0.641984
3,240,0.635584
3,241,0.634176
3,242,0.648448
3,243,0.672704
3,244,0.688768
3,245,0.688064
3,246,0.66656
3,247,0.651776
3,248,0.65216
3,249,0.666944
3,250,0.678016
3,251,0.684608
3,252,0.684736
3,253,0.669888
3,254,0.654144
3,255,0.64896
3,256,0.65504
3,257,0.659968
3,258,0.659584
3,259,0.660224
3,260,0.662976
3,261,0.669568
3,262,0.666688
3,263,0.651648
3,264,0.63232
3,265,0.615232
3,266,0.598656
3,267,0.597056
3,268,0.606848
3,269,0.610944
3,270,0.591744
3,271,0.581248
3,272,0.584128
3,273,0.596608
3,274,0.609216
3,275,0.624896
3,276,0.62912
3,277,0.630272
3,278,0.628352
3,279,0.622016
3,280,0.630336
3,281,0.645312
3,282,0.655296
3,283,0.653568
3,284,0.649856
3,285,0.641152
3,286,0.62944
3,287,0.62208
3,288,0.621824
3,289,0.622144
3,290,0.613568
3,291,0.60704
3,292,0.610752
3,293,0.616896
3,294,0.618304
3,295,0.612992
3,296,0.604928
3,297,0.599104
3,298,0.606592
3,299,0.622656
3,300,0.627776
3,301,0.64096
3,302,0.65696
3,303,0.664064
3,304,0.6464
3,305,0.611584
3,306,0.584256
3,307,0.558144
3,308,0.540928
3,309,0.544384
3,310,0.545536
3,311,0.531456
3,312,0.523648
3,313,0.534144
3,314,0.55456
3,315,0.571072
3,316,0.581952
3,317,0.580096
3,318,0.566976
3,319,0.5552
3,320,0.553088
3,321,0.564928
3,322,0.582272
3,323,0.59936
3,324,0.608192
3,325,0.609536
3,326,0.606208
3,327,0.60448
3,328,0.596928
3,329,0.586304
3,330,0.58208
3,331,0.585664
3,332,0.600448
3,333,0.60832
3,334,0.606144
3,335,0.586496
3,336,0.56992
3,337,0.56512
3,338,0.5728
3,339,0.580224
3,340,0.579072
3,341,0.56928
3,342,0.557056
3,343,0.548352
3,344,0.528256
3,345,0.515072
3,346,0.533504
3,347,0.553088
3,348,0.554112
3,349,0.545472
3,350,0.544448
3,351,0.56416
3,352,0.58368
3,353,0.582016
3,354,0.559936
3,355,0.536768
3,356,0.517888
3,357,0.510848
3,358,0.506944
3,359,0.502592
3,360,0.487808
