deviant_position,repetition,sequence_time_ms,gfp_au
1,1,0,0.06918905076820667
1,1,1,0.0747625332647968
1,1,2,0.08100261825316081
1,1,3,0.08849367489944308
1,1,4,0.0967894791730473
1,1,5,0.10456158046299113
1,1,6,0.11034813608041964
1,1,7,0.11276650544385088
1,1,8,0.11123407449424656
1,1,9,0.1066846489919217
1,1,10,0.10134592780842806
1,1,11,0.09802632337294681
1,1,12,0.097984639606741
1,1,13,0.09666532910596055
1,1,14,0.08623402385432932
1,1,15,0.09217584515830253
1,1,16,0.18751205539233934
1,1,17,0.35707371558771844
1,1,18,0.5565869106363515
1,1,19,0.7458948627338904
1,1,20,0.9019525694237299
1,1,21,1.0199443849969343
1,1,22,1.1043760268201193
1,1,23,1.167750617164031
1,1,24,1.2249368166444843
1,1,25,1.2827955365737465
1,1,26,1.3421436995083749
1,1,27,1.404801714458618
1,1,28,1.4664276602255688
1,1,29,1.511921611309293
1,1,30,1.5296605779238444
1,1,31,1.5235696199521453
1,1,32,1.5073756553364055
1,1,33,1.491363566256679
1,1,34,1.476783349595363
1,1,35,1.459487171342365
1,1,36,1.435130602576142
1,1,37,1.401343221533029
1,1,38,1.358104545826713
1,1,39,1.3082828383323688
1,1,40,1.257472210161355
1,1,41,1.2130323053024825
1,1,42,1.1833516322984041
1,1,43,1.1759675671385386
1,1,44,1.1936461075462934
1,1,45,1.2317775428898676
1,1,46,1.2801344691746597
1,1,47,1.3275401792187744
1,1,48,1.3657257084860952
1,1,49,1.3903468252164002
1,1,50,1.4005886365334677
1,1,51,1.398772530402973
1,1,52,1.3899335672974178
1,1,53,1.380866340731183
1,1,54,1.3773140711587908
1,1,55,1.38031515039942
1,1,56,1.3859962471939062
1,1,57,1.3892002372792986
1,1,58,1.3861961326409364
1,1,59,1.3748798795811563
1,1,60,1.3547805014801764
1,1,61,1.3275682993189635
1,1,62,1.2967682751969323
1,1,63,1.266322804202129
1,1,64,1.23912685101901
1,1,65,1.2162663577861261
1,1,66,1.1968843313616042
1,1,67,1.1787256186615591
1,1,68,1.1592205972442364
1,1,69,1.1366680648871297
1,1,70,1.1108880874632159
1,1,71,1.0829280303023263
1,1,72,1.0544567358933967
1,1,73,1.0271199456398312
1,1,74,1.001511336025195
1,1,75,0.9768738573094893
1,1,76,0.9524568498217626
1,1,77,0.9287304829394613
1,1,78,0.9067422851605479
1,1,79,0.8869928725080626
1,1,80,0.869407132456546
1,1,81,0.8530813085572959
1,1,82,0.8350670179242662
1,1,83,0.8111286180364502
1,1,84,0.7794420271626386
1,1,85,0.7428807001539843
1,1,86,0.7070208348322807
1,1,87,0.6767633052762759
1,1,88,0.6546010063166434
1,1,89,0.6398306393600949
1,1,90,0.6286466213581712
1,1,91,0.6166342835026012
1,1,92,0.6020131115846117
1,1,93,0.5859093084300643
1,1,94,0.5699024497727642
1,1,95,0.5545372031657195
1,1,96,0.5400534911942193
1,1,97,0.5269057778973898
1,1,98,0.5147382706164504
1,1,99,0.5019526282872931
1,1,100,0.4871360647255284
1,1,101,0.47064905726998957
1,1,102,0.45505557000071417
1,1,103,0.44430209381071095
1,1,104,0.44158972927716517
1,1,105,0.4468793370538552
1,1,106,0.4559472895672894
1,1,107,0.4619742116036092
1,1,108,0.4590829884988095
1,1,109,0.44548442829529294
1,1,110,0.423901050783057
1,1,111,0.3996167817601186
1,1,112,0.37786013436022475
1,1,113,0.36170550888476033
1,1,114,0.35132541109880655
1,1,115,0.34486662432217413
1,1,116,0.34041971458081116
1,1,117,0.3375225462058589
1,1,118,0.33673745483502443
1,1,119,0.33818243791328717
1,1,120,0.34073190067386583
1,1,121,0.34272162406899054
1,1,122,0.34367307009073317
1,1,123,0.3447288490028134
1,1,124,0.34704767680651627
1,1,125,0.3508837468369941
1,1,126,0.355843191245978
1,1,127,0.3604998528614124
1,1,128,0.362628807159988
1,1,129,0.36073500766547506
1,1,130,0.35497937876038366
1,1,131,0.3472440838295683
1,1,132,0.34039834465507685
1,1,133,0.33655231741117625
1,1,134,0.33600396133990273
1,1,135,0.33758263256833887
1,1,136,0.3397831771524613
1,1,137,0.34182833467459905
1,1,138,0.34404005665341836
1,1,139,0.34735246650700335
1,1,140,0.3521863358648098
1,1,141,0.35804851528605
1,1,142,0.36413066201813
1,1,143,0.37040994900339036
1,1,144,0.37758014936694956
1,1,145,0.38495868042353226
1,1,146,0.3895411391547828
1,1,147,0.3885512658518354
1,1,148,0.38314400253598846
1,1,149,0.3782733564559291
1,1,150,0.3777453832686762
1,1,151,0.38119261971655166
1,1,152,0.3867343977753405
1,1,153,0.39361787013229466
1,1,154,0.4014055371166088
1,1,155,0.40949595646829345
1,1,156,0.41828350933689845
1,1,157,0.4286486662149424
1,1,158,0.439705250160378
1,1,159,0.4484787234426594
1,1,160,0.4521361122830682
1,1,161,0.45009113842799786
1,1,162,0.44456152360837237
1,1,163,0.43950789895689524
1,1,164,0.4375428001903586
1,1,165,0.43759097266809
1,1,166,0.4371199869331488
1,1,167,0.43608569471592346
1,1,168,0.437060650743854
1,1,169,0.44125450676934563
1,1,170,0.4468968643451196
1,1,171,0.45248553916986156
1,1,172,0.4590248036630833
1,1,173,0.4682971148421284
1,1,174,0.4803904696035889
1,1,175,0.4932864313161954
1,1,176,0.5035928527402689
1,1,177,0.5083479917236633
1,1,178,0.5073483072184802
1,1,179,0.5030651662790564
1,1,180,0.4983298074848122
1,1,181,0.4948740424071446
1,1,182,0.49375961015433695
1,1,183,0.49584701033818657
1,1,184,0.5011516762785921
1,1,185,0.5085300896840396
1,1,186,0.5160152416597804
1,1,187,0.5213532977810938
1,1,188,0.5235427965178209
1,1,189,0.5240387203353695
1,1,190,0.5252664651799599
1,1,191,0.5279202740966125
1,1,192,0.5312050213057579
1,1,193,0.537389481249297
1,1,194,0.5568929289606412
1,1,195,0.6075428247725232
1,1,196,0.7026193320941488
1,1,197,0.83170290599393
1,1,198,0.9557671852529023
1,1,199,1.030812212152312
1,1,200,1.036553234472683
1,1,201,0.9882287689084776
1,1,202,0.9295898187680959
1,1,203,0.9049457033360778
1,1,204,0.9297866771967175
1,1,205,0.9886974464790418
1,1,206,1.0581412604715674
1,1,207,1.122770229196534
1,1,208,1.1708332733033087
1,1,209,1.1925809282319164
1,1,210,1.1874673229978343
1,1,211,1.1627912782174925
1,1,212,1.1254955386109597
1,1,213,1.078260000499633
1,1,214,1.0203494780739653
1,1,215,0.9495974214006695
1,1,216,0.8657664167976691
1,1,217,0.774582612656472
1,1,218,0.6881340090061729
1,1,219,0.6182985560210619
1,1,220,0.5673846262051783
1,1,221,0.5281390006227917
1,1,222,0.493703834118575
1,1,223,0.46351140576840294
1,1,224,0.4412573988651882
1,1,225,0.4307699666658214
1,1,226,0.4329952482966985
1,1,227,0.4455806606167995
1,1,228,0.4643907993004629
1,1,229,0.4843380744745366
1,1,230,0.5005882706588477
1,1,231,0.5111874686241722
1,1,232,0.5184004843192157
1,1,233,0.5264464146530698
1,1,234,0.537656829256637
1,1,235,0.5513170757754169
1,1,236,0.565635689606976
1,1,237,0.5796653724889242
1,1,238,0.5930463512319668
1,1,239,0.604669309890674
1,1,240,0.6125544474174043
1,1,241,0.61541590644014
1,1,242,0.6142966527397095
1,1,243,0.6119942434520188
1,1,244,0.6106976333276485
1,1,245,0.610451899179772
1,1,246,0.6096070606081259
1,1,247,0.6069238270589465
1,1,248,0.6028644656625801
1,1,249,0.5982436658893278
1,1,250,0.5927436608291707
1,1,251,0.5852016507713225
1,1,252,0.5748550395012979
1,1,253,0.5625294242361789
1,1,254,0.5502210624386352
1,1,255,0.539507482283133
1,1,256,0.5308277574411291
1,1,257,0.52391870740132
1,1,258,0.5189396572910441
1,1,259,0.5169040728764006
1,1,260,0.5184075858794598
1,1,261,0.5224454963081815
1,1,262,0.5267201274102942
1,1,263,0.5286387584220761
1,1,264,0.5265200209724121
1,1,265,0.5207443980693116
1,1,266,0.5132541344377716
1,1,267,0.505407285729989
1,1,268,0.4972372887738838
1,1,269,0.48878635895848016
1,1,270,0.48071747406971477
1,1,271,0.4736030988466562
1,1,272,0.4675403973321152
1,1,273,0.4623969553070805
1,1,274,0.45853237216073733
1,1,275,0.45728691500683377
1,1,276,0.4600585822206172
1,1,277,0.46695199981285646
1,1,278,0.4757921156258978
1,1,279,0.4824812285965341
1,1,280,0.4836803167616824
1,1,281,0.4786748849116817
1,1,282,0.4685403427494693
1,1,283,0.454831568614663
1,1,284,0.4390867252674573
1,1,285,0.4231186257460482
1,1,286,0.4096293216851375
1,1,287,0.40135125502749974
1,1,288,0.3990475498619948
1,1,289,0.40137316728328415
1,1,290,0.40627697083426156
1,1,291,0.4119219940105495
1,1,292,0.4180429069868392
1,1,293,0.4266567883908951
1,1,294,0.4392707895897147
1,1,295,0.45324483164672574
1,1,296,0.46259753017577415
1,1,297,0.4623901165797008
1,1,298,0.45210759612866447
1,1,299,0.4360983108481334
1,1,300,0.4212817430506826
1,1,301,0.413028260925624
1,1,302,0.41229680520465595
1,1,303,0.4169815891694167
1,1,304,0.42473542380506507
1,1,305,0.4336455071181648
1,1,306,0.4416227768824319
1,1,307,0.4469751274995346
1,1,308,0.4496623064187535
1,1,309,0.45052003769200516
1,1,310,0.4493558094423656
1,1,311,0.44496763258528377
1,1,312,0.4369097235931587
1,1,313,0.4262446119454486
1,1,314,0.4149787533896071
1,1,315,0.4053717108664413
1,1,316,0.3993585816926863
1,1,317,0.3988322232310056
1,1,318,0.4052910856783113
1,1,319,0.41773497766033196
1,1,320,0.4321476570809723
1,1,321,0.4433184330196843
1,1,322,0.4467839366831147
1,1,323,0.4407608669141954
1,1,324,0.4272007321411922
1,1,325,0.41053030932685625
1,1,326,0.3956152157324305
1,1,327,0.3860891924541189
1,1,328,0.3828851190959889
1,1,329,0.38413085183037027
1,1,330,0.3867298272863789
1,1,331,0.38813735065785493
1,1,332,0.3871875159560306
1,1,333,0.383811758384717
1,1,334,0.37814262976774055
1,1,335,0.36950316955417845
1,1,336,0.35725827185936815
1,1,337,0.3435871201486578
1,1,338,0.33297553366584387
1,1,339,0.3281315165422669
1,1,340,0.32863143610019574
1,1,341,0.3324651515588438
1,1,342,0.3370697111030038
1,1,343,0.33981714654214434
1,1,344,0.3386711696409547
1,1,345,0.3334639324341392
1,1,346,0.32680251562645346
1,1,347,0.32313006228516183
1,1,348,0.325884549042077
1,1,349,0.3345266352820362
1,1,350,0.34467385789406013
1,1,351,0.35128753415908687
1,1,352,0.3512795815886492
1,1,353,0.3442391272671686
1,1,354,0.3323575554503007
1,1,355,0.31992029015279494
1,1,356,0.3115980310106806
1,1,357,0.30978139711028685
1,1,358,0.3134736374675797
1,1,359,0.3197464035299746
1,1,360,0.3260777242623236
1,1,361,0.3313008348651423
1,1,362,0.3350010615490159
1,1,363,0.3371884085608837
1,1,364,0.3384620801561798
1,1,365,0.3388116408599376
1,1,366,0.3358945651405577
1,1,367,0.3263707056792725
1,1,368,0.31021816015396986
1,1,369,0.29371798305671915
1,1,370,0.28640664734002175
1,1,371,0.29257112507831096
1,1,372,0.30860701605137203
1,1,373,0.3296818159886862
1,1,374,0.35319924444950035
1,1,375,0.37584471913360384
1,1,376,0.39158842885863576
1,1,377,0.40073606087167674
1,1,378,0.42826011537081526
1,1,379,0.5010045059061835
1,1,380,0.5855575742713549
1,1,381,0.6293566524611025
1,1,382,0.6435681636840409
1,1,383,0.6808942182560975
1,1,384,0.7383912281303264
1,1,385,0.7688069475065233
1,1,386,0.7591043525430962
1,1,387,0.7392258925883514
1,1,388,0.7452364486960631
1,1,389,0.7885343694165764
1,1,390,0.8571305458326548
1,1,391,0.931210423084432
1,1,392,0.9889471501030725
1,1,393,1.0112102755096761
1,1,394,0.9904893715221563
1,1,395,0.9356558303996259
1,1,396,0.8679845527313296
1,1,397,0.8115014441284131
1,1,398,0.7831556015453215
1,1,399,0.7850943076102259
1,1,400,0.8016263317277919
1,1,401,0.8088634781253589
1,1,402,0.7918829616327818
1,1,403,0.7522440248842107
1,1,404,0.7017625163636729
1,1,405,0.6530702645872397
1,1,406,0.6163217432436017
1,1,407,0.5989381008710452
1,1,408,0.601627788449615
1,1,409,0.6158040123110379
1,1,410,0.6291769650127292
1,1,411,0.6332791917844653
1,1,412,0.6256873551805137
1,1,413,0.6080817847989058
1,1,414,0.5844337009023628
1,1,415,0.5601785091999876
1,1,416,0.5406996068204203
1,1,417,0.5298903413086137
1,1,418,0.5289254356151163
1,1,419,0.5346579421633568
1,1,420,0.5416884900977639
1,1,421,0.5474310862910682
1,1,422,0.5530521334624726
1,1,423,0.5596949088916021
1,1,424,0.5652409742762202
1,1,425,0.5650652961591537
1,1,426,0.5558048934569184
1,1,427,0.5385185040759837
1,1,428,0.51843237724182
1,1,429,0.5010460903277226
1,1,430,0.4880025583042146
1,1,431,0.47781853180994593
1,1,432,0.46925749284867685
1,1,433,0.4615903609659165
1,1,434,0.45354370789474263
1,1,435,0.44456489566370827
1,1,436,0.4363783532723559
1,1,437,0.43173369361607433
1,1,438,0.43135174908390955
1,1,439,0.43276951250453854
1,1,440,0.43238970225848283
1,1,441,0.42854777891419304
1,1,442,0.4228432001304846
1,1,443,0.4180466584513024
1,1,444,0.4147372851758798
1,1,445,0.4107279352058213
1,1,446,0.40342443109947895
1,1,447,0.3922435082701677
1,1,448,0.3788442868892175
1,1,449,0.36526092659813353
1,1,450,0.35251401221178147
1,1,451,0.3409810905178338
1,1,452,0.3307967730110498
1,1,453,0.3214836599392458
1,1,454,0.312403113124773
1,1,455,0.304122725767606
1,1,456,0.29836427675244953
1,1,457,0.2961613502958011
1,1,458,0.2965381553366496
1,1,459,0.29743221550514537
1,1,460,0.29726390798489527
1,1,461,0.2950904171065728
1,1,462,0.28979885082078777
1,1,463,0.2802137496941661
1,1,464,0.266518489959679
1,1,465,0.25114378896980266
1,1,466,0.2380524643942743
1,1,467,0.2305541862628973
1,1,468,0.2290017669131903
1,1,469,0.23056059424167732
1,1,470,0.23136797938115708
1,1,471,0.22906014218949464
1,1,472,0.22368220826278196
1,1,473,0.21687868708727168
1,1,474,0.2098368389838959
1,1,475,0.20215598842561525
1,1,476,0.19422079953258617
1,1,477,0.18908777854905923
1,1,478,0.18949610167805384
1,1,479,0.19436721353636338
1,1,480,0.20012883071335724
1,1,481,0.20318373588557562
1,1,482,0.20050366197474215
1,1,483,0.19075307942320863
1,1,484,0.17631970970482874
1,1,485,0.16376799185895574
1,1,486,0.15998692481136265
1,1,487,0.16472683636877397
1,1,488,0.1704560931944258
1,1,489,0.1710170334039213
1,1,490,0.16693528670345348
1,1,491,0.16342484110118827
1,1,492,0.16420210977036673
1,1,493,0.16814151557883458
1,1,494,0.1714521922004384
1,1,495,0.17061670767310871
1,1,496,0.16479900101619696
1,1,497,0.15759669940904625
1,1,498,0.1542121546440777
1,1,499,0.15541769223638002
1,1,500,0.15791116364636126
1,1,501,0.1606368166811641
1,1,502,0.16637913047572758
1,1,503,0.17661526033132754
1,1,504,0.18838529763149395
1,1,505,0.19729082434957762
1,1,506,0.20043794506886556
1,1,507,0.19640041383649498
1,1,508,0.1850028291591107
1,1,509,0.16844366182004994
1,1,510,0.15179599636228797
1,1,511,0.14055943455196773
1,1,512,0.1362374432559848
1,1,513,0.13643364030217386
1,1,514,0.1395153488505936
1,1,515,0.14552956194250463
1,1,516,0.15419095367428617
1,1,517,0.16528979997129792
1,1,518,0.17913625659323634
1,1,519,0.19411181198115884
1,1,520,0.2057485185510986
1,1,521,0.21013672931536317
1,1,522,0.20795540490277536
1,1,523,0.20418877398397203
1,1,524,0.20367624120853162
1,1,525,0.2077193082633833
1,1,526,0.21424656112688406
1,1,527,0.22006757344563344
1,1,528,0.22386147792709113
1,1,529,0.22711589850119887
1,1,530,0.23104141510262596
1,1,531,0.23422937891421014
1,1,532,0.23510194436867238
1,1,533,0.23426881629163712
1,1,534,0.2331662622618823
1,1,535,0.23209016889557962
1,1,536,0.23118453965891075
1,1,537,0.23153948713817363
1,1,538,0.23269789428541132
1,1,539,0.2313470849844747
1,1,540,0.2251700833777576
1,1,541,0.21577758247448814
1,1,542,0.20670152271671513
1,1,543,0.200194167733935
1,1,544,0.19649120248662263
1,1,545,0.19571081561926193
1,1,546,0.1994310922984558
1,1,547,0.20914766136914148
1,1,548,0.22332168061870095
1,1,549,0.23793318535033942
1,1,550,0.24996270838001913
1,1,551,0.25872723943398535
1,1,552,0.26410026654232016
1,1,553,0.2658118748761165
1,1,554,0.2645694793760363
1,1,555,0.2620410119386718
1,1,556,0.2598880982400531
1,1,557,0.25902914177108116
1,1,558,0.2595826694708066
1,1,559,0.2617553570734472
1,1,560,0.26771626560619965
1,1,561,0.283147105598499
1,1,562,0.3138511265381451
1,1,563,0.35764521291560114
1,1,564,0.4021866881002106
1,1,565,0.4328965381513626
1,1,566,0.4433441216196211
1,1,567,0.44056190770996734
1,1,568,0.4412690061478991
1,1,569,0.45924789883342104
1,1,570,0.49390397694941107
1,1,571,0.5332903973205109
1,1,572,0.566897616431393
1,1,573,0.5931429345979602
1,1,574,0.6166413696463932
1,1,575,0.6417417954716633
1,1,576,0.6697400437383768
1,1,577,0.6997474586212614
1,1,578,0.7293979247138813
1,1,579,0.7544958152048026
1,1,580,0.7697273577091724
1,1,581,0.7710875700295564
1,1,582,0.7584695094735961
1,1,583,0.7368981236367534
1,1,584,0.7141745096733942
1,1,585,0.695512601949708
1,1,586,0.6809825177564206
1,1,587,0.667717238179591
1,1,588,0.6529363973756656
1,1,589,0.6355306233065109
1,1,590,0.6160999752206909
1,1,591,0.5956779570171533
1,1,592,0.5751523420369793
1,1,593,0.5560719274661251
1,1,594,0.5400927069573388
1,1,595,0.5270807389124329
1,1,596,0.5152617758719643
1,1,597,0.5034701681728315
1,1,598,0.4921886722198523
1,1,599,0.48244370011379417
1,1,600,0.47490756574829546
1,15,0,0.0639059690213102
1,15,1,0.07032205054084603
1,15,2,0.07599658465121815
1,15,3,0.07919439428789776
1,15,4,0.07797907368364052
1,15,5,0.07253938121121786
1,15,6,0.0668297077625067
1,15,7,0.06628353233418971
1,15,8,0.07165841072378014
1,15,9,0.07802114213213661
1,15,10,0.08144178054244548
1,15,11,0.08127802511994116
1,15,12,0.07677186774285541
1,15,13,0.06520238283291883
1,15,14,0.05721366048632697
1,15,15,0.10775927701905144
1,15,16,0.22567897498497477
1,15,17,0.39074722665048894
1,15,18,0.5805262967571492
1,15,19,0.7675135582520681
1,15,20,0.9275778236162904
1,15,21,1.0441554459605642
1,15,22,1.113053926203387
1,15,23,1.1485328624019389
1,15,24,1.1742809246763908
1,15,25,1.2073332592499573
1,15,26,1.255159470840102
1,15,27,1.3200939283973387
1,15,28,1.3960603730832597
1,15,29,1.465217211647959
1,15,30,1.5068652610399076
1,15,31,1.5108006998982724
1,15,32,1.4819557563279186
1,15,33,1.4339321152248259
1,15,34,1.3801932859317025
1,15,35,1.3304679910523516
1,15,36,1.2894132263382565
1,15,37,1.2556964243634126
1,15,38,1.2260660789045583
1,15,39,1.2008987597794576
1,15,40,1.1838094553155116
1,15,41,1.1775069147829405
1,15,42,1.1818397343495435
1,15,43,1.1953614606045369
1,15,44,1.2171233502454923
1,15,45,1.2464771154003176
1,15,46,1.2820152599698103
1,15,47,1.3209082968730166
1,15,48,1.3594692804384347
1,15,49,1.3946292113323973
1,15,50,1.424141988839479
1,15,51,1.4456399552761992
1,15,52,1.4569414223553485
1,15,53,1.4573715634341518
1,15,54,1.448235283501356
1,15,55,1.4323015142965758
1,15,56,1.4128219916994296
1,15,57,1.392403691209484
1,15,58,1.3722914926091034
1,15,59,1.3525751992588277
1,15,60,1.3333589575495413
1,15,61,1.3156783700640409
1,15,62,1.3007127945077732
1,15,63,1.2882413528378103
1,15,64,1.2765283045054396
1,15,65,1.2634149411035387
1,15,66,1.2473625799832875
1,15,67,1.2280315183687258
1,15,68,1.2059302627689032
1,15,69,1.1816720348232768
1,15,70,1.1556887366511308
1,15,71,1.1280037880706963
1,15,72,1.0986253225492701
1,15,73,1.0687891372826397
1,15,74,1.0405176587748612
1,15,75,1.0146148352562687
1,15,76,0.9905004586036927
1,15,77,0.967343512108881
1,15,78,0.9442080564559143
1,15,79,0.9198006163006539
1,15,80,0.8926522832963434
1,15,81,0.8620332486750363
1,15,82,0.8290706233038289
1,15,83,0.7965019932455515
1,15,84,0.767151167082864
1,15,85,0.7423609630616352
1,15,86,0.7216923793864966
1,15,87,0.7042975204197194
1,15,88,0.6895418648720067
1,15,89,0.6757950772720037
1,15,90,0.6601745569854017
1,15,91,0.6406080576475986
1,15,92,0.6177957572854774
1,15,93,0.5945134754985117
1,15,94,0.5733004141702603
1,15,95,0.5552815413615921
1,15,96,0.5405643406438853
1,15,97,0.5285280809673849
1,15,98,0.5173867166678252
1,15,99,0.5049348466334758
1,15,100,0.49071350136414377
1,15,101,0.47636950796394706
1,15,102,0.4638023242647852
1,15,103,0.4540393801651309
1,15,104,0.44664735060449623
1,15,105,0.43881802232330547
1,15,106,0.426497254044884
1,15,107,0.40728395742455664
1,15,108,0.38172300456081554
1,15,109,0.35273843271710725
1,15,110,0.3246461049644303
1,15,111,0.30240913355036153
1,15,112,0.2902007341681348
1,15,113,0.2887307817760921
1,15,114,0.29553228724743424
1,15,115,0.3080677223474642
1,15,116,0.32332733397525854
1,15,117,0.3357019475202139
1,15,118,0.33895193488497827
1,15,119,0.330069568980781
1,15,120,0.31056081562617577
1,15,121,0.285349416603185
1,15,122,0.2607340584999617
1,15,123,0.24180022288384206
1,15,124,0.2309375962240845
1,15,125,0.22885376543594008
1,15,126,0.23518982661773274
1,15,127,0.24705276646234847
1,15,128,0.25952444568711064
1,15,129,0.26938230370855054
1,15,130,0.2766515275095293
1,15,131,0.28199316408305
1,15,132,0.2845068469550021
1,15,133,0.2828453933893706
1,15,134,0.277446600074156
1,15,135,0.27145044056050516
1,15,136,0.26885719505093253
1,15,137,0.27106062477710613
1,15,138,0.2759992638801885
1,15,139,0.2804178728744033
1,15,140,0.2824548912815688
1,15,141,0.28278040558334255
1,15,142,0.2832537120531545
1,15,143,0.2849532877254669
1,15,144,0.28757339467674614
1,15,145,0.2898592249759613
1,15,146,0.29066593456196577
1,15,147,0.29013514248603706
1,15,148,0.2902309674251202
1,15,149,0.2934966035978064
1,15,150,0.30058370472909507
1,15,151,0.3093047892240379
1,15,152,0.3167445149474689
1,15,153,0.3226613418625197
1,15,154,0.3301991002084607
1,15,155,0.34204774929258674
1,15,156,0.35644527603815573
1,15,157,0.36873036283770466
1,15,158,0.3758912654684322
1,15,159,0.3776566339111407
1,15,160,0.3751272497012081
1,15,161,0.3709588011021399
1,15,162,0.36932498164904226
1,15,163,0.37295837276024113
1,15,164,0.3808022724345884
1,15,165,0.38986971210824295
1,15,166,0.3972470458896698
1,15,167,0.3998402566027939
1,15,168,0.3954561546915
1,15,169,0.3855066040430026
1,15,170,0.37513295223529985
1,15,171,0.3698603479629618
1,15,172,0.37204274199866916
1,15,173,0.3800284425891365
1,15,174,0.3902784681341174
1,15,175,0.39960765781031693
1,15,176,0.4054162631936536
1,15,177,0.4057771226372572
1,15,178,0.4011994175198848
1,15,179,0.3951686686932304
1,15,180,0.39132178530609385
1,15,181,0.3912846472501356
1,15,182,0.3949999436405038
1,15,183,0.40103495115943383
1,15,184,0.4069628389198087
1,15,185,0.41081401432154685
1,15,186,0.4120147326159413
1,15,187,0.4106082314042638
1,15,188,0.40674747707460684
1,15,189,0.40131947292564396
1,15,190,0.3954499106074483
1,15,191,0.38907470010701634
1,15,192,0.3815833849010855
1,15,193,0.37595059462648023
1,15,194,0.3847701557750005
1,15,195,0.43105765684653485
1,15,196,0.5344089748744225
1,15,197,0.6865033898145082
1,15,198,0.8443630553659384
1,15,199,0.9568116083076079
1,15,200,0.9969998534567985
1,15,201,0.9765868305024206
1,15,202,0.9380200366056968
1,15,203,0.9242413902237122
1,15,204,0.9485303101388711
1,15,205,0.9953002880491286
1,15,206,1.0472075149370499
1,15,207,1.099453906120506
1,15,208,1.141070212987736
1,15,209,1.1508229570802686
1,15,210,1.123253904245728
1,15,211,1.0753304712559428
1,15,212,1.026640780367705
1,15,213,0.9831709847987287
1,15,214,0.9372336817606828
1,15,215,0.8772247829050174
1,15,216,0.7984117999868593
1,15,217,0.708295173283093
1,15,218,0.6219859101552468
1,15,219,0.5515228256823737
1,15,220,0.5006514781606877
1,15,221,0.46780977832010584
1,15,222,0.4503923340088991
1,15,223,0.44695728390651485
1,15,224,0.45659617979966527
1,15,225,0.47697332074874255
1,15,226,0.504540019403849
1,15,227,0.5355127445471746
1,15,228,0.5652542852391502
1,15,229,0.5888120790445998
1,15,230,0.6039119950309552
1,15,231,0.6121966174354149
1,15,232,0.6165575365067518
1,15,233,0.6183736032063071
1,15,234,0.6178104604885875
1,15,235,0.6153966422304835
1,15,236,0.612434960457061
1,15,237,0.6102610270152515
1,15,238,0.609700482572328
1,15,239,0.6113605498272223
1,15,240,0.6157942713984936
1,15,241,0.6226808197644251
1,15,242,0.6297466782205915
1,15,243,0.6330786080554627
1,15,244,0.6293255884243404
1,15,245,0.6178024779093095
1,15,246,0.6000991767002197
1,15,247,0.5780539585523521
1,15,248,0.553288749331031
1,15,249,0.5286813047770009
1,15,250,0.5089536218239695
1,15,251,0.4984116976324841
1,15,252,0.4974714603744771
1,15,253,0.501806012957836
1,15,254,0.505159216564016
1,15,255,0.5038086887416073
1,15,256,0.4992127908364731
1,15,257,0.495742407419937
1,15,258,0.4959191806359642
1,15,259,0.49875743526595967
1,15,260,0.5021161775077424
1,15,261,0.5055287042709786
1,15,262,0.5102760641145011
1,15,263,0.5169310027091457
1,15,264,0.5236337847621587
1,15,265,0.5270278630231807
1,15,266,0.5244468444430972
1,15,267,0.5148672877310418
1,15,268,0.4983343913075478
1,15,269,0.4758193247872314
1,15,270,0.45016241619267106
1,15,271,0.4264865334340081
1,15,272,0.4101104849422117
1,15,273,0.402755712073996
1,15,274,0.4016525448860959
1,15,275,0.4033380136879098
1,15,276,0.4066010317293534
1,15,277,0.4109954136212514
1,15,278,0.414988720294587
1,15,279,0.4167249981592779
1,15,280,0.4146135253896506
1,15,281,0.4080788405634085
1,15,282,0.39999987434891743
1,15,283,0.396263290742265
1,15,284,0.40071784989999737
1,15,285,0.41146061027865694
1,15,286,0.42298411706330313
1,15,287,0.43057572574982966
1,15,288,0.43224944583285263
1,15,289,0.4286830635740661
1,15,290,0.42247571720524996
1,15,291,0.416574528888089
1,15,292,0.41233518082959614
1,15,293,0.4091900129992012
1,15,294,0.4067717469156668
1,15,295,0.40652728624364126
1,15,296,0.4104777777139445
1,15,297,0.41964563050995113
1,15,298,0.43358723618092687
1,15,299,0.44948334389559363
1,15,300,0.46238624286045876
1,15,301,0.4683489325741621
1,15,302,0.46687830333919655
1,15,303,0.4599398818714068
1,15,304,0.4498422789788051
1,15,305,0.43860380419375394
1,15,306,0.428672455900424
1,15,307,0.42317606366628074
1,15,308,0.42417247786788276
1,15,309,0.4302270141975178
1,15,310,0.4367752964962114
1,15,311,0.4398711427115479
1,15,312,0.4392979151647546
1,15,313,0.4378356618329654
1,15,314,0.4384268138236225
1,15,315,0.44196562626812685
1,15,316,0.4466675831324166
1,15,317,0.4498299310146192
1,15,318,0.45026188921249666
1,15,319,0.44805550815788264
1,15,320,0.4429155539289565
1,15,321,0.43492304251937636
1,15,322,0.4260310139328762
1,15,323,0.41838764042450327
1,15,324,0.4121536924109587
1,15,325,0.4061456346202473
1,15,326,0.39951208729442644
1,15,327,0.39302265711700424
1,15,328,0.3888678803248664
1,15,329,0.38800083738171864
1,15,330,0.38862433793866014
1,15,331,0.38810680657777685
1,15,332,0.3849763819646505
1,15,333,0.3795104677736455
1,15,334,0.37397654584554957
1,15,335,0.3716961992560873
1,15,336,0.3744465580544586
1,15,337,0.38007007491292916
1,15,338,0.3839443147105985
1,15,339,0.3833348129816117
1,15,340,0.37857029020550076
1,15,341,0.37118290281322464
1,15,342,0.3631261225152299
1,15,343,0.356890451408577
1,15,344,0.35475791062387996
1,15,345,0.3572821702429537
1,15,346,0.36250887003168375
1,15,347,0.36709937710904383
1,15,348,0.3685944415944895
1,15,349,0.366878049288574
1,15,350,0.3639928938879981
1,15,351,0.3628028075307513
1,15,352,0.36565631175674845
1,15,353,0.37326751158781973
1,15,354,0.3840518876493111
1,15,355,0.3945536089433653
1,15,356,0.40050766523297254
1,15,357,0.3988119120134362
1,15,358,0.38971316079937546
1,15,359,0.3765799957517332
1,15,360,0.3633395867667115
1,15,361,0.35261532734313306
1,15,362,0.34547599851018107
1,15,363,0.3419661433192069
1,15,364,0.3417590006322034
1,15,365,0.34350762779062605
1,15,366,0.34455767874790816
1,15,367,0.3435296457675054
1,15,368,0.3421059529942379
1,15,369,0.3433300105448728
1,15,370,0.3492889716862286
1,15,371,0.3601084203036788
1,15,372,0.374313414608653
1,15,373,0.38997962075002596
1,15,374,0.4048856341915892
1,15,375,0.4163655873929298
1,15,376,0.42296412835285097
1,15,377,0.42898718403636765
1,15,378,0.44982609150933756
1,15,379,0.4979247552804557
1,15,380,0.5528537861421174
1,15,381,0.5857095671542976
1,15,382,0.6143516163467545
1,15,383,0.6782307051966865
1,15,384,0.7576660021196124
1,15,385,0.7987661513488775
1,15,386,0.7850874315347967
1,15,387,0.747253371041195
1,15,388,0.7309202072993134
1,15,389,0.7602608428948989
1,15,390,0.8269402608894258
1,15,391,0.9050086417159307
1,15,392,0.9647714481904474
1,15,393,0.9835590296721468
1,15,394,0.9559829381800127
1,15,395,0.8954069386656075
1,15,396,0.8256544667905812
1,15,397,0.7694363385884132
1,15,398,0.7396094951817545
1,15,399,0.7361868804768129
1,15,400,0.7473713844850759
1,15,401,0.7552815675245701
1,15,402,0.7458224147524549
1,15,403,0.7154828352842116
1,15,404,0.6710992990863952
1,15,405,0.6246977208345345
1,15,406,0.5874700282769602
1,15,407,0.566316077380975
1,15,408,0.5627982909256312
1,15,409,0.5732429482620319
1,15,410,0.5900413791563898
1,15,411,0.6038565624186915
1,15,412,0.6079705882914704
1,15,413,0.6028627285486996
1,15,414,0.5953669365222001
1,15,415,0.5925165426405695
1,15,416,0.5966394267688296
1,15,417,0.6054313238038592
1,15,418,0.6148838530696235
1,15,419,0.6217047545887828
1,15,420,0.6234429306289802
1,15,421,0.6179996329597475
1,15,422,0.6047079187427962
1,15,423,0.5856778859954893
1,15,424,0.5656802801994427
1,15,425,0.5502693042188538
1,15,426,0.5429527144194588
1,15,427,0.5433527256684558
1,15,428,0.5477745688743131
1,15,429,0.5513607744776751
1,15,430,0.5502242560838495
1,15,431,0.5426828076005226
1,15,432,0.5291738310524068
1,15,433,0.5110251458640688
1,15,434,0.4896728658302771
1,15,435,0.46726996966928713
1,15,436,0.44693760404887817
1,15,437,0.4312821771010063
1,15,438,0.42079584509378937
1,15,439,0.4143633842414158
1,15,440,0.41083180614198733
1,15,441,0.4093805628615224
1,15,442,0.4087447460460422
1,15,443,0.4068819585785273
1,15,444,0.4022769461324901
1,15,445,0.3952664972161838
1,15,446,0.386997877614533
1,15,447,0.3775752870752774
1,15,448,0.36669977945835835
1,15,449,0.3549081556095353
1,15,450,0.3430643298726605
1,15,451,0.33258707621657957
1,15,452,0.3257289241573305
1,15,453,0.3232427729764185
1,15,454,0.32242640222415414
1,15,455,0.3188945291228552
1,15,456,0.31029820538161434
1,15,457,0.298330393416773
1,15,458,0.28686284676559204
1,15,459,0.2791294217794615
1,15,460,0.2773989603634522
1,15,461,0.28193782201274503
1,15,462,0.2884692992221318
1,15,463,0.29018534071559476
1,15,464,0.2838610354780399
1,15,465,0.2723820600198034
1,15,466,0.26097016084993196
1,15,467,0.2521123986305287
1,15,468,0.244827941284613
1,15,469,0.23760013361792726
1,15,470,0.23019131672655188
1,15,471,0.2232376541371298
1,15,472,0.2177020643281843
1,15,473,0.21378906948508114
1,15,474,0.20977351748579934
1,15,475,0.2035312226093225
1,15,476,0.1955546528644417
1,15,477,0.1893167681267943
1,15,478,0.18810610015337423
1,15,479,0.191891196631437
1,15,480,0.19741431956457392
1,15,481,0.20045910916161
1,15,482,0.19862558955828608
1,15,483,0.19285635433985704
1,15,484,0.18601556323208393
1,15,485,0.17992772296108012
1,15,486,0.17451270387120907
1,15,487,0.17007479902951142
1,15,488,0.16806642707561692
1,15,489,0.16892442067194569
1,15,490,0.1710842820032982
1,15,491,0.17217257783439824
1,15,492,0.1709782128585285
1,15,493,0.16914992578725996
1,15,494,0.16934943641792624
1,15,495,0.17137758057601488
1,15,496,0.17248827396660996
1,15,497,0.17077492394755078
1,15,498,0.16723868589500834
1,15,499,0.16504832968217298
1,15,500,0.16607398560365466
1,15,501,0.16953912206106578
1,15,502,0.17417695196070168
1,15,503,0.17850991303437738
1,15,504,0.1799670099421651
1,15,505,0.1765473929154351
1,15,506,0.1693782872263631
1,15,507,0.16248220933176594
1,15,508,0.15977609006772986
1,15,509,0.16198389832055538
1,15,510,0.16661901206652535
1,15,511,0.17108757180299772
1,15,512,0.17481953063745403
1,15,513,0.17811424035978518
1,15,514,0.1807223182659198
1,15,515,0.18322504175870993
1,15,516,0.18759059864334157
1,15,517,0.19430764512346135
1,15,518,0.20094349041362072
1,15,519,0.20436726669841768
1,15,520,0.2030763837493437
1,15,521,0.19778228980669427
1,15,522,0.1903247359425979
1,15,523,0.18207625847507183
1,15,524,0.17337057208464018
1,15,525,0.16443593344359067
1,15,526,0.1564459838261796
1,15,527,0.15092397780393205
1,15,528,0.14893205649452532
1,15,529,0.15176826687630468
1,15,530,0.16040057161437912
1,15,531,0.17383990796714427
1,15,532,0.18955966063469795
1,15,533,0.2046991914640924
1,15,534,0.21656050636496002
1,15,535,0.22293150143170037
1,15,536,0.2235177352484695
1,15,537,0.22040651525475385
1,15,538,0.21573428660861388
1,15,539,0.21078652049276764
1,15,540,0.20686269738747212
1,15,541,0.20364297023877928
1,15,542,0.19902979977951665
1,15,543,0.19346700764848315
1,15,544,0.19179623284712743
1,15,545,0.19781180274444635
1,15,546,0.2098048137466128
1,15,547,0.22322262820491334
1,15,548,0.23344120696172826
1,15,549,0.23720864616332696
1,15,550,0.2347271461482757
1,15,551,0.22919228443331544
1,15,552,0.22398324346341975
1,15,553,0.2205532373659008
1,15,554,0.21847968250366023
1,15,555,0.21744771692871226
1,15,556,0.2188880886030823
1,15,557,0.22593445101458395
1,15,558,0.24054658048480132
1,15,559,0.2605854957627892
1,15,560,0.28264740701827207
1,15,561,0.3068207565766349
1,15,562,0.3372651804013976
1,15,563,0.3769624794165423
1,15,564,0.42030446779624603
1,15,565,0.453879127080226
1,15,566,0.46577988086099426
1,15,567,0.4555236382391983
1,15,568,0.44044319509948165
1,15,569,0.4474934823095059
1,15,570,0.484937915341634
1,15,571,0.5347377671663057
1,15,572,0.5781864621763414
1,15,573,0.6094773493363104
1,15,574,0.6318012492189627
1,15,575,0.6516066106608945
1,15,576,0.6744535017960374
1,15,577,0.7023181706951795
1,15,578,0.7334157221922724
1,15,579,0.7629760799572093
1,15,580,0.7842956334824703
1,15,581,0.7917802404699162
1,15,582,0.7842145664048441
1,15,583,0.7646072742671352
1,15,584,0.7377874008629902
1,15,585,0.7085974796925646
1,15,586,0.6808401144110997
1,15,587,0.6568689265536739
1,15,588,0.6379655839028792
1,15,589,0.624546274233726
1,15,590,0.6153249780274279
1,15,591,0.6072491175852014
1,15,592,0.5977672036400652
1,15,593,0.5864826896327179
1,15,594,0.5740476494070816
1,15,595,0.560840599624162
1,15,596,0.5471765253079308
1,15,597,0.5334990014661125
1,15,598,0.5196800969648895
1,15,599,0.5050402139569304
1,15,600,0.48954230965516327
2,1,0,0.08240751006673855
2,1,1,0.08746428944712246
2,1,2,0.09305309633928763
2,1,3,0.0977547468451394
2,1,4,0.10089897893882417
2,1,5,0.10246441183967052
2,1,6,0.10217651130975906
2,1,7,0.09922530933598514
2,1,8,0.09303840297238114
2,1,9,0.08451775397359058
2,1,10,0.07622021222477784
2,1,11,0.0718613667270692
2,1,12,0.07736323315802568
2,1,13,0.10474787338227676
2,1,14,0.18310751360037508
2,1,15,0.3387001927128005
2,1,16,0.5614260862734949
2,1,17,0.8128514932921058
2,1,18,1.046355427758401
2,1,19,1.2211237259692775
2,1,20,1.3210704386114538
2,1,21,1.3683793929739148
2,1,22,1.407213276878611
2,1,23,1.4695773321691148
2,1,24,1.552211472289938
2,1,25,1.62068205844841
2,1,26,1.6392708037903625
2,1,27,1.6054451168698731
2,1,28,1.554090699134915
2,1,29,1.521642018583632
2,1,30,1.5165759677553958
2,1,31,1.5227774408447634
2,1,32,1.5142526442282442
2,1,33,1.4727965219597499
2,1,34,1.398960916869282
2,1,35,1.3056948349484498
2,1,36,1.2062610891755157
2,1,37,1.1106054576980382
2,1,38,1.0282194884356168
2,1,39,0.9690224845736312
2,1,40,0.9400728498015626
2,1,41,0.9419626839431504
2,1,42,0.9696487120198615
2,1,43,1.0161620225189951
2,1,44,1.0738169454618636
2,1,45,1.13344577505599
2,1,46,1.1861424788325095
2,1,47,1.227267891313935
2,1,48,1.2575313440526694
2,1,49,1.2799809502164325
2,1,50,1.296621247981844
2,1,51,1.3076993376838613
2,1,52,1.313438700885648
2,1,53,1.3150587689704891
2,1,54,1.3135885871867365
2,1,55,1.3088260206447535
2,1,56,1.299447610116879
2,1,57,1.2829757260760855
2,1,58,1.2565455027494536
2,1,59,1.2193782771751538
2,1,60,1.1743880605780135
2,1,61,1.1271187263023434
2,1,62,1.0831672950529085
2,1,63,1.045797888233348
2,1,64,1.0155387726741913
2,1,65,0.9918518161346425
2,1,66,0.9743339201840402
2,1,67,0.9624906767647186
2,1,68,0.9547653429939922
2,1,69,0.9473771138027678
2,1,70,0.9349406098087721
2,1,71,0.9133209210150434
2,1,72,0.8819169950309664
2,1,73,0.8438751231215806
2,1,74,0.8047657263091408
2,1,75,0.7698289350293028
2,1,76,0.7411477655184201
2,1,77,0.7174719453310292
2,1,78,0.696530126594706
2,1,79,0.6766592537366938
2,1,80,0.6568693262548323
2,1,81,0.6370372735261521
2,1,82,0.6181491291218083
2,1,83,0.6016419990122032
2,1,84,0.5885596420325403
2,1,85,0.5790281581334074
2,1,86,0.571996703556105
2,1,87,0.5662617731506012
2,1,88,0.5615833064946056
2,1,89,0.5575902878442982
2,1,90,0.5525416566748792
2,1,91,0.5445462730266598
2,1,92,0.533577905468929
2,1,93,0.5216151138490294
2,1,94,0.510874355038249
2,1,95,0.502665319863204
2,1,96,0.4977727901623996
2,1,97,0.4963667496326169
2,1,98,0.4972697084425546
2,1,99,0.49848071335099625
2,1,100,0.49838320580662143
2,1,101,0.4960328624015721
2,1,102,0.491463583549547
2,1,103,0.48610717575633805
2,1,104,0.4816368379004069
2,1,105,0.478126956104582
2,1,106,0.4742618196299283
2,1,107,0.46935032535550925
2,1,108,0.46439819533717935
2,1,109,0.4614306150984599
2,1,110,0.46169718239518753
2,1,111,0.4642166318147694
2,1,112,0.4668325299557891
2,1,113,0.4680251244444583
2,1,114,0.4668643109190155
2,1,115,0.4623004103741611
2,1,116,0.45402835591626134
2,1,117,0.44375474582558805
2,1,118,0.4342634451651208
2,1,119,0.4283277949498241
2,1,120,0.4287918160344714
2,1,121,0.4366284783904521
2,1,122,0.44837619838207815
2,1,123,0.45749843789009925
2,1,124,0.4586528644445251
2,1,125,0.4517457993917096
2,1,126,0.4423323607929846
2,1,127,0.436860040237393
2,1,128,0.4373287626702615
2,1,129,0.44060947366476577
2,1,130,0.44178094985798333
2,1,131,0.4380538687723514
2,1,132,0.4308470228053569
2,1,133,0.4246038225691836
2,1,134,0.42278658058055874
2,1,135,0.42507257826431827
2,1,136,0.4284931374999974
2,1,137,0.4296703621576377
2,1,138,0.42681558643300677
2,1,139,0.4210947131101071
2,1,140,0.41552562658798214
2,1,141,0.41280194086487393
2,1,142,0.4146790495026031
2,1,143,0.4217437931176415
2,1,144,0.43210851644299747
2,1,145,0.44156313289135213
2,1,146,0.44627510445912516
2,1,147,0.4453800405902914
2,1,148,0.44123044368365116
2,1,149,0.4377641473828969
2,1,150,0.4383523038354578
2,1,151,0.4438964919962487
2,1,152,0.45212484429832056
2,1,153,0.4588561975333381
2,1,154,0.46141520521236495
2,1,155,0.4610623472950306
2,1,156,0.46076108508957764
2,1,157,0.4616544098206064
2,1,158,0.4626816185996982
2,1,159,0.4622669145777814
2,1,160,0.45998784183799746
2,1,161,0.45675949010202566
2,1,162,0.4536804875230897
2,1,163,0.4512551595498973
2,1,164,0.44996098764220793
2,1,165,0.45060519138216576
2,1,166,0.4532411440229753
2,1,167,0.45638720925671944
2,1,168,0.4575733902014909
2,1,169,0.4549734202393557
2,1,170,0.44919261073013494
2,1,171,0.4436212383009231
2,1,172,0.44254039776530657
2,1,173,0.44750015246888875
2,1,174,0.45518761464166735
2,1,175,0.46000051073178944
2,1,176,0.45907657990774486
2,1,177,0.453791318852696
2,1,178,0.4469870407737814
2,1,179,0.44021133153299297
2,1,180,0.4332138765594944
2,1,181,0.4254432800132091
2,1,182,0.4179708335941096
2,1,183,0.4135536559216171
2,1,184,0.4145587748733712
2,1,185,0.4206933961357976
2,1,186,0.42889696412087286
2,1,187,0.43548423840844824
2,1,188,0.43750471188607093
2,1,189,0.4326833762882503
2,1,190,0.421338818783698
2,1,191,0.40921832283849807
2,1,192,0.40548096187971583
2,1,193,0.4154191079793039
2,1,194,0.4367032997052488
2,1,195,0.46590362712561534
2,1,196,0.5054694809834145
2,1,197,0.5568173622515531
2,1,198,0.6061219760237446
2,1,199,0.6290747066555195
2,1,200,0.6210056172100952
2,1,201,0.6197164398175438
2,1,202,0.6679513766512609
2,1,203,0.7531815189709143
2,1,204,0.8425799697466795
2,1,205,0.929967805902104
2,1,206,1.020044139237659
2,1,207,1.1104485498666783
2,1,208,1.1979790693038233
2,1,209,1.2810230166781105
2,1,210,1.3516910202574706
2,1,211,1.39468091379753
2,1,212,1.3990656907330248
2,1,213,1.3696143415917625
2,1,214,1.3239995054121403
2,1,215,1.2804226178354343
2,1,216,1.2480456649099816
2,1,217,1.2239569146677867
2,1,218,1.1954558011792378
2,1,219,1.1481640763930565
2,1,220,1.0766219754410198
2,1,221,0.9893389058553586
2,1,222,0.9035961002344639
2,1,223,0.8336399021130383
2,1,224,0.7830187268073838
2,1,225,0.7480237620692409
2,1,226,0.7243293560602497
2,1,227,0.7086949601378965
2,1,228,0.6980364568123355
2,1,229,0.6888197500333096
2,1,230,0.6779105422014386
2,1,231,0.6648968025481061
2,1,232,0.6528205135313738
2,1,233,0.64505247047421
2,1,234,0.6415820240298262
2,1,235,0.639382036046333
2,1,236,0.6360090771508254
2,1,237,0.6327285649816217
2,1,238,0.6342940780283414
2,1,239,0.6447838839150956
2,1,240,0.6647222390622678
2,1,241,0.691920731304271
2,1,242,0.7217629196927722
2,1,243,0.747608375655532
2,1,244,0.7645562790233402
2,1,245,0.7726596364159701
2,1,246,0.7748741182149266
2,1,247,0.7736824490540449
2,1,248,0.7708253584030991
2,1,249,0.7676444792072655
2,1,250,0.7645460070584843
2,1,251,0.7615455338618561
2,1,252,0.7591416101822096
2,1,253,0.7573914235358871
2,1,254,0.755180706762206
2,1,255,0.7519459620983675
2,1,256,0.7486512179337803
2,1,257,0.7458419015810808
2,1,258,0.7421266093988192
2,1,259,0.735108604898189
2,1,260,0.7234655997349994
2,1,261,0.708420100128636
2,1,262,0.693065886986052
2,1,263,0.6801672488318797
2,1,264,0.6705570329580168
2,1,265,0.6629667860541846
2,1,266,0.6548410695604189
2,1,267,0.6442371599840596
2,1,268,0.6320319341301558
2,1,269,0.621247689317537
2,1,270,0.6140983986565994
2,1,271,0.6111403574761203
2,1,272,0.6121932438225526
2,1,273,0.6165263639965418
2,1,274,0.6226169309702623
2,1,275,0.628453599069604
2,1,276,0.6324788483635156
2,1,277,0.633849976589882
2,1,278,0.6315320642312602
2,1,279,0.62352106753386
2,1,280,0.6076731192143634
2,1,281,0.584655884282209
2,1,282,0.5601162625787528
2,1,283,0.5422781421797325
2,1,284,0.5367293068701218
2,1,285,0.5437623507852121
2,1,286,0.5599220955439316
2,1,287,0.581063368073694
2,1,288,0.6037534332225941
2,1,289,0.6246460198249737
2,1,290,0.6400713649724173
2,1,291,0.6474855044783517
2,1,292,0.6471428194383995
2,1,293,0.641851350085966
2,1,294,0.6354080192062604
2,1,295,0.6307079655667327
2,1,296,0.628495964668929
2,1,297,0.6282292543014962
2,1,298,0.6297125622806446
2,1,299,0.6327244128886533
2,1,300,0.635794227590831
2,1,301,0.6369358150020437
2,1,302,0.6357060889314948
2,1,303,0.6337978101230701
2,1,304,0.6334782346039094
2,1,305,0.636532251938662
2,1,306,0.64460734120926
2,1,307,0.6584030456574455
2,1,308,0.6756683831395375
2,1,309,0.6909512288010724
2,1,310,0.6985455529609158
2,1,311,0.6962643026371431
2,1,312,0.6865311565867918
2,1,313,0.6743122632243994
2,1,314,0.6641317919384007
2,1,315,0.6580126566572353
2,1,316,0.6548849498387236
2,1,317,0.6521288825819638
2,1,318,0.6483563798379139
2,1,319,0.6440124613953022
2,1,320,0.6396989835022804
2,1,321,0.6353817761970331
2,1,322,0.6313756127136444
2,1,323,0.6293645282932853
2,1,324,0.6312653998403628
2,1,325,0.6368679351895209
2,1,326,0.6436164264531743
2,1,327,0.6484346909477052
2,1,328,0.649307070416114
2,1,329,0.646678050278694
2,1,330,0.6437883797009085
2,1,331,0.6440668929328814
2,1,332,0.6483747542484214
2,1,333,0.6550464011613185
2,1,334,0.6612198602183482
2,1,335,0.6636080685056229
2,1,336,0.6596099454181616
2,1,337,0.6494795895919709
2,1,338,0.6369516641255517
2,1,339,0.6266517664859397
2,1,340,0.6210814903681304
2,1,341,0.6202464402751262
2,1,342,0.6232900620202562
2,1,343,0.6295501998834655
2,1,344,0.6379408448986624
2,1,345,0.6466132994846586
2,1,346,0.6540766198608587
2,1,347,0.6592865409436292
2,1,348,0.6601482984342868
2,1,349,0.654065154078695
2,1,350,0.6411075936694186
2,1,351,0.6253091705746201
2,1,352,0.6117417721403468
2,1,353,0.6028157786920416
2,1,354,0.5976824476131151
2,1,355,0.5939400827408964
2,1,356,0.5897100603128044
2,1,357,0.5853660597074702
2,1,358,0.5831072188824926
2,1,359,0.584029388407656
2,1,360,0.5863722259236871
2,1,361,0.587216335065666
2,1,362,0.5853921459843715
2,1,363,0.5821690351783245
2,1,364,0.5795643382723299
2,1,365,0.5787189957702749
2,1,366,0.5794518963324897
2,1,367,0.5812784208940562
2,1,368,0.5849924275563335
2,1,369,0.5919049133133052
2,1,370,0.6012874812025729
2,1,371,0.6107275131643267
2,1,372,0.619522327119
2,1,373,0.6314723786043421
2,1,374,0.6562562050606682
2,1,375,0.7077324324385312
2,1,376,0.7949591215122499
2,1,377,0.910143575666532
2,1,378,1.0275855477148155
2,1,379,1.1154480293084312
2,1,380,1.151570373429542
2,1,381,1.1354536727477034
2,1,382,1.0850683989211607
2,1,383,1.018169167436135
2,1,384,0.9397455789146651
2,1,385,0.8510937638651546
2,1,386,0.7638072560954365
2,1,387,0.6945394748629241
2,1,388,0.6507327944387562
2,1,389,0.6297722907396921
2,1,390,0.6233764679473573
2,1,391,0.6223248248994228
2,1,392,0.6244777159728049
2,1,393,0.6337186543920076
2,1,394,0.649074595291531
2,1,395,0.664243365111269
2,1,396,0.6787213215872787
2,1,397,0.7003929453463273
2,1,398,0.736422877709412
2,1,399,0.785598829365419
2,1,400,0.8395154675056811
2,1,401,0.8892183670478673
2,1,402,0.9302408219901593
2,1,403,0.9607239222477519
2,1,404,0.9775737020701741
2,1,405,0.9782578944165041
2,1,406,0.9648548090631724
2,1,407,0.9437864116989106
2,1,408,0.9217787684780563
2,1,409,0.9025800965482518
2,1,410,0.886866667351054
2,1,411,0.8735680589314677
2,1,412,0.859600845041169
2,1,413,0.8395030892195553
2,1,414,0.8084330139268481
2,1,415,0.7661719371807894
2,1,416,0.7171751807318865
2,1,417,0.6670720626266206
2,1,418,0.6191847282037384
2,1,419,0.573288614705328
2,1,420,0.5278784779021307
2,1,421,0.4841273258131007
2,1,422,0.4467130378956394
2,1,423,0.42000782068739057
2,1,424,0.40430394628638683
2,1,425,0.39639673865013525
2,1,426,0.39216807053054786
2,1,427,0.38766456279067096
2,1,428,0.38002553296020636
2,1,429,0.3690606309304852
2,1,430,0.35697380513622556
2,1,431,0.34610898483173513
2,1,432,0.3372164663852573
2,1,433,0.3300584540399149
2,1,434,0.32470528551769473
2,1,435,0.3209047841967189
2,1,436,0.3178125314508063
2,1,437,0.316106788620948
2,1,438,0.3178181924918151
2,1,439,0.3226290465131926
2,1,440,0.32714763122493823
2,1,441,0.32928574016385015
2,1,442,0.33147700922611495
2,1,443,0.33812819815004624
2,1,444,0.3512547249370463
2,1,445,0.3684082419019036
2,1,446,0.38318330760013697
2,1,447,0.3891581243086545
2,1,448,0.3848628516246443
2,1,449,0.3745534667923639
2,1,450,0.3642894400043145
2,1,451,0.35840180146677453
2,1,452,0.3590996708667846
2,1,453,0.36656521259915864
2,1,454,0.3781522376194168
2,1,455,0.38886820207279355
2,1,456,0.394101385570469
2,1,457,0.3921987647725823
2,1,458,0.38442961219344124
2,1,459,0.3734773176081759
2,1,460,0.3627040812755722
2,1,461,0.35588260469118144
2,1,462,0.3558414453022269
2,1,463,0.3626300843482058
2,1,464,0.3730192099719774
2,1,465,0.38147824894602583
2,1,466,0.3827781744462138
2,1,467,0.3759321045723069
2,1,468,0.3659790768719021
2,1,469,0.3604697188149562
2,1,470,0.3630952052783033
2,1,471,0.37094430560873076
2,1,472,0.377662434811702
2,1,473,0.37811992662090793
2,1,474,0.37070156116673453
2,1,475,0.3566775292735918
2,1,476,0.3383731259789668
2,1,477,0.31812974783447595
2,1,478,0.29900331128746443
2,1,479,0.28548101364620526
2,1,480,0.2816241058069909
2,1,481,0.28761456846256894
2,1,482,0.2987499118142384
2,1,483,0.308742437386738
2,1,484,0.3137002540752246
2,1,485,0.3135415590385469
2,1,486,0.3104642788767144
2,1,487,0.3060776821600992
2,1,488,0.3008603663790692
2,1,489,0.2951392172933244
2,1,490,0.28888313862491544
2,1,491,0.2822583895384059
2,1,492,0.27721785774605445
2,1,493,0.2768960793139153
2,1,494,0.2826330785675646
2,1,495,0.2920999104079655
2,1,496,0.30093008111178515
2,1,497,0.3060212824997536
2,1,498,0.3080055190994957
2,1,499,0.31134216658101277
2,1,500,0.31998389702118857
2,1,501,0.3325033544230755
2,1,502,0.3431516865240866
2,1,503,0.3472091429354713
2,1,504,0.34426677532677946
2,1,505,0.33637641655518713
2,1,506,0.3248893784730807
2,1,507,0.31072553913183065
2,1,508,0.2966304850369979
2,1,509,0.28727181081997605
2,1,510,0.286302910141786
2,1,511,0.2933618474804992
2,1,512,0.3042642055723118
2,1,513,0.3138285395927221
2,1,514,0.3187163851264534
2,1,515,0.31856984733724464
2,1,516,0.3152940137873843
2,1,517,0.31125493318641156
2,1,518,0.30785289452570025
2,1,519,0.3048331688985236
2,1,520,0.2999773401349958
2,1,521,0.2905529939975965
2,1,522,0.27616510227823404
2,1,523,0.260093969596213
2,1,524,0.24724465403790366
2,1,525,0.24058173986420553
2,1,526,0.23957190009616183
2,1,527,0.24178414335532467
2,1,528,0.24569348322006632
2,1,529,0.2510394058773529
2,1,530,0.2572876819546116
2,1,531,0.26316022395120525
2,1,532,0.2672660713389991
2,1,533,0.26933685340087204
2,1,534,0.2705820993871669
2,1,535,0.2725391718152027
2,1,536,0.27613377240530673
2,1,537,0.28137240578237943
2,1,538,0.28670963168234426
2,1,539,0.2891622744938562
2,1,540,0.2865619866420355
2,1,541,0.2798546906292586
2,1,542,0.27322443967807103
2,1,543,0.271994291204133
2,1,544,0.2786948051515211
2,1,545,0.2896518329371894
2,1,546,0.29730363677392424
2,1,547,0.2975723529499879
2,1,548,0.2934898595735496
2,1,549,0.29068542277289583
2,1,550,0.291266023065058
2,1,551,0.29395694515610366
2,1,552,0.2977854619677256
2,1,553,0.30361367154798463
2,1,554,0.31256188296053916
2,1,555,0.32333470183857266
2,1,556,0.3324843615980797
2,1,557,0.33684593643035704
2,1,558,0.3345742082761218
2,1,559,0.32498462881841544
2,1,560,0.30914680464686217
2,1,561,0.2924798888491211
2,1,562,0.2867028359142035
2,1,563,0.3047897373332871
2,1,564,0.3519847573322186
2,1,565,0.42621664002889365
2,1,566,0.5216268238238327
2,1,567,0.625943425946603
2,1,568,0.7223871289679016
2,1,569,0.7993762173414435
2,1,570,0.857022152744426
2,1,571,0.9031986583007428
2,1,572,0.9436003599939787
2,1,573,0.9753438343826494
2,1,574,0.9884788794396785
2,1,575,0.9726042976162141
2,1,576,0.9241216744020292
2,1,577,0.850677099265178
2,1,578,0.7689388707537029
2,1,579,0.6950441935833495
2,1,580,0.6359269454122739
2,1,581,0.5895974521550609
2,1,582,0.5507037488155138
2,1,583,0.51461115227209
2,1,584,0.47925999528905977
2,1,585,0.4459690933584073
2,1,586,0.41956339290315636
2,1,587,0.4061430556314697
2,1,588,0.4087573037508417
2,1,589,0.4253439282453524
2,1,590,0.4504334059633518
2,1,591,0.47802284073683954
2,1,592,0.5031388986286772
2,1,593,0.5226263121768728
2,1,594,0.5359636083786354
2,1,595,0.5451303589773727
2,1,596,0.5534475224601034
2,1,597,0.5638212427287944
2,1,598,0.576867572879697
2,1,599,0.5904072868028704
2,1,600,0.6009182252276777
2,15,0,0.0920876423943623
2,15,1,0.09649214022596513
2,15,2,0.10545853465513134
2,15,3,0.11486660815385186
2,15,4,0.12053110769403627
2,15,5,0.12062243192167241
2,15,6,0.11711968326186233
2,15,7,0.11417321896702724
2,15,8,0.11459806631003264
2,15,9,0.11815604307402956
2,15,10,0.12217890616921093
2,15,11,0.12315876268859496
2,15,12,0.11695961568118243
2,15,13,0.09908081445415555
2,15,14,0.11301525614600892
2,15,15,0.2512478401025376
2,15,16,0.47733982603257585
2,15,17,0.7381252438630495
2,15,18,0.9862950516994384
2,15,19,1.1772855854162392
2,15,20,1.2862041916904934
2,15,21,1.330214801706805
2,15,22,1.356695365038456
2,15,23,1.4088170804052476
2,15,24,1.4996350335851338
2,15,25,1.6021942233738533
2,15,26,1.6632251230436443
2,15,27,1.6489642707783074
2,15,28,1.5827956808410906
2,15,29,1.5196834115980054
2,15,30,1.491720304240737
2,15,31,1.4919935254723418
2,15,32,1.4922923815215974
2,15,33,1.4662267269447582
2,15,34,1.4052374108066805
2,15,35,1.3184318965650004
2,15,36,1.2211911910401407
2,15,37,1.126462079398045
2,15,38,1.0439617688981893
2,15,39,0.9822279721858347
2,15,40,0.9480767825510227
2,15,41,0.9432592319279633
2,15,42,0.9627976884401124
2,15,43,0.9983734757003839
2,15,44,1.0429064084853794
2,15,45,1.0916109501494096
2,15,46,1.1406110130247218
2,15,47,1.1860265249905124
2,15,48,1.2244562915845714
2,15,49,1.2535761967643495
2,15,50,1.2719732980442722
2,15,51,1.2796409819275119
2,15,52,1.279224584341151
2,15,53,1.275309595635191
2,15,54,1.2714796422834902
2,15,55,1.268377695542338
2,15,56,1.2640889818345973
2,15,57,1.255675960873705
2,15,58,1.2406779974703777
2,15,59,1.2177181602832117
2,15,60,1.1867398469630677
2,15,61,1.1493769741205537
2,15,62,1.1084910049711165
2,15,63,1.0671132572032005
2,15,64,1.0280797084957838
2,15,65,0.9941528259821112
2,15,66,0.9679074356032683
2,15,67,0.9509723901155953
2,15,68,0.9424030005454037
2,15,69,0.9379235734821784
2,15,70,0.9322042183155979
2,15,71,0.9220562509993768
2,15,72,0.9067228436940616
2,15,73,0.8857690732702385
2,15,74,0.8581687268227378
2,15,75,0.8235966029667134
2,15,76,0.7834186505996223
2,15,77,0.7403295957499236
2,15,78,0.6979658944817354
2,15,79,0.6604323070359002
2,15,80,0.6310204097625648
2,15,81,0.6106209476897202
2,15,82,0.5971291923400405
2,15,83,0.5865965703604851
2,15,84,0.5751879714767966
2,15,85,0.5609777247639718
2,15,86,0.5446166685888275
2,15,87,0.5281478081828369
2,15,88,0.5134317224225822
2,15,89,0.5014386951520415
2,15,90,0.49213097908782405
2,15,91,0.4847231059480809
2,15,92,0.47837637608030387
2,15,93,0.47298385265543197
2,15,94,0.46915968797094676
2,15,95,0.46749950879083074
2,15,96,0.46774032529125803
2,15,97,0.4680408540519944
2,15,98,0.46584764326768197
2,15,99,0.4605243953246072
2,15,100,0.45414919618796373
2,15,101,0.44897245608293057
2,15,102,0.4453463656219383
2,15,103,0.44267756389143814
2,15,104,0.4405941666086303
2,15,105,0.43845789420518927
2,15,106,0.4354753621296687
2,15,107,0.4315974089255227
2,15,108,0.42710021855426833
2,15,109,0.42203939699726545
2,15,110,0.4169012476244247
2,15,111,0.4127452516715323
2,15,112,0.4105262261302621
2,15,113,0.41071738510499256
2,15,114,0.41322496213023974
2,15,115,0.41714993516118987
2,15,116,0.420677685674696
2,15,117,0.4219156827869849
2,15,118,0.42036292121227686
2,15,119,0.4172162848504485
2,15,120,0.41402069718220375
2,15,121,0.41187120442677655
2,15,122,0.4117840851645405
2,15,123,0.41409296993330147
2,15,124,0.41759164830360784
2,15,125,0.4205566547987335
2,15,126,0.4224475714080532
2,15,127,0.42413543648887736
2,15,128,0.42607304253418954
2,15,129,0.4272567748540614
2,15,130,0.4269440982526358
2,15,131,0.42614087471700696
2,15,132,0.4262819245300099
2,15,133,0.4270765274112345
2,15,134,0.42645250027519405
2,15,135,0.4223786447307025
2,15,136,0.4144410325343413
2,15,137,0.4043308722402655
2,15,138,0.39504605915745045
2,15,139,0.38926900473398535
2,15,140,0.38893984703013795
2,15,141,0.39532012977966413
2,15,142,0.40731865686594726
2,15,143,0.42098346160945854
2,15,144,0.43200503766459036
2,15,145,0.4378459670735021
2,15,146,0.4381817382858962
2,15,147,0.43450836466313325
2,15,148,0.4293263954787626
2,15,149,0.42528883092627723
2,15,150,0.4244016585891302
2,15,151,0.42726220285782895
2,15,152,0.4330789307480928
2,15,153,0.4405400219720185
2,15,154,0.4483640315328072
2,15,155,0.4552662856542199
2,15,156,0.45973477127667295
2,15,157,0.4601619823634521
2,15,158,0.4561758672433248
2,15,159,0.4498744637438599
2,15,160,0.4445622946776492
2,15,161,0.4419453704635196
2,15,162,0.441240367379578
2,15,163,0.44118976013073874
2,15,164,0.44165412652833574
2,15,165,0.4427416106586194
2,15,166,0.443863238294071
2,15,167,0.44440588494164507
2,15,168,0.44428646965500934
2,15,169,0.4434490162404822
2,15,170,0.4414561442285833
2,15,171,0.4380897312019008
2,15,172,0.4341186686610169
2,15,173,0.43098681777783987
2,15,174,0.4299864594076902
2,15,175,0.4314000435593525
2,15,176,0.43356414310491154
2,15,177,0.43342409554234523
2,15,178,0.42898696268376335
2,15,179,0.42081039657564007
2,15,180,0.4114921274279498
2,15,181,0.4045545964857389
2,15,182,0.4029222797077258
2,15,183,0.40736871115380796
2,15,184,0.415921160493543
2,15,185,0.42480101839725243
2,15,186,0.43060903023565206
2,15,187,0.4317298199667135
2,15,188,0.42822761145982663
2,15,189,0.42153626079038686
2,15,190,0.4144207501683612
2,15,191,0.4103888175401462
2,15,192,0.4124348780134996
2,15,193,0.4229113646611974
2,15,194,0.4442658634056867
2,15,195,0.4779706049176096
2,15,196,0.5222563176938033
2,15,197,0.5718903627830123
2,15,198,0.6169729528318036
2,15,199,0.6407276389748743
2,15,200,0.632430879958477
2,15,201,0.6140195228838633
2,15,202,0.6339119792892803
2,15,203,0.7066889953911429
2,15,204,0.8030850616263152
2,15,205,0.903650458493506
2,15,206,1.0050660444998138
2,15,207,1.099149831177972
2,15,208,1.1768005805155692
2,15,209,1.2376772440866441
2,15,210,1.2828705156557207
2,15,211,1.3051958729324622
2,15,212,1.292877662631893
2,15,213,1.2434011331160155
2,15,214,1.1714211916958892
2,15,215,1.100803255154295
2,15,216,1.0482147510516244
2,15,217,1.0133890781956056
2,15,218,0.9825533538006626
2,15,219,0.9388054809107047
2,15,220,0.8721959003457254
2,15,221,0.7849063469471466
2,15,222,0.6885913309083818
2,15,223,0.596907745874898
2,15,224,0.5196661791578517
2,15,225,0.4615197031849163
2,15,226,0.42327405633860865
2,15,227,0.40324888786772484
2,15,228,0.3981869713285499
2,15,229,0.4037085162337276
2,15,230,0.4147305373177976
2,15,231,0.42727341378148553
2,15,232,0.4399297299769659
2,15,233,0.4527606338463988
2,15,234,0.4658847417626387
2,15,235,0.47935492765962456
2,15,236,0.49301112318718004
2,15,237,0.5058592293319166
2,15,238,0.516482403781818
2,15,239,0.5242568298065198
2,15,240,0.5293875657764664
2,15,241,0.5324915147324165
2,15,242,0.5350213909375586
2,15,243,0.5394610486876598
2,15,244,0.5484676130420989
2,15,245,0.5634028372903439
2,15,246,0.5829915858523829
2,15,247,0.6036151240887669
2,15,248,0.621359936241867
2,15,249,0.6338252551714376
2,15,250,0.6403494506369213
2,15,251,0.6412567179048577
2,15,252,0.6371579157663435
2,15,253,0.6283039969163559
2,15,254,0.6144513841074698
2,15,255,0.5955983569053326
2,15,256,0.5727203768489163
2,15,257,0.5483812000439897
2,15,258,0.5271021854246952
2,15,259,0.5144875913898412
2,15,260,0.5148395022606267
2,15,261,0.5286781006725925
2,15,262,0.5524089608463117
2,15,263,0.5797872860560962
2,15,264,0.6032187260358857
2,15,265,0.6156592728656255
2,15,266,0.6133593944296987
2,15,267,0.5968759244340424
2,15,268,0.5701446323130209
2,15,269,0.5391074246297146
2,15,270,0.5104178206367251
2,15,271,0.49079493530891677
2,15,272,0.4855301172800676
2,15,273,0.4956672598672337
2,15,274,0.5169562814428409
2,15,275,0.5416689905843199
2,15,276,0.5617276116656406
2,15,277,0.5722774719087292
2,15,278,0.5741344885547903
2,15,279,0.572508855117601
2,15,280,0.5722761240403119
2,15,281,0.5742645756017462
2,15,282,0.5757864679319358
2,15,283,0.5737958828670978
2,15,284,0.5671058334025674
2,15,285,0.5564825721065065
2,15,286,0.5439435391950813
2,15,287,0.5320502661519912
2,15,288,0.5232536834506358
2,15,289,0.519436356039673
2,15,290,0.5209393804474345
2,15,291,0.5256318120848107
2,15,292,0.5301327822235172
2,15,293,0.5327344739139822
2,15,294,0.5348513068973093
2,15,295,0.5393980503298805
2,15,296,0.547903427662901
2,15,297,0.5590580577087557
2,15,298,0.5700626366675653
2,15,299,0.579647722529094
2,15,300,0.5889281516293176
2,15,301,0.5986793033503386
2,15,302,0.6070729652638924
2,15,303,0.611128946516502
2,15,304,0.6098855867303618
2,15,305,0.6051137536151255
2,15,306,0.5990157298674538
2,15,307,0.5919874891119482
2,15,308,0.582969540215528
2,15,309,0.5717605061476051
2,15,310,0.5602582736289957
2,15,311,0.5505472473248192
2,15,312,0.5426290974386613
2,15,313,0.5356644827389889
2,15,314,0.5304649629440794
2,15,315,0.5290975683569021
2,15,316,0.5324731172803392
2,15,317,0.5390686691005855
2,15,318,0.545634539173473
2,15,319,0.5494127582287192
2,15,320,0.5501275186449611
2,15,321,0.5488624278965227
2,15,322,0.5456897363907421
2,15,323,0.5404800906348354
2,15,324,0.5351200405560665
2,15,325,0.5325189399724687
2,15,326,0.533499897916368
2,15,327,0.5363269774401025
2,15,328,0.5388463591341954
2,15,329,0.5397858060335843
2,15,330,0.5392585112248298
2,15,331,0.5395083639208968
2,15,332,0.5434127223497162
2,15,333,0.5506632208427892
2,15,334,0.5570128418723269
2,15,335,0.5582041308972724
2,15,336,0.5540476671069401
2,15,337,0.5488118123333348
2,15,338,0.5475152840327245
2,15,339,0.5513395539456206
2,15,340,0.5570450083927682
2,15,341,0.5603259282818688
2,15,342,0.5584907409841291
2,15,343,0.5512946094936516
2,15,344,0.5407179628471903
2,15,345,0.5296678169375557
2,15,346,0.5208316688796658
2,15,347,0.5157520453432464
2,15,348,0.5139874836973847
2,15,349,0.5135619389359751
2,15,350,0.5120623772522056
2,15,351,0.5074371421975347
2,15,352,0.49909422587779606
2,15,353,0.4884619537399708
2,15,354,0.47795035265826086
2,15,355,0.46929701930162177
2,15,356,0.46282928867276724
2,15,357,0.45832803707910574
2,15,358,0.4557772921515692
2,15,359,0.45470896357827195
2,15,360,0.45417158665344226
2,15,361,0.4542280864193045
2,15,362,0.45698126764872476
2,15,363,0.46544760594368106
2,15,364,0.4806508967912161
2,15,365,0.49924946444410956
2,15,366,0.51433211810399
2,15,367,0.5193464022091748
2,15,368,0.5117546136818439
2,15,369,0.4939148241721843
2,15,370,0.4714748445519248
2,15,371,0.4513807381135523
2,15,372,0.4405652211652277
2,15,373,0.44530322788845716
2,15,374,0.4731540644801054
2,15,375,0.5345091239097362
2,15,376,0.6353942457193651
2,15,377,0.7653116199517964
2,15,378,0.8971437569259431
2,15,379,0.9997809808352155
2,15,380,1.0519678740152825
2,15,381,1.0521830198594424
2,15,382,1.0150138587256492
2,15,383,0.9531779400302671
2,15,384,0.8690131784840499
2,15,385,0.7702835719594335
2,15,386,0.6828700825994334
2,15,387,0.6286381689936715
2,15,388,0.6033661567976593
2,15,389,0.5962299127775661
2,15,390,0.6021058101839629
2,15,391,0.6147532842864945
2,15,392,0.6331602609034878
2,15,393,0.6585641877527111
2,15,394,0.6825041989875371
2,15,395,0.695132014209735
2,15,396,0.6981026083014191
2,15,397,0.7021657298427827
2,15,398,0.7168501887312038
2,15,399,0.7435807583189241
2,15,400,0.7764546712650585
2,15,401,0.8080535245796988
2,15,402,0.8331334610632197
2,15,403,0.8484820902868105
2,15,404,0.853188956504002
2,15,405,0.8495368363187333
2,15,406,0.8420203805587865
2,15,407,0.8348361285609955
2,15,408,0.8295674076126478
2,15,409,0.8248830063833896
2,15,410,0.8184860092029699
2,15,411,0.8087477864320475
2,15,412,0.7948949653334616
2,15,413,0.7772775793360654
2,15,414,0.7572961046489692
2,15,415,0.7356616138127418
2,15,416,0.7112772218484948
2,15,417,0.6823833117368354
2,15,418,0.6480385690702982
2,15,419,0.6091482043788641
2,15,420,0.5684886686793683
2,15,421,0.5286136366701634
2,15,422,0.48964841033588746
2,15,423,0.4503545116315035
2,15,424,0.41175713824989185
2,15,425,0.3784380445937636
2,15,426,0.35487828543552113
2,15,427,0.34114728113672554
2,15,428,0.33272358103386196
2,15,429,0.32405339360764207
2,15,430,0.3126687433423053
2,15,431,0.30065850585372417
2,15,432,0.2924673909933357
2,15,433,0.290774222419945
2,15,434,0.29472575781200605
2,15,435,0.3021722836114627
2,15,436,0.31171781886632793
2,15,437,0.3220911239190342
2,15,438,0.33112950106695666
2,15,439,0.3368393236505262
2,15,440,0.33903825805784227
2,15,441,0.33954946696012367
2,15,442,0.3414040087596734
2,15,443,0.3469782909859205
2,15,444,0.35657474423952773
2,15,445,0.3695897952625086
2,15,446,0.3847509511534435
2,15,447,0.3977723975505426
2,15,448,0.4030379366549922
2,15,449,0.3997278640834138
2,15,450,0.3930399838942113
2,15,451,0.3878435985997568
2,15,452,0.383805595651274
2,15,453,0.37871960413226013
2,15,454,0.3731319584059074
2,15,455,0.36876759673561
2,15,456,0.36508827893213963
2,15,457,0.3606684082204819
2,15,458,0.35570873011015325
2,15,459,0.35096928071174494
2,15,460,0.34658292952635467
2,15,461,0.34296973433296263
2,15,462,0.3416945152820481
2,15,463,0.3441740213049057
2,15,464,0.3496921692872946
2,15,465,0.3557294594264796
2,15,466,0.35922462649219206
2,15,467,0.3570414421651329
2,15,468,0.3474361598793644
2,15,469,0.33188301938610215
2,15,470,0.3146691898072644
2,15,471,0.30057118280051487
2,15,472,0.2930105058316915
2,15,473,0.2934280873985435
2,15,474,0.30089287295345685
2,15,475,0.3119024048789225
2,15,476,0.3211910750350167
2,15,477,0.3242290947622049
2,15,478,0.31972219154489023
2,15,479,0.31006066223831424
2,15,480,0.2999976477420074
2,15,481,0.2939005769218477
2,15,482,0.29348248513760533
2,15,483,0.29837617877646877
2,15,484,0.30741257338537187
2,15,485,0.31840221866487184
2,15,486,0.32814187239809933
2,15,487,0.3338306113614287
2,15,488,0.3349085911973749
2,15,489,0.3329528890026342
2,15,490,0.3291429166739713
2,15,491,0.32323466289413966
2,15,492,0.3162573376457376
2,15,493,0.31180370129633406
2,15,494,0.3125913875022016
2,15,495,0.3175520139944371
2,15,496,0.32296671506410346
2,15,497,0.32548394582133594
2,15,498,0.3241688082443132
2,15,499,0.31963694275692717
2,15,500,0.3127416797425022
2,15,501,0.30530607219703443
2,15,502,0.30004843587614527
2,15,503,0.2978299517513587
2,15,504,0.29631142905495184
2,15,505,0.2928778600096442
2,15,506,0.2876031428296609
2,15,507,0.28256054272523434
2,15,508,0.279356402571339
2,15,509,0.27816997924614734
2,15,510,0.27855825487723834
2,15,511,0.2803739064756555
2,15,512,0.28403555254603363
2,15,513,0.2894488804062806
2,15,514,0.29495497169796936
2,15,515,0.29814496299521165
2,15,516,0.29746775716459606
2,15,517,0.29345637021171583
2,15,518,0.2886593121724343
2,15,519,0.2857066024196328
2,15,520,0.285946760409866
2,15,521,0.28938421126948577
2,15,522,0.29434624340002696
2,15,523,0.29802467450534814
2,15,524,0.29839260394011513
2,15,525,0.2955160192114693
2,15,526,0.29075874544873204
2,15,527,0.2848975337855662
2,15,528,0.27816033501791915
2,15,529,0.27222066203208123
2,15,530,0.26991608668876027
2,15,531,0.27277901994954856
2,15,532,0.2796240054396236
2,15,533,0.286503246646022
2,15,534,0.2888209937102372
2,15,535,0.28491485742627454
2,15,536,0.2773603368746598
2,15,537,0.2706502992543979
2,15,538,0.26781670599863333
2,15,539,0.2694727518561397
2,15,540,0.27480280882181235
2,15,541,0.2818980920903087
2,15,542,0.2884774318973785
2,15,543,0.2935288907336758
2,15,544,0.2968386257933591
2,15,545,0.2972606944679927
2,15,546,0.293405181213378
2,15,547,0.2852498985392794
2,15,548,0.27465667829563783
2,15,549,0.26511269391861686
2,15,550,0.2606350611345399
2,15,551,0.2654064132384379
2,15,552,0.2831828884308753
2,15,553,0.31314020041314766
2,15,554,0.34724048557782233
2,15,555,0.37456254188200516
2,15,556,0.38816609130914526
2,15,557,0.38841280956645846
2,15,558,0.37967990200980417
2,15,559,0.3648887567395691
2,15,560,0.34584848408080093
2,15,561,0.32823478586738847
2,15,562,0.3234217375555024
2,15,563,0.34262002531823565
2,15,564,0.3896075298457022
2,15,565,0.4622872999173111
2,15,566,0.5558664095620207
2,15,567,0.6619421089269706
2,15,568,0.7693422667826111
2,15,569,0.8666555945663545
2,15,570,0.9448769912477011
2,15,571,1.0001546636468157
2,15,572,1.033469833796152
2,15,573,1.0467126981134487
2,15,574,1.0397520372877351
2,15,575,1.0112447534376752
2,15,576,0.9613169019074018
2,15,577,0.8939765794333722
2,15,578,0.817882888173203
2,15,579,0.743512487411462
2,15,580,0.6782655615855647
2,15,581,0.6245400284058557
2,15,582,0.5814294532307279
2,15,583,0.5467994950062367
2,15,584,0.5185940096373535
2,15,585,0.4960069408489564
2,15,586,0.47997900900174073
2,15,587,0.47174006015341674
2,15,588,0.4705748420743252
2,15,589,0.47377234627831316
2,15,590,0.47885428822593357
2,15,591,0.4853217130376269
2,15,592,0.4942647910937664
2,15,593,0.5069472263419624
2,15,594,0.52409606672691
2,15,595,0.5452792098006347
2,15,596,0.5677739378986246
2,15,597,0.5868835655061335
2,15,598,0.5985590559310967
2,15,599,0.6019391723032941
2,15,600,0.5992492987565446
3,1,0,0.08084494797239754
3,1,1,0.08833674981120841
3,1,2,0.09006117110489065
3,1,3,0.08666234103502982
3,1,4,0.08147304394501784
3,1,5,0.0771104881132075
3,1,6,0.0739837315673334
3,1,7,0.07161477417244172
3,1,8,0.06980306282346938
3,1,9,0.0686769436050615
3,1,10,0.06834431759797767
3,1,11,0.06897665676164637
3,1,12,0.07161143204583881
3,1,13,0.07759561741063259
3,1,14,0.11104567430797381
3,1,15,0.2287452159541352
3,1,16,0.4324838051733227
3,1,17,0.677527992652286
3,1,18,0.913837334045523
3,1,19,1.1078320009167624
3,1,20,1.2425271300946445
3,1,21,1.321873248799413
3,1,22,1.374399294147329
3,1,23,1.4403453251617802
3,1,24,1.5439852394288858
3,1,25,1.663600421412783
3,1,26,1.7391740342672193
3,1,27,1.728848899574965
3,1,28,1.6540692330310385
3,1,29,1.573444608027573
3,1,30,1.5220972709766618
3,1,31,1.4966080312983117
3,1,32,1.4750133653679425
3,1,33,1.4334478342019095
3,1,34,1.360074120444204
3,1,35,1.2611295348934266
3,1,36,1.1542542635345237
3,1,37,1.0571887612205588
3,1,38,0.9809571802280495
3,1,39,0.9294985677299639
3,1,40,0.9028556465770232
3,1,41,0.9003125548817653
3,1,42,0.9207703058226596
3,1,43,0.9610897024437606
3,1,44,1.0150224633663385
3,1,45,1.0742478142854173
3,1,46,1.131671408114911
3,1,47,1.1839005278421169
3,1,48,1.2303917542254763
3,1,49,1.2712754362481373
3,1,50,1.305848584746606
3,1,51,1.3325856214672809
3,1,52,1.350919209152813
3,1,53,1.3620080083259811
3,1,54,1.3670536673360658
3,1,55,1.3661922843826801
3,1,56,1.3590254066728837
3,1,57,1.3451319728554259
3,1,58,1.324241326966347
3,1,59,1.2963470078525383
3,1,60,1.261855204540778
3,1,61,1.221790885170316
3,1,62,1.177850458436841
3,1,63,1.1325696198459263
3,1,64,1.0897043937048456
3,1,65,1.0533553219552283
3,1,66,1.0257479288448867
3,1,67,1.0063561004507264
3,1,68,0.992725762970657
3,1,69,0.9807953697227992
3,1,70,0.965104848678158
3,1,71,0.9410463992568242
3,1,72,0.9079375816080679
3,1,73,0.8690971888958747
3,1,74,0.8290019174609685
3,1,75,0.7909753748804358
3,1,76,0.7564065722936741
3,1,77,0.7250123642211553
3,1,78,0.6959789153678841
3,1,79,0.6686779981979276
3,1,80,0.6425544483513848
3,1,81,0.6177195193329226
3,1,82,0.5954422178082652
3,1,83,0.5764296818678124
3,1,84,0.5588224230362778
3,1,85,0.5397466269609107
3,1,86,0.5189382184618341
3,1,87,0.499370274411552
3,1,88,0.4849266693211275
3,1,89,0.47809678284368107
3,1,90,0.4785711288506614
3,1,91,0.48336434167744946
3,1,92,0.48861269505957117
3,1,93,0.49107252068030655
3,1,94,0.48854960395787106
3,1,95,0.4807022991307516
3,1,96,0.4696425905415361
3,1,97,0.45883150701898334
3,1,98,0.45056777551947647
3,1,99,0.44401635718381044
3,1,100,0.4363212825538162
3,1,101,0.4262997461702287
3,1,102,0.4165032984996996
3,1,103,0.4109672023881223
3,1,104,0.41175375966646827
3,1,105,0.4178484186972596
3,1,106,0.4255847950980862
3,1,107,0.43011975264918434
3,1,108,0.4282897629408458
3,1,109,0.4205367502870643
3,1,110,0.4100529210313601
3,1,111,0.40035346245451214
3,1,112,0.39314943723705287
3,1,113,0.38794627507992197
3,1,114,0.38390770126675205
3,1,115,0.38150424198173954
3,1,116,0.3813567552565195
3,1,117,0.3826364931816419
3,1,118,0.3835099150581814
3,1,119,0.3817856017723002
3,1,120,0.37558345941431204
3,1,121,0.365247486970367
3,1,122,0.354222918519346
3,1,123,0.3469953780849073
3,1,124,0.3457140469918459
3,1,125,0.34916364914483666
3,1,126,0.35513934519406926
3,1,127,0.3619692564228129
3,1,128,0.3679295120074715
3,1,129,0.37149759191669524
3,1,130,0.3723995073703241
3,1,131,0.3715763985517803
3,1,132,0.3700431477327232
3,1,133,0.36810766667276057
3,1,134,0.3657444596257753
3,1,135,0.3631516290974685
3,1,136,0.36036262424595683
3,1,137,0.35640993197151893
3,1,138,0.3496124145583651
3,1,139,0.33938773642730347
3,1,140,0.3276812748867134
3,1,141,0.3185716224164608
3,1,142,0.316001543114786
3,1,143,0.321123867593853
3,1,144,0.33175880161829874
3,1,145,0.34398591303352555
3,1,146,0.3538332109841683
3,1,147,0.35853433018365916
3,1,148,0.3577533370694728
3,1,149,0.35375956364049294
3,1,150,0.3492614250405374
3,1,151,0.3447172559855415
3,1,152,0.3392556365236407
3,1,153,0.33380956645618887
3,1,154,0.33065298054622866
3,1,155,0.3302705963980325
3,1,156,0.33121299936437615
3,1,157,0.3323962299993835
3,1,158,0.33357932313064476
3,1,159,0.3343972650864964
3,1,160,0.3343639893343114
3,1,161,0.3330852495323121
3,1,162,0.3306886571843356
3,1,163,0.32900252703153293
3,1,164,0.3303713794438827
3,1,165,0.33471548718531674
3,1,166,0.33982912875369703
3,1,167,0.3439072108613355
3,1,168,0.34640627596563656
3,1,169,0.3477105674125904
3,1,170,0.34897517730947386
3,1,171,0.35137748815183
3,1,172,0.35529840402613666
3,1,173,0.36037004504655573
3,1,174,0.3650195505752269
3,1,175,0.3662048002858071
3,1,176,0.3618793438209782
3,1,177,0.35405167472771143
3,1,178,0.34730168904311476
3,1,179,0.3437928259184566
3,1,180,0.34203779467684353
3,1,181,0.34062891079082225
3,1,182,0.34019701227960997
3,1,183,0.34142702496447186
3,1,184,0.34361435591314765
3,1,185,0.3460359011435885
3,1,186,0.348760189441842
3,1,187,0.3517017419354631
3,1,188,0.35450020832281587
3,1,189,0.35727146003045523
3,1,190,0.3609873343797531
3,1,191,0.36677107153125715
3,1,192,0.3746795054087872
3,1,193,0.3842865910712026
3,1,194,0.3964689839142319
3,1,195,0.4116789676140821
3,1,196,0.43007371254083615
3,1,197,0.4685529341552412
3,1,198,0.5589003618893384
3,1,199,0.6771338345128772
3,1,200,0.7410824419300687
3,1,201,0.7131702663734494
3,1,202,0.6591682309742312
3,1,203,0.6741536777307613
3,1,204,0.7413606226533449
3,1,205,0.7907266920122398
3,1,206,0.8103665870189267
3,1,207,0.8357032918124779
3,1,208,0.8986107387398482
3,1,209,1.00094693717668
3,1,210,1.1155012993384599
3,1,211,1.1973669620145873
3,1,212,1.212762537871912
3,1,213,1.1633762922232709
3,1,214,1.080146705807201
3,1,215,0.9989653228526362
3,1,216,0.9399247379568142
3,1,217,0.898654389583764
3,1,218,0.8551539450077091
3,1,219,0.7935977276768751
3,1,220,0.7138567766933032
3,1,221,0.6279933859241906
3,1,222,0.5500920530878486
3,1,223,0.49075474050920737
3,1,224,0.4562341082720441
3,1,225,0.4456726433308959
3,1,226,0.4525102483264117
3,1,227,0.4709572943364936
3,1,228,0.49706790876344226
3,1,229,0.5263660521588933
3,1,230,0.5546269107534008
3,1,231,0.5801053776164974
3,1,232,0.6036763103056361
3,1,233,0.6267614728790938
3,1,234,0.6491918062644277
3,1,235,0.6689814833406831
3,1,236,0.684120082324852
3,1,237,0.6947843091294695
3,1,238,0.7029519795695407
3,1,239,0.7098988707017536
3,1,240,0.7163755129046457
3,1,241,0.7247898919562953
3,1,242,0.7382097571908515
3,1,243,0.7569162403645897
3,1,244,0.7777036883122157
3,1,245,0.7969126798482344
3,1,246,0.8127959100124734
3,1,247,0.8251556630883133
3,1,248,0.8344909181584066
3,1,249,0.8413255865618396
3,1,250,0.8455949098556903
3,1,251,0.8466846253973924
3,1,252,0.8439507943295808
3,1,253,0.8372895157212159
3,1,254,0.8269927309609333
3,1,255,0.8128602507538242
3,1,256,0.7943242146967027
3,1,257,0.7720094647744995
3,1,258,0.7483293088853056
3,1,259,0.7257969762715187
3,1,260,0.7053058598309409
3,1,261,0.6871953545886087
3,1,262,0.6728540847537315
3,1,263,0.6635491628616689
3,1,264,0.6592358758577491
3,1,265,0.6591666338088832
3,1,266,0.6623418082878458
3,1,267,0.6674096601507115
3,1,268,0.672295192425356
3,1,269,0.6739997958751909
3,1,270,0.6699392409117183
3,1,271,0.6603271285836835
3,1,272,0.6483837014444398
3,1,273,0.6376079501937238
3,1,274,0.6295782046079134
3,1,275,0.6240557607815131
3,1,276,0.620071169535257
3,1,277,0.6172311293864486
3,1,278,0.6163337180498254
3,1,279,0.6179346909395361
3,1,280,0.6205955668370223
3,1,281,0.6212670375644556
3,1,282,0.6173499902596883
3,1,283,0.6089225224775883
3,1,284,0.5995117129038031
3,1,285,0.594126326427485
3,1,286,0.5962442059853614
3,1,287,0.6059086615805017
3,1,288,0.6195961958674542
3,1,289,0.6322801600911957
3,1,290,0.6401880221388588
3,1,291,0.6418247756211991
3,1,292,0.6374740269531588
3,1,293,0.629127303988986
3,1,294,0.6205066753078393
3,1,295,0.6153136968517905
3,1,296,0.6149605690354726
3,1,297,0.6180774781129551
3,1,298,0.6216496419142926
3,1,299,0.6230678887242391
3,1,300,0.62230567114271
3,1,301,0.6220084730830547
3,1,302,0.6250803193368071
3,1,303,0.6326867325492008
3,1,304,0.6436938668280019
3,1,305,0.6546477627556825
3,1,306,0.6610903502596832
3,1,307,0.6604720231910705
3,1,308,0.6538856249874682
3,1,309,0.6452153346965979
3,1,310,0.6392695261945063
3,1,311,0.6397702517338746
3,1,312,0.647433233734778
3,1,313,0.6593569178891493
3,1,314,0.6708146471592179
3,1,315,0.6784085241920174
3,1,316,0.682080584392645
3,1,317,0.6847367982678718
3,1,318,0.6901604995529745
3,1,319,0.699900674619248
3,1,320,0.7105699943709115
3,1,321,0.7151300468704294
3,1,322,0.7081766841470852
3,1,323,0.6894068867781051
3,1,324,0.6627726498936447
3,1,325,0.6342319183190132
3,1,326,0.6095704922735135
3,1,327,0.592834536947672
3,1,328,0.5859798903688593
3,1,329,0.5893126909604615
3,1,330,0.6017651082116006
3,1,331,0.6200550756725455
3,1,332,0.6383814581340108
3,1,333,0.6511572101082655
3,1,334,0.6564665047000926
3,1,335,0.6554807027316356
3,1,336,0.6491519368306088
3,1,337,0.6377704438405538
3,1,338,0.6233120848237529
3,1,339,0.6094218275997064
3,1,340,0.5986208568458942
3,1,341,0.590912923036033
3,1,342,0.5848954669286603
3,1,343,0.5794739516049515
3,1,344,0.5748773114432861
3,1,345,0.5731130535454326
3,1,346,0.5771701395355635
3,1,347,0.5881735418369531
3,1,348,0.6030020483452319
3,1,349,0.6158247150633276
3,1,350,0.6224860511504664
3,1,351,0.622873416012286
3,1,352,0.6191262233180739
3,1,353,0.6130908748774522
3,1,354,0.6058615097024167
3,1,355,0.5980450824073984
3,1,356,0.5896105978191412
3,1,357,0.5802499663323046
3,1,358,0.5704649469539195
3,1,359,0.5627476673310389
3,1,360,0.5613390772622593
3,1,361,0.5694592595796149
3,1,362,0.5864695837925082
3,1,363,0.6073800564673005
3,1,364,0.6248845915072468
3,1,365,0.6326120304574875
3,1,366,0.6282438014006247
3,1,367,0.6149237842590503
3,1,368,0.5989468017726803
3,1,369,0.5851782256846961
3,1,370,0.5744428160358352
3,1,371,0.5646087209915186
3,1,372,0.5533492623550273
3,1,373,0.5405646749562637
3,1,374,0.5302085191760143
3,1,375,0.529834159144337
3,1,376,0.5470974539176936
3,1,377,0.5856992188544917
3,1,378,0.6404128109010753
3,1,379,0.6929486716028219
3,1,380,0.71940540202871
3,1,381,0.707779267040371
3,1,382,0.6669509654514364
3,1,383,0.6234950689225335
3,1,384,0.6099854558978319
3,1,385,0.6382606513664194
3,1,386,0.6876305744469343
3,1,387,0.7308570175071285
3,1,388,0.7576828775429701
3,1,389,0.77666241638295
3,1,390,0.8027408990295972
3,1,391,0.8442171896174263
3,1,392,0.8992820568250732
3,1,393,0.9584924642561188
3,1,394,1.0091851627662956
3,1,395,1.0436137830495777
3,1,396,1.0647578878737536
3,1,397,1.0823371066781702
3,1,398,1.1051970716539918
3,1,399,1.1366742703786823
3,1,400,1.1718331439683296
3,1,401,1.199185937358791
3,1,402,1.2079471499313366
3,1,403,1.1943650972473852
3,1,404,1.163257297248417
3,1,405,1.1247321047262528
3,1,406,1.087868592028429
3,1,407,1.0561488224450064
3,1,408,1.0286373021404058
3,1,409,1.0046043081785268
3,1,410,0.985266064927832
3,1,411,0.9701433426541318
3,1,412,0.9549216452687572
3,1,413,0.934822897843424
3,1,414,0.907195678182824
3,1,415,0.8720888522902001
3,1,416,0.8335943473069958
3,1,417,0.7976613751009802
3,1,418,0.7665670604451296
3,1,419,0.7381363614112121
3,1,420,0.7091768537587643
3,1,421,0.6790420101896986
3,1,422,0.6535243263034803
3,1,423,0.6416470386297669
3,1,424,0.6446553304733227
3,1,425,0.6528990735460385
3,1,426,0.6535686161039563
3,1,427,0.640499579479516
3,1,428,0.6191570865661122
3,1,429,0.6006704068987889
3,1,430,0.5907876825507083
3,1,431,0.5887571531320933
3,1,432,0.5920055739096626
3,1,433,0.5953017205274297
3,1,434,0.5930178857731383
3,1,435,0.5854434424642029
3,1,436,0.577317393160694
3,1,437,0.571219598334089
3,1,438,0.5655917726223847
3,1,439,0.5569549664300052
3,1,440,0.5429806912070162
3,1,441,0.5245122705189434
3,1,442,0.5045923224737622
3,1,443,0.48591035621499357
3,1,444,0.46953561935720334
3,1,445,0.4556282316815563
3,1,446,0.4442769814477929
3,1,447,0.4353251009352198
3,1,448,0.42877000607976007
3,1,449,0.42539137176150155
3,1,450,0.42457662700853827
3,1,451,0.42240617959922666
3,1,452,0.4140814651642545
3,1,453,0.398002649407033
3,1,454,0.37788169864124593
3,1,455,0.3599917248297387
3,1,456,0.34728456110065636
3,1,457,0.33737499687409894
3,1,458,0.3261114218701692
3,1,459,0.3115830784845246
3,1,460,0.29522068531322676
3,1,461,0.2803791756850967
3,1,462,0.269672370060452
3,1,463,0.2633113271888245
3,1,464,0.2607888151765129
3,1,465,0.2622209037390416
3,1,466,0.2674066560952753
3,1,467,0.2763963263547725
3,1,468,0.2898969544408868
3,1,469,0.3069770904138312
3,1,470,0.32394023502370733
3,1,471,0.33655654636422777
3,1,472,0.3423727421465337
3,1,473,0.34152060864667383
3,1,474,0.3364483951927947
3,1,475,0.3305808191695263
3,1,476,0.3265365672664014
3,1,477,0.3246868697360099
3,1,478,0.32361753006770133
3,1,479,0.3233202514242148
3,1,480,0.3266792761974948
3,1,481,0.33602651519030147
3,1,482,0.3497378525069317
3,1,483,0.36305061703557406
3,1,484,0.37158709524142114
3,1,485,0.3743577638726542
3,1,486,0.37318196233270995
3,1,487,0.3703186908777619
3,1,488,0.36801175986247114
3,1,489,0.36833099930854185
3,1,490,0.372094043717823
3,1,491,0.37891588462904724
3,1,492,0.3878213519880955
3,1,493,0.39699770935178735
3,1,494,0.40401750052267454
3,1,495,0.40740706722198394
3,1,496,0.40757883258019034
3,1,497,0.405661020021432
3,1,498,0.40248805722795317
3,1,499,0.39931156416403846
3,1,500,0.39791954525169304
3,1,501,0.3992071521190031
3,1,502,0.40213586161134857
3,1,503,0.4043324642279663
3,1,504,0.40409072539982066
3,1,505,0.40145710836569953
3,1,506,0.39671008336514196
3,1,507,0.38945032463521984
3,1,508,0.38069769803926484
3,1,509,0.37431703195558336
3,1,510,0.37422420006336526
3,1,511,0.38076651069551054
3,1,512,0.3908556265162006
3,1,513,0.4007915928380046
3,1,514,0.4081930079982995
3,1,515,0.41193644206823365
3,1,516,0.4116128727693122
3,1,517,0.4079887928202071
3,1,518,0.4033572583228541
3,1,519,0.399445165484483
3,1,520,0.3960110498566283
3,1,521,0.3931661577698377
3,1,522,0.3922437815076517
3,1,523,0.393261882740716
3,1,524,0.39473853933257536
3,1,525,0.39622206070209215
3,1,526,0.39877000533994333
3,1,527,0.4031333603900477
3,1,528,0.408423376440721
3,1,529,0.41211778381452774
3,1,530,0.41153082574410244
3,1,531,0.40617546288862355
3,1,532,0.39890410029404394
3,1,533,0.39455451460340035
3,1,534,0.3973406254762887
3,1,535,0.40832472275832976
3,1,536,0.42427355992126986
3,1,537,0.4399730549949143
3,1,538,0.4515815700654921
3,1,539,0.45719351991790197
3,1,540,0.4565296267925906
3,1,541,0.4518753802162373
3,1,542,0.44821960723362786
3,1,543,0.4503020348339694
3,1,544,0.4589741599829267
3,1,545,0.47140039110662757
3,1,546,0.4837171001001187
3,1,547,0.49291626670599037
3,1,548,0.4978650779955599
3,1,549,0.4984261356471926
3,1,550,0.49391124890539556
3,1,551,0.48451847892032746
3,1,552,0.47376447657182963
3,1,553,0.4676859629065815
3,1,554,0.47158226387938496
3,1,555,0.48777023183732277
3,1,556,0.5154557716605453
3,1,557,0.5517290919913963
3,1,558,0.5934229264938501
3,1,559,0.6382059795568337
3,1,560,0.6836798992434682
3,1,561,0.7263222522479482
3,1,562,0.7617984643866471
3,1,563,0.78573747808606
3,1,564,0.7939515863371615
3,1,565,0.7836597704216448
3,1,566,0.7568157566211814
3,1,567,0.7216467092217932
3,1,568,0.6881335561640821
3,1,569,0.661478752160049
3,1,570,0.641198656532246
3,1,571,0.6249642955054587
3,1,572,0.6111921585812186
3,1,573,0.5991128794890236
3,1,574,0.5885771298375402
3,1,575,0.5803291400137125
3,1,576,0.5755725695017011
3,1,577,0.5743256615261089
3,1,578,0.574242506317135
3,1,579,0.5716950259474406
3,1,580,0.5642433881037318
3,1,581,0.5516742647680595
3,1,582,0.5351261876243812
3,1,583,0.5166439446672183
3,1,584,0.49919267578390725
3,1,585,0.4862830206208095
3,1,586,0.4806271743254426
3,1,587,0.4825206045986638
3,1,588,0.4910964101011571
3,1,589,0.5065879797888624
3,1,590,0.5285374871827488
3,1,591,0.5518953908345867
3,1,592,0.5675913047801779
3,1,593,0.5686476666626907
3,1,594,0.5552290565712287
3,1,595,0.5335281138564272
3,1,596,0.5113379941014174
3,1,597,0.4950008595237176
3,1,598,0.48811714257411987
3,1,599,0.4908722163466374
3,1,600,0.5007857818774767
3,15,0,0.067009466740307
3,15,1,0.07608973922214081
3,15,2,0.08538056379562009
3,15,3,0.09320958709268053
3,15,4,0.09674949936665339
3,15,5,0.0965529884078489
3,15,6,0.0965525211054046
3,15,7,0.09912179546422013
3,15,8,0.10224715364485244
3,15,9,0.10222337787696431
3,15,10,0.09703818480839892
3,15,11,0.08769434892292804
3,15,12,0.07874427068451442
3,15,13,0.07717156443291823
3,15,14,0.11003421461781315
3,15,15,0.22979494845066603
3,15,16,0.4380732245194306
3,15,17,0.691846557107175
3,15,18,0.9375621213800104
3,15,19,1.1360005884327746
3,15,20,1.2660050200737458
3,15,21,1.329242638964533
3,15,22,1.3554706386634459
3,15,23,1.3916865312170186
3,15,24,1.475495228131339
3,15,25,1.5980188680156389
3,15,26,1.6987959679050955
3,15,27,1.719859957801333
3,15,28,1.6634224646343645
3,15,29,1.5835631106601151
3,15,30,1.5259236668567826
3,15,31,1.495861939523915
3,15,32,1.4732060732444163
3,15,33,1.434278334391711
3,15,34,1.3680475353349555
3,15,35,1.280822057585637
3,15,36,1.1882373736047465
3,15,37,1.105300283346163
3,15,38,1.0408751720533298
3,15,39,0.9968447830811665
3,15,40,0.970708682332869
3,15,41,0.9588714196784791
3,15,42,0.959334223993573
3,15,43,0.973210651109087
3,15,44,1.0033457647565616
3,15,45,1.0500999198921601
3,15,46,1.1082898156381826
3,15,47,1.1685799659654068
3,15,48,1.2215596852804393
3,15,49,1.261490350674066
3,15,50,1.2877132203825237
3,15,51,1.3035049830253196
3,15,52,1.3141852658244912
3,15,53,1.3245309906862142
3,15,54,1.3354608199948046
3,15,55,1.3434613141011555
3,15,56,1.3438721716633508
3,15,57,1.333918462243679
3,15,58,1.3128655661700506
3,15,59,1.2807524144957267
3,15,60,1.2381982123849269
3,15,61,1.1875997496836517
3,15,62,1.1336206850490949
3,15,63,1.081808288644442
3,15,64,1.0367505458239608
3,15,65,1.0010700616413684
3,15,66,0.9754165252995673
3,15,67,0.9597190067224804
3,15,68,0.9541655148517673
3,15,69,0.9575509371289578
3,15,70,0.9644656795186416
3,15,71,0.9654856910059836
3,15,72,0.951677400838571
3,15,73,0.9194016078413642
3,15,74,0.8712726197965265
3,15,75,0.8142872647033269
3,15,76,0.7571041365813186
3,15,77,0.7064489252792396
3,15,78,0.6642724088842599
3,15,79,0.6287474159869261
3,15,80,0.5973772435485278
3,15,81,0.5686964206742023
3,15,82,0.5431155832077046
3,15,83,0.522693568911475
3,15,84,0.5088993537679132
3,15,85,0.5007118005726778
3,15,86,0.49512539582471726
3,15,87,0.4893476053365306
3,15,88,0.4829369242284123
3,15,89,0.4778354424587221
3,15,90,0.47649052859453866
3,15,91,0.48058971125598793
3,15,92,0.4899860421767355
3,15,93,0.5013674715223554
3,15,94,0.5099353957298053
3,15,95,0.5130478194204647
3,15,96,0.5110186028062744
3,15,97,0.5048960549777336
3,15,98,0.4946231782420736
3,15,99,0.47960032754799936
3,15,100,0.46064996379345985
3,15,101,0.440849506257176
3,15,102,0.42412908378092995
3,15,103,0.4130834724670532
3,15,104,0.4081049699615251
3,15,105,0.40846097398457454
3,15,106,0.41327000600756036
3,15,107,0.42024299409108967
3,15,108,0.4245817892866719
3,15,109,0.42129065063928817
3,15,110,0.4092344655878271
3,15,111,0.39251620567530227
3,15,112,0.37703862569577795
3,15,113,0.36591686853889976
3,15,114,0.35886588487447546
3,15,115,0.35464908327724326
3,15,116,0.35281638366724377
3,15,117,0.353300539187505
3,15,118,0.3549421176118851
3,15,119,0.3558952539047316
3,15,120,0.3558358620456758
3,15,121,0.3562061544435514
3,15,122,0.357782158915287
3,15,123,0.3594382789130267
3,15,124,0.35969840918587276
3,15,125,0.3577510302804134
3,15,126,0.35317452260354876
3,15,127,0.3464338371499863
3,15,128,0.33908775780906697
3,15,129,0.3330664214512757
3,15,130,0.3301920456419921
3,15,131,0.331417806744791
3,15,132,0.3358396720925674
3,15,133,0.34095934988010196
3,15,134,0.34416661466217896
3,15,135,0.34390575547117025
3,15,136,0.3400263387178396
3,15,137,0.33384272545298505
3,15,138,0.3279891750642543
3,15,139,0.3253495086696635
3,15,140,0.32683910190598064
3,15,141,0.33047344779884436
3,15,142,0.33346722897735925
3,15,143,0.33447040988639365
3,15,144,0.3341139545821019
3,15,145,0.33480480466525364
3,15,146,0.33930138061737547
3,15,147,0.3480447560059769
3,15,148,0.3581855313883384
3,15,149,0.3657493525601618
3,15,150,0.3683484156994318
3,15,151,0.36614393210049734
3,15,152,0.36143401370000566
3,15,153,0.3573322886777265
3,15,154,0.35583716293812023
3,15,155,0.35639856453312835
3,15,156,0.3564524365287983
3,15,157,0.3540827901052939
3,15,158,0.3498813049677936
3,15,159,0.3466002494378245
3,15,160,0.34799129527883077
3,15,161,0.35662185706784655
3,15,162,0.3706290635270454
3,15,163,0.3833039046737232
3,15,164,0.38847690972197685
3,15,165,0.3855686367082674
3,15,166,0.37809627119093986
3,15,167,0.36976879717963906
3,15,168,0.36327144633782604
3,15,169,0.3597875425348589
3,15,170,0.35885997152114146
3,15,171,0.3597188629549627
3,15,172,0.36122492369577236
3,15,173,0.3611898672324567
3,15,174,0.3583097001482015
3,15,175,0.35409327690803427
3,15,176,0.3514393192378021
3,15,177,0.35146526508247666
3,15,178,0.352362456874602
3,15,179,0.3515164943459767
3,15,180,0.34814218219927645
3,15,181,0.34395023579869155
3,15,182,0.34197686549103123
3,15,183,0.3443128342369833
3,15,184,0.3499547977015663
3,15,185,0.355509425876896
3,15,186,0.35830510586823877
3,15,187,0.35836733412089744
3,15,188,0.3577321178357684
3,15,189,0.3579661609495531
3,15,190,0.3589212569663462
3,15,191,0.3608287944068418
3,15,192,0.366370731025431
3,15,193,0.37881019997651344
3,15,194,0.39614860705700045
3,15,195,0.4067105570922089
3,15,196,0.39836845332022214
3,15,197,0.3928740991823068
3,15,198,0.4618587362501955
3,15,199,0.6053162320154468
3,15,200,0.7225552358316978
3,15,201,0.7535133423072652
3,15,202,0.7381350103807768
3,15,203,0.7555824615638032
3,15,204,0.8106437337841137
3,15,205,0.8542260802925234
3,15,206,0.8728981581724403
3,15,207,0.8954521354282644
3,15,208,0.950869139286552
3,15,209,1.0444957186548327
3,15,210,1.1585081657094518
3,15,211,1.2519459326358024
3,15,212,1.2823600652190008
3,15,213,1.2393587533064219
3,15,214,1.1488805550173178
3,15,215,1.0505956282658448
3,15,216,0.9754468272364747
3,15,217,0.9301279393279875
3,15,218,0.89312531297626
3,15,219,0.8364387851112878
3,15,220,0.7516524223212254
3,15,221,0.6519038227664006
3,15,222,0.5574780276859204
3,15,223,0.4840406931564711
3,15,224,0.438942216786618
3,15,225,0.42122888440356615
3,15,226,0.42397626974022207
3,15,227,0.4402866710261702
3,15,228,0.46726279288715294
3,15,229,0.5019716200168474
3,15,230,0.5372956251542331
3,15,231,0.56565318942153
3,15,232,0.5843138948812546
3,15,233,0.5954560478617091
3,15,234,0.6026328008684059
3,15,235,0.6080153617561364
3,15,236,0.612868948470384
3,15,237,0.6192756739852147
3,15,238,0.6296013803370857
3,15,239,0.6442251480887562
3,15,240,0.6608863268913514
3,15,241,0.6769383705316114
3,15,242,0.6912099982335178
3,15,243,0.7030369610929242
3,15,244,0.711069286799706
3,15,245,0.7145012300444324
3,15,246,0.7148140758036804
3,15,247,0.7153667359800451
3,15,248,0.7192065443023559
3,15,249,0.7272493218084854
3,15,250,0.7381324183944071
3,15,251,0.7490061483034498
3,15,252,0.7565501718798582
3,15,253,0.7582585396779904
3,15,254,0.753227323402922
3,15,255,0.7419868608986189
3,15,256,0.7261702514315518
3,15,257,0.7084994453468668
3,15,258,0.6924802754449806
3,15,259,0.6805442381943261
3,15,260,0.6718107477380197
3,15,261,0.6628612645181193
3,15,262,0.6508206022200588
3,15,263,0.6350513404186955
3,15,264,0.6172457959520904
3,15,265,0.6007020942495995
3,15,266,0.5884661129776658
3,15,267,0.5815645051527548
3,15,268,0.5791736455774745
3,15,269,0.5808124345800643
3,15,270,0.5876135343797937
3,15,271,0.6002043570023233
3,15,272,0.6159760012687093
3,15,273,0.629546716233645
3,15,274,0.6356009834270006
3,15,275,0.631667990145577
3,15,276,0.6193344250574282
3,15,277,0.6033721701655853
3,15,278,0.5901235444691743
3,15,279,0.5852968660615528
3,15,280,0.5905473893515554
3,15,281,0.6017896470267069
3,15,282,0.6121632978074476
3,15,283,0.6167527415344105
3,15,284,0.6145799168049458
3,15,285,0.6079408929657003
3,15,286,0.60047908555634
3,15,287,0.5945805423977207
3,15,288,0.5901676028434573
3,15,289,0.5858734880786004
3,15,290,0.5807609578137847
3,15,291,0.5749280318693333
3,15,292,0.5688113785834201
3,15,293,0.562719879824429
3,15,294,0.5574428389577388
3,15,295,0.5542721932455176
3,15,296,0.5540337286105028
3,15,297,0.5567847388634831
3,15,298,0.5620505047392728
3,15,299,0.5682087028106275
3,15,300,0.5718781632231
3,15,301,0.5691103800482689
3,15,302,0.5585396053701732
3,15,303,0.5432359799468915
3,15,304,0.5283854468560453
3,15,305,0.5176856483139234
3,15,306,0.5124422937883082
3,15,307,0.5127271434374955
3,15,308,0.5178077002736574
3,15,309,0.525731062555471
3,15,310,0.5341682827796673
3,15,311,0.5418102312038618
3,15,312,0.5484405359020108
3,15,313,0.5542162527011696
3,15,314,0.5586809528560492
3,15,315,0.5605490340070095
3,15,316,0.5593340651596601
3,15,317,0.5565096688275282
3,15,318,0.5537816320058521
3,15,319,0.5511167942250271
3,15,320,0.5480479818969219
3,15,321,0.545687278207896
3,15,322,0.5456246025669127
3,15,323,0.5480316035050394
3,15,324,0.5520342780054851
3,15,325,0.5564998767536491
3,15,326,0.559771908143935
3,15,327,0.5596475513101543
3,15,328,0.5542279834968705
3,15,329,0.5433361350819294
3,15,330,0.5298682113801277
3,15,331,0.5192970281435477
3,15,332,0.5164312580968045
3,15,333,0.5224699193679504
3,15,334,0.5346070515755212
3,15,335,0.5475350504362084
3,15,336,0.5562042869957097
3,15,337,0.5584175659632056
3,15,338,0.5556951035874077
3,15,339,0.5519387566977403
3,15,340,0.5502356878186235
3,15,341,0.5504587709673696
3,15,342,0.5503403461347499
3,15,343,0.5481962539731258
3,15,344,0.5442388253340787
3,15,345,0.5400738632001947
3,15,346,0.5374131324290933
3,15,347,0.537319259040838
3,15,348,0.540087803034159
3,15,349,0.5451161622077839
3,15,350,0.5510988718745821
3,15,351,0.5564083948718901
3,15,352,0.5591091017229312
3,15,353,0.5576377353700488
3,15,354,0.5524850115005877
3,15,355,0.546860517615326
3,15,356,0.544555922961519
3,15,357,0.5468100241919486
3,15,358,0.5515659281183813
3,15,359,0.5560939586914371
3,15,360,0.5597096519997402
3,15,361,0.5628701978638778
3,15,362,0.5650954912191495
3,15,363,0.5658797896438329
3,15,364,0.56631629322552
3,15,365,0.567693094611403
3,15,366,0.569504127060052
3,15,367,0.5705933473900773
3,15,368,0.5708899152741351
3,15,369,0.5706988846150577
3,15,370,0.5689127253423029
3,15,371,0.5623673919146848
3,15,372,0.5485207048457272
3,15,373,0.5293814107605151
3,15,374,0.5112295725311236
3,15,375,0.5015079044472062
3,15,376,0.5086518334821803
3,15,377,0.5411252384619623
3,15,378,0.598313504717387
3,15,379,0.662501349285292
3,15,380,0.7062952255012763
3,15,381,0.7110602215622684
3,15,382,0.6787129654609164
3,15,383,0.6296926010883435
3,15,384,0.5945596138529887
3,15,385,0.5977568080921601
3,15,386,0.6351740129840397
3,15,387,0.6795106729390161
3,15,388,0.7116165109850795
3,15,389,0.7347277285776056
3,15,390,0.763873688402515
3,15,391,0.8089627634694946
3,15,392,0.8672056222035665
3,15,393,0.9262452269137704
3,15,394,0.9703323194174004
3,15,395,0.9888745003404444
3,15,396,0.9857466248182687
3,15,397,0.9774504624835342
3,15,398,0.9792653957373909
3,15,399,0.9942529309076132
3,15,400,1.013581560267616
3,15,401,1.0239379499694805
3,15,402,1.015935325138235
3,15,403,0.9886903427202693
3,15,404,0.9480576466948368
3,15,405,0.900795704703878
3,15,406,0.8509471899843749
3,15,407,0.8004723883586933
3,15,408,0.749784673587893
3,15,409,0.6986628209248804
3,15,410,0.6491596435098433
3,15,411,0.6050664260880305
3,15,412,0.5680841373207948
3,15,413,0.5373344652072561
3,15,414,0.5118082221600425
3,15,415,0.4910231526124239
3,15,416,0.4746769701523543
3,15,417,0.46242777555557196
3,15,418,0.4526410234187334
3,15,419,0.4426374276159372
3,15,420,0.43103293881783133
3,15,421,0.418349852477527
3,15,422,0.4055882969979154
3,15,423,0.39328555183451436
3,15,424,0.38216381142279143
3,15,425,0.3748924106615423
3,15,426,0.37476102364554303
3,15,427,0.38232326420227464
3,15,428,0.3956684244329725
3,15,429,0.409566864981378
3,15,430,0.41428054187133945
3,15,431,0.40305322066345073
3,15,432,0.38041457625773245
3,15,433,0.35867845597201836
3,15,434,0.34607531400523794
3,15,435,0.3418626387268052
3,15,436,0.3417681525134467
3,15,437,0.34225876634626057
3,15,438,0.34117572356589726
3,15,439,0.33782774653018866
3,15,440,0.332799315037419
3,15,441,0.3277133891162725
3,15,442,0.32461806242916746
3,15,443,0.32404522755246545
3,15,444,0.3238639976492897
3,15,445,0.3212724224198331
3,15,446,0.31507001344781127
3,15,447,0.30547810243150764
3,15,448,0.29341586282489046
3,15,449,0.28065946039478046
3,15,450,0.26958229081559054
3,15,451,0.26223385480265154
3,15,452,0.2600259845217927
3,15,453,0.2632477735189584
3,15,454,0.2703137237254281
3,15,455,0.279436698395149
3,15,456,0.2906387221477678
3,15,457,0.30402840502880124
3,15,458,0.3170324164467724
3,15,459,0.3255451051509642
3,15,460,0.32742015549981773
3,15,461,0.3242034097871268
3,15,462,0.31935734690301537
3,15,463,0.31427313787024647
3,15,464,0.30744348690464735
3,15,465,0.29846143726835206
3,15,466,0.29051911942007164
3,15,467,0.28710303085197947
3,15,468,0.2881563035555031
3,15,469,0.2910713786994502
3,15,470,0.293782878051877
3,15,471,0.2960498376545997
3,15,472,0.2974573682636556
3,15,473,0.29574222665480565
3,15,474,0.28918411218295265
3,15,475,0.27910795735324695
3,15,476,0.2691510972180025
3,15,477,0.26363389927331643
3,15,478,0.26497770153263495
3,15,479,0.2712067897507555
3,15,480,0.27761157949395865
3,15,481,0.2807703697771546
3,15,482,0.2795734517972645
3,15,483,0.27372356988321966
3,15,484,0.264422798442772
3,15,485,0.2558528827756965
3,15,486,0.2527250673315763
3,15,487,0.25561514326397244
3,15,488,0.26132944113093554
3,15,489,0.26750639338673726
3,15,490,0.2734472515839567
3,15,491,0.2780386849134377
3,15,492,0.27988646554088825
3,15,493,0.2790759383251282
3,15,494,0.27662283952763544
3,15,495,0.2724948833211031
3,15,496,0.2660994163249232
3,15,497,0.25682201429098944
3,15,498,0.24470142937410388
3,15,499,0.2325637926784132
3,15,500,0.22468996842362454
3,15,501,0.22243162927539956
3,15,502,0.2242497776784196
3,15,503,0.22923769564013904
3,15,504,0.2369985464597091
3,15,505,0.24524641408596357
3,15,506,0.2503185443960155
3,15,507,0.24934329096119526
3,15,508,0.2420462146657853
3,15,509,0.23190643690923535
3,15,510,0.2238191133534444
3,15,511,0.21886706406879808
3,15,512,0.21447873347310722
3,15,513,0.20945702925719287
3,15,514,0.2056870875686192
3,15,515,0.2060848110262933
3,15,516,0.21160054471741238
3,15,517,0.21988750367629462
3,15,518,0.22728990975468982
3,15,519,0.231485891720245
3,15,520,0.2321792168552642
3,15,521,0.2310054156798658
3,15,522,0.23014596140325025
3,15,523,0.23046618558098494
3,15,524,0.23139473828893722
3,15,525,0.23257342227023073
3,15,526,0.2354334512298621
3,15,527,0.2418557616179168
3,15,528,0.2510375145363991
3,15,529,0.25931364164335485
3,15,530,0.2632938243144096
3,15,531,0.26182646335987453
3,15,532,0.2563067456801578
3,15,533,0.2503468917849963
3,15,534,0.24794614661507372
3,15,535,0.25118393446546633
3,15,536,0.2595988402987664
3,15,537,0.27126171618547196
3,15,538,0.28309651851627377
3,15,539,0.29081510566883895
3,15,540,0.2900238297775853
3,15,541,0.2783204715298638
3,15,542,0.25741487527122336
3,15,543,0.23357874919199215
3,15,544,0.21539235278355712
3,15,545,0.20989072729937427
3,15,546,0.21869288122760724
3,15,547,0.23694490773871388
3,15,548,0.257229029799093
3,15,549,0.27337924141467873
3,15,550,0.2815123383789685
3,15,551,0.2808279694218268
3,15,552,0.2745822242043573
3,15,553,0.26995565624567447
3,15,554,0.27488192344776774
3,15,555,0.29295587038688037
3,15,556,0.3231688001075119
3,15,557,0.3636189207301901
3,15,558,0.41190772170359974
3,15,559,0.463371238040023
3,15,560,0.5119081005140876
3,15,561,0.5522128077245029
3,15,562,0.5811944107946293
3,15,563,0.5980331724220022
3,15,564,0.6032571856863422
3,15,565,0.5987752907256468
3,15,566,0.5882726302875783
3,15,567,0.5758945492498125
3,15,568,0.5649580372023556
3,15,569,0.5573878476700685
3,15,570,0.5524960980564857
3,15,571,0.5480250893916498
3,15,572,0.5431671171020354
3,15,573,0.5387529098597937
3,15,574,0.5355244139268774
3,15,575,0.5329169999532486
3,15,576,0.529281986119409
3,15,577,0.5239504580916583
3,15,578,0.5178255181515109
3,15,579,0.5113246293437426
3,15,580,0.5029630662316608
3,15,581,0.4905700197238714
3,15,582,0.47409038081481847
3,15,583,0.45674104278678224
3,15,584,0.4427385137614113
3,15,585,0.43433473498097225
3,15,586,0.4315160657691216
3,15,587,0.4335305705690844
3,15,588,0.43904730751458326
3,15,589,0.4457846147433803
3,15,590,0.4517411982727137
3,15,591,0.4559289720688313
3,15,592,0.45773011474713
3,15,593,0.456545037034721
3,15,594,0.4521030515940879
3,15,595,0.4452542187011937
3,15,596,0.4385194278464585
3,15,597,0.4345916119557145
3,15,598,0.43350118601613663
3,15,599,0.43262969840945303
3,15,600,0.4297531282272942
