analysis_id,deviant_position,session_seed,block,word
b9a7cda3ec902c056c7c4e2f30f47d01ef7d1638706d9541ef4617ce95d8e170,1,11,1,CAB
b9a7cda3ec902c056c7c4e2f30f47d01ef7d1638706d9541ef4617ce95d8e170,1,11,2,DAB
b9a7cda3ec902c056c7c4e2f30f47d01ef7d1638706d9541ef4617ce95d8e170,1,11,3,EAB
b9a7cda3ec902c056c7c4e2f30f47d01ef7d1638706d9541ef4617ce95d8e170,1,11,4,CAB
b9a7cda3ec902c056c7c4e2f30f47d01ef7d1638706d9541ef4617ce95d8e170,1,11,5,EAB
b9a7cda3ec902c056c7c4e2f30f47d01ef7d1638706d9541ef4617ce95d8e170,1,11,6,DAB
b9a7cda3ec902c056c7c4e2f30f47d01ef7d1638706d9541ef4617ce95d8e170,1,11,7,EAB
b9a7cda3ec902c056c7c4e2f30f47d01ef7d1638706d9541ef4617ce95d8e170,1,11,8,CAB
b9a7cda3ec902c056c7c4e2f30f47d01ef7d1638706d9541ef4617ce95d8e170,1,11,9,DAB
b9a7cda3ec902c056c7c4e2f30f47d01ef7d1638706d9541ef4617ce95d8e170,1,11,10,CAB
b9a7cda3ec902c056c7c4e2f30f47d01ef7d1638706d9541ef4617ce95d8e170,1,11,11,DAB
b9a7cda3ec902c056c7c4e2f30f47d01ef7d1638706d9541ef4617ce95d8e170,1,11,12,EAB
b9a7cda3ec902c056c7c4e2f30f47d01ef7d1638706d9541ef4617ce95d8e170,1,11,13,DAB
b9a7cda3ec902c056c7c4e2f30f47d01ef7d1638706d9541ef4617ce95d8e170,1,11,14,CAB
b9a7cda3ec902c056c7c4e2f30f47d01ef7d1638706d9541ef4617ce95d8e170,1,11,15,EAB
b9a7cda3ec902c056c7c4e2f30f47d01ef7d1638706d9541ef4617ce95d8e170,1,11,16,CAB
b9a7cda3ec902c056c7c4e2f30f47d01ef7d1638706d9541ef4617ce95d8e170,1,11,17,EAB
b9a7cda3ec902c056c7c4e2f30f47d01ef7d1638706d9541ef4617ce95d8e170,1,11,18,DAB
b9a7cda3ec902c056c7c4e2f30f47d01ef7d1638706d9541ef4617ce95d8e170,1,11,19,EAB
b9a7cda3ec902c056c7c4e2f30f47d01ef7d1638706d9541ef4617ce95d8e170,1,11,20,DAB
b9a7cda3ec902c056c7c4e2f30f47d01ef7d1638706d9541ef4617ce95d8e170,1,11,21,EAB
b9a7cda3ec902c056c7c4e2f30f47d01ef7d1638706d9541ef4617ce95d8e170,1,11,22,CAB
b9a7cda3ec902c056c7c4e2f30f47d01ef7d1638706d9541ef4617ce95d8e170,1,11,23,DAB
b9a7cda3ec902c056c7c4e2f30f47d01ef7d1638706d9541ef4617ce95d8e170,1,11,24,EAB
b9a7cda3ec902c056c7c4e2f30f47d01ef7d1638706d9541ef4617ce95d8e170,1,11,25,CAB
b9a7cda3ec902c056c7c4e2f30f47d01ef7d1638706d9541ef4617ce95d8e170,1,11,26,EAB
b9a7cda3ec902c056c7c4e2f30f47d01ef7d1638706d9541ef4617ce95d8e170,1,11,27,DAB
b9a7cda3ec902c056c7c4e2f30f47d01ef7d1638706d9541ef4617ce95d8e170,1,11,28,CAB
b9a7cda3ec902c056c7c4e2f30f47d01ef7d1638706d9541ef4617ce95d8e170,1,11,29,DAB
b9a7cda3ec902c056c7c4e2f30f47d01ef7d1638706d9541ef4617ce95d8e170,1,11,30,CAB
b9a7cda3ec902c056c7c4e2f30f47d01ef7d1638706d9541ef4617ce95d8e170,1,23,1,CAB
b9a7cda3ec902c056c7c4e2f30f47d01ef7d1638706d9541ef4617ce95d8e170,1,23,2,EAB
b9a7cda3ec902c056c7c4e2f30f47d01ef7d1638706d9541ef4617ce95d8e170,1,23,3,CAB
b9a7cda3ec902c056c7c4e2f30f47d01ef7d1638706d9541ef4617ce95d8e170,1,23,4,EAB
b9a7cda3ec902c056c7c4e2f30f47d01ef7d1638706d9541ef4617ce95d8e170,1,23,5,CAB
b9a7cda3ec902c056c7c4e2f30f47d01ef7d1638706d9541ef4617ce95d8e170,1,23,6,DAB
b9a7cda3ec902c056c7c4e2f30f47d01ef7d1638706d9541ef4617ce95d8e170,1,23,7,EAB
b9a7cda3ec902c056c7c4e2f30f47d01ef7d1638706d9541ef4617ce95d8e170,1,23,8,CAB
b9a7cda3ec902c056c7c4e2f30f47d01ef7d1638706d9541ef4617ce95d8e170,1,23,9,DAB
b9a7cda3ec902c056c7c4e2f30f47d01ef7d1638706d9541ef4617ce95d8e170,1,23,10,EAB
b9a7cda3ec902c056c7c4e2f30f47d01ef7d1638706d9541ef4617ce95d8e170,1,23,11,DAB
b9a7cda3ec902c056c7c4e2f30f47d01ef7d1638706d9541ef4617ce95d8e170,1,23,12,EAB
b9a7cda3ec902c056c7c4e2f30f47d01ef7d1638706d9541ef4617ce95d8e170,1,23,13,CAB
b9a7cda3ec902c056c7c4e2f30f47d01ef7d1638706d9541ef4617ce95d8e170,1,23,14,DAB
b9a7cda3ec902c056c7c4e2f30f47d01ef7d1638706d9541ef4617ce95d8e170,1,23,15,CAB
b9a7cda3ec902c056c7c4e2f30f47d01ef7d1638706d9541ef4617ce95d8e170,1,23,16,DAB
b9a7cda3ec902c056c7c4e2f30f47d01ef7d1638706d9541ef4617ce95d8e170,1,23,17,CAB
b9a7cda3ec902c056c7c4e2f30f47d01ef7d1638706d9541ef4617ce95d8e170,1,23,18,EAB
b9a7cda3ec902c056c7c4e2f30f47d01ef7d1638706d9541ef4617ce95d8e170,1,23,19,DAB
b9a7cda3ec902c056c7c4e2f30f47d01ef7d1638706d9541ef4617ce95d8e170,1,23,20,CAB
b9a7cda3ec902c056c7c4e2f30f47d01ef7d1638706d9541ef4617ce95d8e170,1,23,21,EAB
b9a7cda3ec902c056c7c4e2f30f47d01ef7d1638706d9541ef4617ce95d8e170,1,23,22,CAB
b9a7cda3ec902c056c7c4e2f30f47d01ef7d1638706d9541ef4617ce95d8e170,1,23,23,EAB
b9a7cda3ec902c056c7c4e2f30f47d01ef7d1638706d9541ef4617ce95d8e170,1,23,24,CAB
b9a7cda3ec902c056c7c4e2f30f47d01ef7d1638706d9541ef4617ce95d8e170,1,23,25,DAB
b9a7cda3ec902c056c7c4e2f30f47d01ef7d1638706d9541ef4617ce95d8e170,1,23,26,EAB
b9a7cda3ec902c056c7c4e2f30f47d01ef7d1638706d9541ef4617ce95d8e170,1,23,27,DAB
b9a7cda3ec902c056c7c4e2f30f47d01ef7d1638706d9541ef4617ce95d8e170,1,23,28,EAB
b9a7cda3ec902c056c7c4e2f30f47d01ef7d1638706d9541ef4617ce95d8e170,1,23,29,DAB
b9a7cda3ec902c056c7c4e2f30f47d01ef7d1638706d9541ef4617ce95d8e170,1,23,30,DAB
b9a7cda3ec902c056c7c4e2f30f47d01ef7d1638706d9541ef4617ce95d8e170,1,37,1,CAB
b9a7cda3ec902c056c7c4e2f30f47d01ef7d1638706d9541ef4617ce95d8e170,1,37,2,EAB
b9a7cda3ec902c056c7c4e2f30f47d01ef7d1638706d9541ef4617ce95d8e170,1,37,3,DAB
b9a7cda3ec902c056c7c4e2f30f47d01ef7d1638706d9541ef4617ce95d8e170,1,37,4,EAB
b9a7cda3ec902c056c7c4e2f30f47d01ef7d1638706d9541ef4617ce95d8e170,1,37,5,CAB
b9a7cda3ec902c056c7c4e2f30f47d01ef7d1638706d9541ef4617ce95d8e170,1,37,6,DAB
b9a7cda3ec902c056c7c4e2f30f47d01ef7d1638706d9541ef4617ce95d8e170,1,37,7,EAB
b9a7cda3ec902c056c7c4e2f30f47d01ef7d1638706d9541ef4617ce95d8e170,1,37,8,DAB
b9a7cda3ec902c056c7c4e2f30f47d01ef7d1638706d9541ef4617ce95d8e170,1,37,9,CAB
b9a7cda3ec902c056c7c4e2f30f47d01ef7d1638706d9541ef4617ce95d8e170,1,37,10,DAB
b9a7cda3ec902c056c7c4e2f30f47d01ef7d1638706d9541ef4617ce95d8e170,1,37,11,EAB
b9a7cda3ec902c056c7c4e2f30f47d01ef7d1638706d9541ef4617ce95d8e170,1,37,12,CAB
b9a7cda3ec902c056c7c4e2f30f47d01ef7d1638706d9541ef4617ce95d8e170,1,37,13,EAB
b9a7cda3ec902c056c7c4e2f30f47d01ef7d1638706d9541ef4617ce95d8e170,1,37,14,DAB
b9a7cda3ec902c056c7c4e2f30f47d01ef7d1638706d9541ef4617ce95d8e170,1,37,15,CAB
b9a7cda3ec902c056c7c4e2f30f47d01ef7d1638706d9541ef4617ce95d8e170,1,37,16,DAB
b9a7cda3ec902c056c7c4e2f30f47d01ef7d1638706d9541ef4617ce95d8e170,1,37,17,CAB
b9a7cda3ec902c056c7c4e2f30f47d01ef7d1638706d9541ef4617ce95d8e170,1,37,18,DAB
b9a7cda3ec902c056c7c4e2f30f47d01ef7d1638706d9541ef4617ce95d8e170,1,37,19,EAB
b9a7cda3ec902c056c7c4e2f30f47d01ef7d1638706d9541ef4617ce95d8e170,1,37,20,CAB
b9a7cda3ec902c056c7c4e2f30f47d01ef7d1638706d9541ef4617ce95d8e170,1,37,21,EAB
b9a7cda3ec902c056c7c4e2f30f47d01ef7d1638706d9541ef4617ce95d8e170,1,37,22,DAB
b9a7cda3ec902c056c7c4e2f30f47d01ef7d1638706d9541ef4617ce95d8e170,1,37,23,EAB
b9a7cda3ec902c056c7c4e2f30f47d01ef7d1638706d9541ef4617ce95d8e170,1,37,24,DAB
b9a7cda3ec902c056c7c4e2f30f47d01ef7d1638706d9541ef4617ce95d8e170,1,37,25,EAB
b9a7cda3ec902c056c7c4e2f30f47d01ef7d1638706d9541ef4617ce95d8e170,1,37,26,CAB
b9a7cda3ec902c056c7c4e2f30f47d01ef7d1638706d9541ef4617ce95d8e170,1,37,27,DAB
b9a7cda3ec902c056c7c4e2f30f47d01ef7d1638706d9541ef4617ce95d8e170,1,37,28,CAB
b9a7cda3ec902c056c7c4e2f30f47d01ef7d1638706d9541ef4617ce95d8e170,1,37,29,EAB
b9a7cda3ec902c056c7c4e2f30f47d01ef7d1638706d9541ef4617ce95d8e170,1,37,30,CAB
b9a7cda3ec902c056c7c4e2f30f47d01ef7d1638706d9541ef4617ce95d8e170,1,41,1,DAB
b9a7cda3ec902c056c7c4e2f30f47d01ef7d1638706d9541ef4617ce95d8e170,1,41,2,EAB
b9a7cda3ec902c056c7c4e2f30f47d01ef7d1638706d9541ef4617ce95d8e170,1,41,3,DAB
b9a7cda3ec902c056c7c4e2f30f47d01ef7d1638706d9541ef4617ce95d8e170,1,41,4,EAB
b9a7cda3ec902c056c7c4e2f30f47d01ef7d1638706d9541ef4617ce95d8e170,1,41,5,DAB
b9a7cda3ec902c056c7c4e2f30f47d01ef7d1638706d9541ef4617ce95d8e170,1,41,6,CAB
b9a7cda3ec902c056c7c4e2f30f47d01ef7d1638706d9541ef4617ce95d8e170,1,41,7,DAB
b9a7cda3ec902c056c7c4e2f30f47d01ef7d1638706d9541ef4617ce95d8e170,1,41,8,EAB
b9a7cda3ec902c056c7c4e2f30f47d01ef7d1638706d9541ef4617ce95d8e170,1,41,9,CAB
b9a7cda3ec902c056c7c4e2f30f47d01ef7d1638706d9541ef4617ce95d8e170,1,41,10,EAB
b9a7cda3ec902c056c7c4e2f30f47d01ef7d1638706d9541ef4617ce95d8e170,1,41,11,CAB
b9a7cda3ec902c056c7c4e2f30f47d01ef7d1638706d9541ef4617ce95d8e170,1,41,12,DAB
b9a7cda3ec902c056c7c4e2f30f47d01ef7d1638706d9541ef4617ce95d8e170,1,41,13,EAB
b9a7cda3ec902c056c7c4e2f30f47d01ef7d1638706d9541ef4617ce95d8e170,1,41,14,DAB
b9a7cda3ec902c056c7c4e2f30f47d01ef7d1638706d9541ef4617ce95d8e170,1,41,15,EAB
b9a7cda3ec902c056c7c4e2f30f47d01ef7d1638706d9541ef4617ce95d8e170,1,41,16,DAB
b9a7cda3ec902c056c7c4e2f30f47d01ef7d1638706d9541ef4617ce95d8e170,1,41,17,CAB
b9a7cda3ec902c056c7c4e2f30f47d01ef7d1638706d9541ef4617ce95d8e170,1,41,18,DAB
b9a7cda3ec902c056c7c4e2f30f47d01ef7d1638706d9541ef4617ce95d8e170,1,41,19,EAB
b9a7cda3ec902c056c7c4e2f30f47d01ef7d1638706d9541ef4617ce95d8e170,1,41,20,DAB
b9a7cda3ec902c056c7c4e2f30f47d01ef7d1638706d9541ef4617ce95d8e170,1,41,21,EAB
b9a7cda3ec902c056c7c4e2f30f47d01ef7d1638706d9541ef4617ce95d8e170,1,41,22,DAB
b9a7cda3ec902c056c7c4e2f30f47d01ef7d1638706d9541ef4617ce95d8e170,1,41,23,CAB
b9a7cda3ec902c056c7c4e2f30f47d01ef7d1638706d9541ef4617ce95d8e170,1,41,24,EAB
b9a7cda3ec902c056c7c4e2f30f47d01ef7d1638706d9541ef4617ce95d8e170,1,41,25,CAB
b9a7cda3ec902c056c7c4e2f30f47d01ef7d1638706d9541ef4617ce95d8e170,1,41,26,EAB
b9a7cda3ec902c056c7c4e2f30f47d01ef7d1638706d9541ef4617ce95d8e170,1,41,27,CAB
b9a7cda3ec902c056c7c4e2f30f47d01ef7d1638706d9541ef4617ce95d8e170,1,41,28,CAB
b9a7cda3ec902c056c7c4e2f30f47d01ef7d1638706d9541ef4617ce95d8e170,1,41,29,CAB
b9a7cda3ec902c056c7c4e2f30f47d01ef7d1638706d9541ef4617ce95d8e170,1,41,30,CAB
b9a7cda3ec902c056c7c4e2f30f47d01ef7d1638706d9541ef4617ce95d8e170,1,53,1,EAB
b9a7cda3ec902c056c7c4e2f30f47d01ef7d1638706d9541ef4617ce95d8e170,1,53,2,CAB
b9a7cda3ec902c056c7c4e2f30f47d01ef7d1638706d9541ef4617ce95d8e170,1,53,3,EAB
b9a7cda3ec902c056c7c4e2f30f47d01ef7d1638706d9541ef4617ce95d8e170,1,53,4,DAB
b9a7cda3ec902c056c7c4e2f30f47d01ef7d1638706d9541ef4617ce95d8e170,1,53,5,EAB
b9a7cda3ec902c056c7c4e2f30f47d01ef7d1638706d9541ef4617ce95d8e170,1,53,6,CAB
b9a7cda3ec902c056c7c4e2f30f47d01ef7d1638706d9541ef4617ce95d8e170,1,53,7,EAB
b9a7cda3ec902c056c7c4e2f30f47d01ef7d1638706d9541ef4617ce95d8e170,1,53,8,DAB
b9a7cda3ec902c056c7c4e2f30f47d01ef7d1638706d9541ef4617ce95d8e170,1,53,9,CAB
b9a7cda3ec902c056c7c4e2f30f47d01ef7d1638706d9541ef4617ce95d8e170,1,53,10,DAB
b9a7cda3ec902c056c7c4e2f30f47d01ef7d1638706d9541ef4617ce95d8e170,1,53,11,CAB
b9a7cda3ec902c056c7c4e2f30f47d01ef7d1638706d9541ef4617ce95d8e170,1,53,12,EAB
b9a7cda3ec902c056c7c4e2f30f47d01ef7d1638706d9541ef4617ce95d8e170,1,53,13,DAB
b9a7cda3ec902c056c7c4e2f30f47d01ef7d1638706d9541ef4617ce95d8e170,1,53,14,EAB
b9a7cda3ec902c056c7c4e2f30f47d01ef7d1638706d9541ef4617ce95d8e170,1,53,15,CAB
b9a7cda3ec902c056c7c4e2f30f47d01ef7d1638706d9541ef4617ce95d8e170,1,53,16,EAB
b9a7cda3ec902c056c7c4e2f30f47d01ef7d1638706d9541ef4617ce95d8e170,1,53,17,DAB
b9a7cda3ec902c056c7c4e2f30f47d01ef7d1638706d9541ef4617ce95d8e170,1,53,18,EAB
b9a7cda3ec902c056c7c4e2f30f47d01ef7d1638706d9541ef4617ce95d8e170,1,53,19,DAB
b9a7cda3ec902c056c7c4e2f30f47d01ef7d1638706d9541ef4617ce95d8e170,1,53,20,EAB
b9a7cda3ec902c056c7c4e2f30f47d01ef7d1638706d9541ef4617ce95d8e170,1,53,21,DAB
b9a7cda3ec902c056c7c4e2f30f47d01ef7d1638706d9541ef4617ce95d8e170,1,53,22,CAB
b9a7cda3ec902c056c7c4e2f30f47d01ef7d1638706d9541ef4617ce95d8e170,1,53,23,EAB
b9a7cda3ec902c056c7c4e2f30f47d01ef7d1638706d9541ef4617ce95d8e170,1,53,24,CAB
b9a7cda3ec902c056c7c4e2f30f47d01ef7d1638706d9541ef4617ce95d8e170,1,53,25,DAB
b9a7cda3ec902c056c7c4e2f30f47d01ef7d1638706d9541ef4617ce95d8e170,1,53,26,CAB
b9a7cda3ec902c056c7c4e2f30f47d01ef7d1638706d9541ef4617ce95d8e170,1,53,27,DAB
b9a7cda3ec902c056c7c4e2f30f47d01ef7d1638706d9541ef4617ce95d8e170,1,53,28,CAB
b9a7cda3ec902c056c7c4e2f30f47d01ef7d1638706d9541ef4617ce95d8e170,1,53,29,DAB
b9a7cda3ec902c056c7c4e2f30f47d01ef7d1638706d9541ef4617ce95d8e170,1,53,30,CAB
b9a7cda3ec902c056c7c4e2f30f47d01ef7d1638706d9541ef4617ce95d8e170,1,67,1,EAB
b9a7cda3ec902c056c7c4e2f30f47d01ef7d1638706d9541ef4617ce95d8e170,1,67,2,CAB
b9a7cda3ec902c056c7c4e2f30f47d01ef7d1638706d9541ef4617ce95d8e170,1,67,3,EAB
b9a7cda3ec902c056c7c4e2f30f47d01ef7d1638706d9541ef4617ce95d8e170,1,67,4,CAB
b9a7cda3ec902c056c7c4e2f30f47d01ef7d1638706d9541ef4617ce95d8e170,1,67,5,DAB
b9a7cda3ec902c056c7c4e2f30f47d01ef7d1638706d9541ef4617ce95d8e170,1,67,6,EAB
b9a7cda3ec902c056c7c4e2f30f47d01ef7d1638706d9541ef4617ce95d8e170,1,67,7,DAB
b9a7cda3ec902c056c7c4e2f30f47d01ef7d1638706d9541ef4617ce95d8e170,1,67,8,CAB
b9a7cda3ec902c056c7c4e2f30f47d01ef7d1638706d9541ef4617ce95d8e170,1,67,9,EAB
b9a7cda3ec902c056c7c4e2f30f47d01ef7d1638706d9541ef4617ce95d8e170,1,67,10,DAB
b9a7cda3ec902c056c7c4e2f30f47d01ef7d1638706d9541ef4617ce95d8e170,1,67,11,EAB
b9a7cda3ec902c056c7c4e2f30f47d01ef7d1638706d9541ef4617ce95d8e170,1,67,12,CAB
b9a7cda3ec902c056c7c4e2f30f47d01ef7d1638706d9541ef4617ce95d8e170,1,67,13,EAB
b9a7cda3ec902c056c7c4e2f30f47d01ef7d1638706d9541ef4617ce95d8e170,1,67,14,CAB
b9a7cda3ec902c056c7c4e2f30f47d01ef7d1638706d9541ef4617ce95d8e170,1,67,15,DAB
b9a7cda3ec902c056c7c4e2f30f47d01ef7d1638706d9541ef4617ce95d8e170,1,67,16,CAB
b9a7cda3ec902c056c7c4e2f30f47d01ef7d1638706d9541ef4617ce95d8e170,1,67,17,DAB
b9a7cda3ec902c056c7c4e2f30f47d01ef7d1638706d9541ef4617ce95d8e170,1,67,18,CAB
b9a7cda3ec902c056c7c4e2f30f47d01ef7d1638706d9541ef4617ce95d8e170,1,67,19,DAB
b9a7cda3ec902c056c7c4e2f30f47d01ef7d1638706d9541ef4617ce95d8e170,1,67,20,EAB
b9a7cda3ec902c056c7c4e2f30f47d01ef7d1638706d9541ef4617ce95d8e170,1,67,21,DAB
b9a7cda3ec902c056c7c4e2f30f47d01ef7d1638706d9541ef4617ce95d8e170,1,67,22,CAB
b9a7cda3ec902c056c7c4e2f30f47d01ef7d1638706d9541ef4617ce95d8e170,1,67,23,DAB
b9a7cda3ec902c056c7c4e2f30f47d01ef7d1638706d9541ef4617ce95d8e170,1,67,24,CAB
b9a7cda3ec902c056c7c4e2f30f47d01ef7d1638706d9541ef4617ce95d8e170,1,67,25,EAB
b9a7cda3ec902c056c7c4e2f30f47d01ef7d1638706d9541ef4617ce95d8e170,1,67,26,DAB
b9a7cda3ec902c056c7c4e2f30f47d01ef7d1638706d9541ef4617ce95d8e170,1,67,27,EAB
b9a7cda3ec902c056c7c4e2f30f47d01ef7d1638706d9541ef4617ce95d8e170,1,67,28,DAB
b9a7cda3ec902c056c7c4e2f30f47d01ef7d1638706d9541ef4617ce95d8e170,1,67,29,EAB
b9a7cda3ec902c056c7c4e2f30f47d01ef7d1638706d9541ef4617ce95d8e170,1,67,30,CAB
b9a7cda3ec902c056c7c4e2f30f47d01ef7d1638706d9541ef4617ce95d8e170,1,79,1,CAB
b9a7cda3ec902c056c7c4e2f30f47d01ef7d1638706d9541ef4617ce95d8e170,1,79,2,EAB
b9a7cda3ec902c056c7c4e2f30f47d01ef7d1638706d9541ef4617ce95d8e170,1,79,3,DAB
b9a7cda3ec902c056c7c4e2f30f47d01ef7d1638706d9541ef4617ce95d8e170,1,79,4,CAB
b9a7cda3ec902c056c7c4e2f30f47d01ef7d1638706d9541ef4617ce95d8e170,1,79,5,EAB
b9a7cda3ec902c056c7c4e2f30f47d01ef7d1638706d9541ef4617ce95d8e170,1,79,6,DAB
b9a7cda3ec902c056c7c4e2f30f47d01ef7d1638706d9541ef4617ce95d8e170,1,79,7,CAB
b9a7cda3ec902c056c7c4e2f30f47d01ef7d1638706d9541ef4617ce95d8e170,1,79,8,DAB
b9a7cda3ec902c056c7c4e2f30f47d01ef7d1638706d9541ef4617ce95d8e170,1,79,9,EAB
b9a7cda3ec902c056c7c4e2f30f47d01ef7d1638706d9541ef4617ce95d8e170,1,79,10,CAB
b9a7cda3ec902c056c7c4e2f30f47d01ef7d1638706d9541ef4617ce95d8e170,1,79,11,EAB
b9a7cda3ec902c056c7c4e2f30f47d01ef7d1638706d9541ef4617ce95d8e170,1,79,12,CAB
b9a7cda3ec902c056c7c4e2f30f47d01ef7d1638706d9541ef4617ce95d8e170,1,79,13,DAB
b9a7cda3ec902c056c7c4e2f30f47d01ef7d1638706d9541ef4617ce95d8e170,1,79,14,CAB
b9a7cda3ec902c056c7c4e2f30f47d01ef7d1638706d9541ef4617ce95d8e170,1,79,15,EAB
b9a7cda3ec902c056c7c4e2f30f47d01ef7d1638706d9541ef4617ce95d8e170,1,79,16,CAB
b9a7cda3ec902c056c7c4e2f30f47d01ef7d1638706d9541ef4617ce95d8e170,1,79,17,EAB
b9a7cda3ec902c056c7c4e2f30f47d01ef7d1638706d9541ef4617ce95d8e170,1,79,18,CAB
b9a7cda3ec902c056c7c4e2f30f47d01ef7d1638706d9541ef4617ce95d8e170,1,79,19,EAB
b9a7cda3ec902c056c7c4e2f30f47d01ef7d1638706d9541ef4617ce95d8e170,1,79,20,DAB
b9a7cda3ec902c056c7c4e2f30f47d01ef7d1638706d9541ef4617ce95d8e170,1,79,21,EAB
b9a7cda3ec902c056c7c4e2f30f47d01ef7d1638706d9541ef4617ce95d8e170,1,79,22,DAB
b9a7cda3ec902c056c7c4e2f30f47d01ef7d1638706d9541ef4617ce95d8e170,1,79,23,EAB
b9a7cda3ec902c056c7c4e2f30f47d01ef7d1638706d9541ef4617ce95d8e170,1,79,24,DAB
b9a7cda3ec902c056c7c4e2f30f47d01ef7d1638706d9541ef4617ce95d8e170,1,79,25,CAB
b9a7cda3ec902c056c7c4e2f30f47d01ef7d1638706d9541ef4617ce95d8e170,1,79,26,DAB
b9a7cda3ec902c056c7c4e2f30f47d01ef7d1638706d9541ef4617ce95d8e170,1,79,27,EAB
b9a7cda3ec902c056c7c4e2f30f47d01ef7d1638706d9541ef4617ce95d8e170,1,79,28,CAB
b9a7cda3ec902c056c7c4e2f30f47d01ef7d1638706d9541ef4617ce95d8e170,1,79,29,DAB
b9a7cda3ec902c056c7c4e2f30f47d01ef7d1638706d9541ef4617ce95d8e170,1,79,30,DAB
b9a7cda3ec902c056c7c4e2f30f47d01ef7d1638706d9541ef4617ce95d8e170,1,97,1,CAB
b9a7cda3ec902c056c7c4e2f30f47d01ef7d1638706d9541ef4617ce95d8e170,1,97,2,EAB
b9a7cda3ec902c056c7c4e2f30f47d01ef7d1638706d9541ef4617ce95d8e170,1,97,3,CAB
b9a7cda3ec902c056c7c4e2f30f47d01ef7d1638706d9541ef4617ce95d8e170,1,97,4,DAB
b9a7cda3ec902c056c7c4e2f30f47d01ef7d1638706d9541ef4617ce95d8e170,1,97,5,EAB
b9a7cda3ec902c056c7c4e2f30f47d01ef7d1638706d9541ef4617ce95d8e170,1,97,6,DAB
b9a7cda3ec902c056c7c4e2f30f47d01ef7d1638706d9541ef4617ce95d8e170,1,97,7,EAB
b9a7cda3ec902c056c7c4e2f30f47d01ef7d1638706d9541ef4617ce95d8e170,1,97,8,DAB
b9a7cda3ec902c056c7c4e2f30f47d01ef7d1638706d9541ef4617ce95d8e170,1,97,9,EAB
b9a7cda3ec902c056c7c4e2f30f47d01ef7d1638706d9541ef4617ce95d8e170,1,97,10,CAB
b9a7cda3ec902c056c7c4e2f30f47d01ef7d1638706d9541ef4617ce95d8e170,1,97,11,EAB
b9a7cda3ec902c056c7c4e2f30f47d01ef7d1638706d9541ef4617ce95d8e170,1,97,12,DAB
b9a7cda3ec902c056c7c4e2f30f47d01ef7d1638706d9541ef4617ce95d8e170,1,97,13,CAB
b9a7cda3ec902c056c7c4e2f30f47d01ef7d1638706d9541ef4617ce95d8e170,1,97,14,DAB
b9a7cda3ec902c056c7c4e2f30f47d01ef7d1638706d9541ef4617ce95d8e170,1,97,15,EAB
b9a7cda3ec902c056c7c4e2f30f47d01ef7d1638706d9541ef4617ce95d8e170,1,97,16,CAB
b9a7cda3ec902c056c7c4e2f30f47d01ef7d1638706d9541ef4617ce95d8e170,1,97,17,DAB
b9a7cda3ec902c056c7c4e2f30f47d01ef7d1638706d9541ef4617ce95d8e170,1,97,18,CAB
b9a7cda3ec902c056c7c4e2f30f47d01ef7d1638706d9541ef4617ce95d8e170,1,97,19,EAB
b9a7cda3ec902c056c7c4e2f30f47d01ef7d1638706d9541ef4617ce95d8e170,1,97,20,DAB
b9a7cda3ec902c056c7c4e2f30f47d01ef7d1638706d9541ef4617ce95d8e170,1,97,21,CAB
b9a7cda3ec902c056c7c4e2f30f47d01ef7d1638706d9541ef4617ce95d8e170,1,97,22,EAB
b9a7cda3ec902c056c7c4e2f30f47d01ef7d1638706d9541ef4617ce95d8e170,1,97,23,CAB
b9a7cda3ec902c056c7c4e2f30f47d01ef7d1638706d9541ef4617ce95d8e170,1,97,24,DAB
b9a7cda3ec902c056c7c4e2f30f47d01ef7d1638706d9541ef4617ce95d8e170,1,97,25,CAB
b9a7cda3ec902c056c7c4e2f30f47d01ef7d1638706d9541ef4617ce95d8e170,1,97,26,DAB
b9a7cda3ec902c056c7c4e2f30f47d01ef7d1638706d9541ef4617ce95d8e170,1,97,27,EAB
b9a7cda3ec902c056c7c4e2f30f47d01ef7d1638706d9541ef4617ce95d8e170,1,97,28,DAB
b9a7cda3ec902c056c7c4e2f30f47d01ef7d1638706d9541ef4617ce95d8e170,1,97,29,CAB
b9a7cda3ec902c056c7c4e2f30f47d01ef7d1638706d9541ef4617ce95d8e170,1,97,30,EAB
b9a7cda3ec902c056c7c4e2f30f47d01ef7d1638706d9541ef4617ce95d8e170,2,11,1,ACB
b9a7cda3ec902c056c7c4e2f30f47d01ef7d1638706d9541ef4617ce95d8e170,2,11,2,ADB
b9a7cda3ec902c056c7c4e2f30f47d01ef7d1638706d9541ef4617ce95d8e170,2,11,3,AEB
b9a7cda3ec902c056c7c4e2f30f47d01ef7d1638706d9541ef4617ce95d8e170,2,11,4,ACB
b9a7cda3ec902c056c7c4e2f30f47d01ef7d1638706d9541ef4617ce95d8e170,2,11,5,AEB
b9a7cda3ec902c056c7c4e2f30f47d01ef7d1638706d9541ef4617ce95d8e170,2,11,6,ADB
b9a7cda3ec902c056c7c4e2f30f47d01ef7d1638706d9541ef4617ce95d8e170,2,11,7,AEB
b9a7cda3ec902c056c7c4e2f30f47d01ef7d1638706d9541ef4617ce95d8e170,2,11,8,ACB
b9a7cda3ec902c056c7c4e2f30f47d01ef7d1638706d9541ef4617ce95d8e170,2,11,9,ADB
b9a7cda3ec902c056c7c4e2f30f47d01ef7d1638706d9541ef4617ce95d8e170,2,11,10,ACB
b9a7cda3ec902c056c7c4e2f30f47d01ef7d1638706d9541ef4617ce95d8e170,2,11,11,ADB
b9a7cda3ec902c056c7c4e2f30f47d01ef7d1638706d9541ef4617ce95d8e170,2,11,12,AEB
b9a7cda3ec902c056c7c4e2f30f47d01ef7d1638706d9541ef4617ce95d8e170,2,11,13,ADB
b9a7cda3ec902c056c7c4e2f30f47d01ef7d1638706d9541ef4617ce95d8e170,2,11,14,ACB
b9a7cda3ec902c056c7c4e2f30f47d01ef7d1638706d9541ef4617ce95d8e170,2,11,15,AEB
b9a7cda3ec902c056c7c4e2f30f47d01ef7d1638706d9541ef4617ce95d8e170,2,11,16,ACB
b9a7cda3ec902c056c7c4e2f30f47d01ef7d1638706d9541ef4617ce95d8e170,2,11,17,AEB
b9a7cda3ec902c056c7c4e2f30f47d01ef7d1638706d9541ef4617ce95d8e170,2,11,18,ADB
b9a7cda3ec902c056c7c4e2f30f47d01ef7d1638706d9541ef4617ce95d8e170,2,11,19,AEB
b9a7cda3ec902c056c7c4e2f30f47d01ef7d1638706d9541ef4617ce95d8e170,2,11,20,ADB
b9a7cda3ec902c056c7c4e2f30f47d01ef7d1638706d9541ef4617ce95d8e170,2,11,21,AEB
b9a7cda3ec902c056c7c4e2f30f47d01ef7d1638706d9541ef4617ce95d8e170,2,11,22,ACB
b9a7cda3ec902c056c7c4e2f30f47d01ef7d1638706d9541ef4617ce95d8e170,2,11,23,ADB
b9a7cda3ec902c056c7c4e2f30f47d01ef7d1638706d9541ef4617ce95d8e170,2,11,24,AEB
b9a7cda3ec902c056c7c4e2f30f47d01ef7d1638706d9541ef4617ce95d8e170,2,11,25,ACB
b9a7cda3ec902c056c7c4e2f30f47d01ef7d1638706d9541ef4617ce95d8e170,2,11,26,AEB
b9a7cda3ec902c056c7c4e2f30f47d01ef7d1638706d9541ef4617ce95d8e170,2,11,27,ADB
b9a7cda3ec902c056c7c4e2f30f47d01ef7d1638706d9541ef4617ce95d8e170,2,11,28,ACB
b9a7cda3ec902c056c7c4e2f30f47d01ef7d1638706d9541ef4617ce95d8e170,2,11,29,ADB
b9a7cda3ec902c056c7c4e2f30f47d01ef7d1638706d9541ef4617ce95d8e170,2,11,30,ACB
b9a7cda3ec902c056c7c4e2f30f47d01ef7d1638706d9541ef4617ce95d8e170,2,23,1,ACB
b9a7cda3ec902c056c7c4e2f30f47d01ef7d1638706d9541ef4617ce95d8e170,2,23,2,AEB
b9a7cda3ec902c056c7c4e2f30f47d01ef7d1638706d9541ef4617ce95d8e170,2,23,3,ACB
b9a7cda3ec902c056c7c4e2f30f47d01ef7d1638706d9541ef4617ce95d8e170,2,23,4,AEB
b9a7cda3ec902c056c7c4e2f30f47d01ef7d1638706d9541ef4617ce95d8e170,2,23,5,ACB
b9a7cda3ec902c056c7c4e2f30f47d01ef7d1638706d9541ef4617ce95d8e170,2,23,6,ADB
b9a7cda3ec902c056c7c4e2f30f47d01ef7d1638706d9541ef4617ce95d8e170,2,23,7,AEB
b9a7cda3ec902c056c7c4e2f30f47d01ef7d1638706d9541ef4617ce95d8e170,2,23,8,ACB
b9a7cda3ec902c056c7c4e2f30f47d01ef7d1638706d9541ef4617ce95d8e170,2,23,9,ADB
b9a7cda3ec902c056c7c4e2f30f47d01ef7d1638706d9541ef4617ce95d8e170,2,23,10,AEB
b9a7cda3ec902c056c7c4e2f30f47d01ef7d1638706d9541ef4617ce95d8e170,2,23,11,ADB
b9a7cda3ec902c056c7c4e2f30f47d01ef7d1638706d9541ef4617ce95d8e170,2,23,12,AEB
b9a7cda3ec902c056c7c4e2f30f47d01ef7d1638706d9541ef4617ce95d8e170,2,23,13,ACB
b9a7cda3ec902c056c7c4e2f30f47d01ef7d1638706d9541ef4617ce95d8e170,2,23,14,ADB
b9a7cda3ec902c056c7c4e2f30f47d01ef7d1638706d9541ef4617ce95d8e170,2,23,15,ACB
b9a7cda3ec902c056c7c4e2f30f47d01ef7d1638706d9541ef4617ce95d8e170,2,23,16,ADB
b9a7cda3ec902c056c7c4e2f30f47d01ef7d1638706d9541ef4617ce95d8e170,2,23,17,ACB
b9a7cda3ec902c056c7c4e2f30f47d01ef7d1638706d9541ef4617ce95d8e170,2,23,18,AEB
b9a7cda3ec902c056c7c4e2f30f47d01ef7d1638706d9541ef4617ce95d8e170,2,23,19,ADB
b9a7cda3ec902c056c7c4e2f30f47d01ef7d1638706d9541ef4617ce95d8e170,2,23,20,ACB
b9a7cda3ec902c056c7c4e2f30f47d01ef7d1638706d9541ef4617ce95d8e170,2,23,21,AEB
b9a7cda3ec902c056c7c4e2f30f47d01ef7d1638706d9541ef4617ce95d8e170,2,23,22,ACB
b9a7cda3ec902c056c7c4e2f30f47d01ef7d1638706d9541ef4617ce95d8e170,2,23,23,AEB
b9a7cda3ec902c056c7c4e2f30f47d01ef7d1638706d9541ef4617ce95d8e170,2,23,24,ACB
b9a7cda3ec902c056c7c4e2f30f47d01ef7d1638706d9541ef4617ce95d8e170,2,23,25,ADB
b9a7cda3ec902c056c7c4e2f30f47d01ef7d1638706d9541ef4617ce95d8e170,2,23,26,AEB
b9a7cda3ec902c056c7c4e2f30f47d01ef7d1638706d9541ef4617ce95d8e170,2,23,27,ADB
b9a7cda3ec902c056c7c4e2f30f47d01ef7d1638706d9541ef4617ce95d8e170,2,23,28,AEB
b9a7cda3ec902c056c7c4e2f30f47d01ef7d1638706d9541ef4617ce95d8e170,2,23,29,ADB
b9a7cda3ec902c056c7c4e2f30f47d01ef7d1638706d9541ef4617ce95d8e170,2,23,30,ADB
b9a7cda3ec902c056c7c4e2f30f47d01ef7d1638706d9541ef4617ce95d8e170,2,37,1,ACB
b9a7cda3ec902c056c7c4e2f30f47d01ef7d1638706d9541ef4617ce95d8e170,2,37,2,AEB
b9a7cda3ec902c056c7c4e2f30f47d01ef7d1638706d9541ef4617ce95d8e170,2,37,3,ADB
b9a7cda3ec902c056c7c4e2f30f47d01ef7d1638706d9541ef4617ce95d8e170,2,37,4,AEB
b9a7cda3ec902c056c7c4e2f30f47d01ef7d1638706d9541ef4617ce95d8e170,2,37,5,ACB
b9a7cda3ec902c056c7c4e2f30f47d01ef7d1638706d9541ef4617ce95d8e170,2,37,6,ADB
b9a7cda3ec902c056c7c4e2f30f47d01ef7d1638706d9541ef4617ce95d8e170,2,37,7,AEB
b9a7cda3ec902c056c7c4e2f30f47d01ef7d1638706d9541ef4617ce95d8e170,2,37,8,ADB
b9a7cda3ec902c056c7c4e2f30f47d01ef7d1638706d9541ef4617ce95d8e170,2,37,9,ACB
b9a7cda3ec902c056c7c4e2f30f47d01ef7d1638706d9541ef4617ce95d8e170,2,37,10,ADB
b9a7cda3ec902c056c7c4e2f30f47d01ef7d1638706d9541ef4617ce95d8e170,2,37,11,AEB
b9a7cda3ec902c056c7c4e2f30f47d01ef7d1638706d9541ef4617ce95d8e170,2,37,12,ACB
b9a7cda3ec902c056c7c4e2f30f47d01ef7d1638706d9541ef4617ce95d8e170,2,37,13,AEB
b9a7cda3ec902c056c7c4e2f30f47d01ef7d1638706d9541ef4617ce95d8e170,2,37,14,ADB
b9a7cda3ec902c056c7c4e2f30f47d01ef7d1638706d9541ef4617ce95d8e170,2,37,15,ACB
b9a7cda3ec902c056c7c4e2f30f47d01ef7d1638706d9541ef4617ce95d8e170,2,37,16,ADB
b9a7cda3ec902c056c7c4e2f30f47d01ef7d1638706d9541ef4617ce95d8e170,2,37,17,ACB
b9a7cda3ec902c056c7c4e2f30f47d01ef7d1638706d9541ef4617ce95d8e170,2,37,18,ADB
b9a7cda3ec902c056c7c4e2f30f47d01ef7d1638706d9541ef4617ce95d8e170,2,37,19,AEB
b9a7cda3ec902c056c7c4e2f30f47d01ef7d1638706d9541ef4617ce95d8e170,2,37,20,ACB
b9a7cda3ec902c056c7c4e2f30f47d01ef7d1638706d9541ef4617ce95d8e170,2,37,21,AEB
b9a7cda3ec902c056c7c4e2f30f47d01ef7d1638706d9541ef4617ce95d8e170,2,37,22,ADB
b9a7cda3ec902c056c7c4e2f30f47d01ef7d1638706d9541ef4617ce95d8e170,2,37,23,AEB
b9a7cda3ec902c056c7c4e2f30f47d01ef7d1638706d9541ef4617ce95d8e170,2,37,24,ADB
b9a7cda3ec902c056c7c4e2f30f47d01ef7d1638706d9541ef4617ce95d8e170,2,37,25,AEB
b9a7cda3ec902c056c7c4e2f30f47d01ef7d1638706d9541ef4617ce95d8e170,2,37,26,ACB
b9a7cda3ec902c056c7c4e2f30f47d01ef7d1638706d9541ef4617ce95d8e170,2,37,27,ADB
b9a7cda3ec902c056c7c4e2f30f47d01ef7d1638706d9541ef4617ce95d8e170,2,37,28,ACB
b9a7cda3ec902c056c7c4e2f30f47d01ef7d1638706d9541ef4617ce95d8e170,2,37,29,AEB
b9a7cda3ec902c056c7c4e2f30f47d01ef7d1638706d9541ef4617ce95d8e170,2,37,30,ACB
b9a7cda3ec902c056c7c4e2f30f47d01ef7d1638706d9541ef4617ce95d8e170,2,41,1,ADB
b9a7cda3ec902c056c7c4e2f30f47d01ef7d1638706d9541ef4617ce95d8e170,2,41,2,AEB
b9a7cda3ec902c056c7c4e2f30f47d01ef7d1638706d9541ef4617ce95d8e170,2,41,3,ADB
b9a7cda3ec902c056c7c4e2f30f47d01ef7d1638706d9541ef4617ce95d8e170,2,41,4,AEB
b9a7cda3ec902c056c7c4e2f30f47d01ef7d1638706d9541ef4617ce95d8e170,2,41,5,ADB
b9a7cda3ec902c056c7c4e2f30f47d01ef7d1638706d9541ef4617ce95d8e170,2,41,6,ACB
b9a7cda3ec902c056c7c4e2f30f47d01ef7d1638706d9541ef4617ce95d8e170,2,41,7,ADB
b9a7cda3ec902c056c7c4e2f30f47d01ef7d1638706d9541ef4617ce95d8e170,2,41,8,AEB
b9a7cda3ec902c056c7c4e2f30f47d01ef7d1638706d9541ef4617ce95d8e170,2,41,9,ACB
b9a7cda3ec902c056c7c4e2f30f47d01ef7d1638706d9541ef4617ce95d8e170,2,41,10,AEB
b9a7cda3ec902c056c7c4e2f30f47d01ef7d1638706d9541ef4617ce95d8e170,2,41,11,ACB
b9a7cda3ec902c056c7c4e2f30f47d01ef7d1638706d9541ef4617ce95d8e170,2,41,12,ADB
b9a7cda3ec902c056c7c4e2f30f47d01ef7d1638706d9541ef4617ce95d8e170,2,41,13,AEB
b9a7cda3ec902c056c7c4e2f30f47d01ef7d1638706d9541ef4617ce95d8e170,2,41,14,ADB
b9a7cda3ec902c056c7c4e2f30f47d01ef7d1638706d9541ef4617ce95d8e170,2,41,15,AEB
b9a7cda3ec902c056c7c4e2f30f47d01ef7d1638706d9541ef4617ce95d8e170,2,41,16,ADB
b9a7cda3ec902c056c7c4e2f30f47d01ef7d1638706d9541ef4617ce95d8e170,2,41,17,ACB
b9a7cda3ec902c056c7c4e2f30f47d01ef7d1638706d9541ef4617ce95d8e170,2,41,18,ADB
b9a7cda3ec902c056c7c4e2f30f47d01ef7d1638706d9541ef4617ce95d8e170,2,41,19,AEB
b9a7cda3ec902c056c7c4e2f30f47d01ef7d1638706d9541ef4617ce95d8e170,2,41,20,ADB
b9a7cda3ec902c056c7c4e2f30f47d01ef7d1638706d9541ef4617ce95d8e170,2,41,21,AEB
b9a7cda3ec902c056c7c4e2f30f47d01ef7d1638706d9541ef4617ce95d8e170,2,41,22,ADB
b9a7cda3ec902c056c7c4e2f30f47d01ef7d1638706d9541ef4617ce95d8e170,2,41,23,ACB
b9a7cda3ec902c056c7c4e2f30f47d01ef7d1638706d9541ef4617ce95d8e170,2,41,24,AEB
b9a7cda3ec902c056c7c4e2f30f47d01ef7d1638706d9541ef4617ce95d8e170,2,41,25,ACB
b9a7cda3ec902c056c7c4e2f30f47d01ef7d1638706d9541ef4617ce95d8e170,2,41,26,AEB
b9a7cda3ec902c056c7c4e2f30f47d01ef7d1638706d9541ef4617ce95d8e170,2,41,27,ACB
b9a7cda3ec902c056c7c4e2f30f47d01ef7d1638706d9541ef4617ce95d8e170,2,41,28,ACB
b9a7cda3ec902c056c7c4e2f30f47d01ef7d1638706d9541ef4617ce95d8e170,2,41,29,ACB
b9a7cda3ec902c056c7c4e2f30f47d01ef7d1638706d9541ef4617ce95d8e170,2,41,30,ACB
b9a7cda3ec902c056c7c4e2f30f47d01ef7d1638706d9541ef4617ce95d8e170,2,53,1,AEB
b9a7cda3ec902c056c7c4e2f30f47d01ef7d1638706d9541ef4617ce95d8e170,2,53,2,ACB
b9a7cda3ec902c056c7c4e2f30f47d01ef7d1638706d9541ef4617ce95d8e170,2,53,3,AEB
b9a7cda3ec902c056c7c4e2f30f47d01ef7d1638706d9541ef4617ce95d8e170,2,53,4,ADB
b9a7cda3ec902c056c7c4e2f30f47d01ef7d1638706d9541ef4617ce95d8e170,2,53,5,AEB
b9a7cda3ec902c056c7c4e2f30f47d01ef7d1638706d9541ef4617ce95d8e170,2,53,6,ACB
b9a7cda3ec902c056c7c4e2f30f47d01ef7d1638706d9541ef4617ce95d8e170,2,53,7,AEB
b9a7cda3ec902c056c7c4e2f30f47d01ef7d1638706d9541ef4617ce95d8e170,2,53,8,ADB
b9a7cda3ec902c056c7c4e2f30f47d01ef7d1638706d9541ef4617ce95d8e170,2,53,9,ACB
b9a7cda3ec902c056c7c4e2f30f47d01ef7d1638706d9541ef4617ce95d8e170,2,53,10,ADB
b9a7cda3ec902c056c7c4e2f30f47d01ef7d1638706d9541ef4617ce95d8e170,2,53,11,ACB
b9a7cda3ec902c056c7c4e2f30f47d01ef7d1638706d9541ef4617ce95d8e170,2,53,12,AEB
b9a7cda3ec902c056c7c4e2f30f47d01ef7d1638706d9541ef4617ce95d8e170,2,53,13,ADB
b9a7cda3ec902c056c7c4e2f30f47d01ef7d1638706d9541ef4617ce95d8e170,2,53,14,AEB
b9a7cda3ec902c056c7c4e2f30f47d01ef7d1638706d9541ef4617ce95d8e170,2,53,15,ACB
b9a7cda3ec902c056c7c4e2f30f47d01ef7d1638706d9541ef4617ce95d8e170,2,53,16,AEB
b9a7cda3ec902c056c7c4e2f30f47d01ef7d1638706d9541ef4617ce95d8e170,2,53,17,ADB
b9a7cda3ec902c056c7c4e2f30f47d01ef7d1638706d9541ef4617ce95d8e170,2,53,18,AEB
b9a7cda3ec902c056c7c4e2f30f47d01ef7d1638706d9541ef4617ce95d8e170,2,53,19,ADB
b9a7cda3ec902c056c7c4e2f30f47d01ef7d1638706d9541ef4617ce95d8e170,2,53,20,AEB
b9a7cda3ec902c056c7c4e2f30f47d01ef7d1638706d9541ef4617ce95d8e170,2,53,21,ADB
b9a7cda3ec902c056c7c4e2f30f47d01ef7d1638706d9541ef4617ce95d8e170,2,53,22,ACB
b9a7cda3ec902c056c7c4e2f30f47d01ef7d1638706d9541ef4617ce95d8e170,2,53,23,AEB
b9a7cda3ec902c056c7c4e2f30f47d01ef7d1638706d9541ef4617ce95d8e170,2,53,24,ACB
b9a7cda3ec902c056c7c4e2f30f47d01ef7d1638706d9541ef4617ce95d8e170,2,53,25,ADB
b9a7cda3ec902c056c7c4e2f30f47d01ef7d1638706d9541ef4617ce95d8e170,2,53,26,ACB
b9a7cda3ec902c056c7c4e2f30f47d01ef7d1638706d9541ef4617ce95d8e170,2,53,27,ADB
b9a7cda3ec902c056c7c4e2f30f47d01ef7d1638706d9541ef4617ce95d8e170,2,53,28,ACB
b9a7cda3ec902c056c7c4e2f30f47d01ef7d1638706d9541ef4617ce95d8e170,2,53,29,ADB
b9a7cda3ec902c056c7c4e2f30f47d01ef7d1638706d9541ef4617ce95d8e170,2,53,30,ACB
b9a7cda3ec902c056c7c4e2f30f47d01ef7d1638706d9541ef4617ce95d8e170,2,67,1,AEB
b9a7cda3ec902c056c7c4e2f30f47d01ef7d1638706d9541ef4617ce95d8e170,2,67,2,ACB
b9a7cda3ec902c056c7c4e2f30f47d01ef7d1638706d9541ef4617ce95d8e170,2,67,3,AEB
b9a7cda3ec902c056c7c4e2f30f47d01ef7d1638706d9541ef4617ce95d8e170,2,67,4,ACB
b9a7cda3ec902c056c7c4e2f30f47d01ef7d1638706d9541ef4617ce95d8e170,2,67,5,ADB
b9a7cda3ec902c056c7c4e2f30f47d01ef7d1638706d9541ef4617ce95d8e170,2,67,6,AEB
b9a7cda3ec902c056c7c4e2f30f47d01ef7d1638706d9541ef4617ce95d8e170,2,67,7,ADB
b9a7cda3ec902c056c7c4e2f30f47d01ef7d1638706d9541ef4617ce95d8e170,2,67,8,ACB
b9a7cda3ec902c056c7c4e2f30f47d01ef7d1638706d9541ef4617ce95d8e170,2,67,9,AEB
b9a7cda3ec902c056c7c4e2f30f47d01ef7d1638706d9541ef4617ce95d8e170,2,67,10,ADB
b9a7cda3ec902c056c7c4e2f30f47d01ef7d1638706d9541ef4617ce95d8e170,2,67,11,AEB
b9a7cda3ec902c056c7c4e2f30f47d01ef7d1638706d9541ef4617ce95d8e170,2,67,12,ACB
b9a7cda3ec902c056c7c4e2f30f47d01ef7d1638706d9541ef4617ce95d8e170,2,67,13,AEB
b9a7cda3ec902c056c7c4e2f30f47d01ef7d1638706d9541ef4617ce95d8e170,2,67,14,ACB
b9a7cda3ec902c056c7c4e2f30f47d01ef7d1638706d9541ef4617ce95d8e170,2,67,15,ADB
b9a7cda3ec902c056c7c4e2f30f47d01ef7d1638706d9541ef4617ce95d8e170,2,67,16,ACB
b9a7cda3ec902c056c7c4e2f30f47d01ef7d1638706d9541ef4617ce95d8e170,2,67,17,ADB
b9a7cda3ec902c056c7c4e2f30f47d01ef7d1638706d9541ef4617ce95d8e170,2,67,18,ACB
b9a7cda3ec902c056c7c4e2f30f47d01ef7d1638706d9541ef4617ce95d8e170,2,67,19,ADB
b9a7cda3ec902c056c7c4e2f30f47d01ef7d1638706d9541ef4617ce95d8e170,2,67,20,AEB
b9a7cda3ec902c056c7c4e2f30f47d01ef7d1638706d9541ef4617ce95d8e170,2,67,21,ADB
b9a7cda3ec902c056c7c4e2f30f47d01ef7d1638706d9541ef4617ce95d8e170,2,67,22,ACB
b9a7cda3ec902c056c7c4e2f30f47d01ef7d1638706d9541ef4617ce95d8e170,2,67,23,ADB
b9a7cda3ec902c056c7c4e2f30f47d01ef7d1638706d9541ef4617ce95d8e170,2,67,24,ACB
b9a7cda3ec902c056c7c4e2f30f47d01ef7d1638706d9541ef4617ce95d8e170,2,67,25,AEB
b9a7cda3ec902c056c7c4e2f30f47d01ef7d1638706d9541ef4617ce95d8e170,2,67,26,ADB
b9a7cda3ec902c056c7c4e2f30f47d01ef7d1638706d9541ef4617ce95d8e170,2,67,27,AEB
b9a7cda3ec902c056c7c4e2f30f47d01ef7d1638706d9541ef4617ce95d8e170,2,67,28,ADB
b9a7cda3ec902c056c7c4e2f30f47d01ef7d1638706d9541ef4617ce95d8e170,2,67,29,AEB
b9a7cda3ec902c056c7c4e2f30f47d01ef7d1638706d9541ef4617ce95d8e170,2,67,30,ACB
b9a7cda3ec902c056c7c4e2f30f47d01ef7d1638706d9541ef4617ce95d8e170,2,79,1,ACB
b9a7cda3ec902c056c7c4e2f30f47d01ef7d1638706d9541ef4617ce95d8e170,2,79,2,AEB
b9a7cda3ec902c056c7c4e2f30f47d01ef7d1638706d9541ef4617ce95d8e170,2,79,3,ADB
b9a7cda3ec902c056c7c4e2f30f47d01ef7d1638706d9541ef4617ce95d8e170,2,79,4,ACB
b9a7cda3ec902c056c7c4e2f30f47d01ef7d1638706d9541ef4617ce95d8e170,2,79,5,AEB
b9a7cda3ec902c056c7c4e2f30f47d01ef7d1638706d9541ef4617ce95d8e170,2,79,6,ADB
b9a7cda3ec902c056c7c4e2f30f47d01ef7d1638706d9541ef4617ce95d8e170,2,79,7,ACB
b9a7cda3ec902c056c7c4e2f30f47d01ef7d1638706d9541ef4617ce95d8e170,2,79,8,ADB
b9a7cda3ec902c056c7c4e2f30f47d01ef7d1638706d9541ef4617ce95d8e170,2,79,9,AEB
b9a7cda3ec902c056c7c4e2f30f47d01ef7d1638706d9541ef4617ce95d8e170,2,79,10,ACB
b9a7cda3ec902c056c7c4e2f30f47d01ef7d1638706d9541ef4617ce95d8e170,2,79,11,AEB
b9a7cda3ec902c056c7c4e2f30f47d01ef7d1638706d9541ef4617ce95d8e170,2,79,12,ACB
b9a7cda3ec902c056c7c4e2f30f47d01ef7d1638706d9541ef4617ce95d8e170,2,79,13,ADB
b9a7cda3ec902c056c7c4e2f30f47d01ef7d1638706d9541ef4617ce95d8e170,2,79,14,ACB
b9a7cda3ec902c056c7c4e2f30f47d01ef7d1638706d9541ef4617ce95d8e170,2,79,15,AEB
b9a7cda3ec902c056c7c4e2f30f47d01ef7d1638706d9541ef4617ce95d8e170,2,79,16,ACB
b9a7cda3ec902c056c7c4e2f30f47d01ef7d1638706d9541ef4617ce95d8e170,2,79,17,AEB
b9a7cda3ec902c056c7c4e2f30f47d01ef7d1638706d9541ef4617ce95d8e170,2,79,18,ACB
b9a7cda3ec902c056c7c4e2f30f47d01ef7d1638706d9541ef4617ce95d8e170,2,79,19,AEB
b9a7cda3ec902c056c7c4e2f30f47d01ef7d1638706d9541ef4617ce95d8e170,2,79,20,ADB
b9a7cda3ec902c056c7c4e2f30f47d01ef7d1638706d9541ef4617ce95d8e170,2,79,21,AEB
b9a7cda3ec902c056c7c4e2f30f47d01ef7d1638706d9541ef4617ce95d8e170,2,79,22,ADB
b9a7cda3ec902c056c7c4e2f30f47d01ef7d1638706d9541ef4617ce95d8e170,2,79,23,AEB
b9a7cda3ec902c056c7c4e2f30f47d01ef7d1638706d9541ef4617ce95d8e170,2,79,24,ADB
b9a7cda3ec902c056c7c4e2f30f47d01ef7d1638706d9541ef4617ce95d8e170,2,79,25,ACB
b9a7cda3ec902c056c7c4e2f30f47d01ef7d1638706d9541ef4617ce95d8e170,2,79,26,ADB
b9a7cda3ec902c056c7c4e2f30f47d01ef7d1638706d9541ef4617ce95d8e170,2,79,27,AEB
b9a7cda3ec902c056c7c4e2f30f47d01ef7d1638706d9541ef4617ce95d8e170,2,79,28,ACB
b9a7cda3ec902c056c7c4e2f30f47d01ef7d1638706d9541ef4617ce95d8e170,2,79,29,ADB
b9a7cda3ec902c056c7c4e2f30f47d01ef7d1638706d9541ef4617ce95d8e170,2,79,30,ADB
b9a7cda3ec902c056c7c4e2f30f47d01ef7d1638706d9541ef4617ce95d8e170,2,97,1,ACB
b9a7cda3ec902c056c7c4e2f30f47d01ef7d1638706d9541ef4617ce95d8e170,2,97,2,AEB
b9a7cda3ec902c056c7c4e2f30f47d01ef7d1638706d9541ef4617ce95d8e170,2,97,3,ACB
b9a7cda3ec902c056c7c4e2f30f47d01ef7d1638706d9541ef4617ce95d8e170,2,97,4,ADB
b9a7cda3ec902c056c7c4e2f30f47d01ef7d1638706d9541ef4617ce95d8e170,2,97,5,AEB
b9a7cda3ec902c056c7c4e2f30f47d01ef7d1638706d9541ef4617ce95d8e170,2,97,6,ADB
b9a7cda3ec902c056c7c4e2f30f47d01ef7d1638706d9541ef4617ce95d8e170,2,97,7,AEB
b9a7cda3ec902c056c7c4e2f30f47d01ef7d1638706d9541ef4617ce95d8e170,2,97,8,ADB
b9a7cda3ec902c056c7c4e2f30f47d01ef7d1638706d9541ef4617ce95d8e170,2,97,9,AEB
b9a7cda3ec902c056c7c4e2f30f47d01ef7d1638706d9541ef4617ce95d8e170,2,97,10,ACB
b9a7cda3ec902c056c7c4e2f30f47d01ef7d1638706d9541ef4617ce95d8e170,2,97,11,AEB
b9a7cda3ec902c056c7c4e2f30f47d01ef7d1638706d9541ef4617ce95d8e170,2,97,12,ADB
b9a7cda3ec902c056c7c4e2f30f47d01ef7d1638706d9541ef4617ce95d8e170,2,97,13,ACB
b9a7cda3ec902c056c7c4e2f30f47d01ef7d1638706d9541ef4617ce95d8e170,2,97,14,ADB
b9a7cda3ec902c056c7c4e2f30f47d01ef7d1638706d9541ef4617ce95d8e170,2,97,15,AEB
b9a7cda3ec902c056c7c4e2f30f47d01ef7d1638706d9541ef4617ce95d8e170,2,97,16,ACB
b9a7cda3ec902c056c7c4e2f30f47d01ef7d1638706d9541ef4617ce95d8e170,2,97,17,ADB
b9a7cda3ec902c056c7c4e2f30f47d01ef7d1638706d9541ef4617ce95d8e170,2,97,18,ACB
b9a7cda3ec902c056c7c4e2f30f47d01ef7d1638706d9541ef4617ce95d8e170,2,97,19,AEB
b9a7cda3ec902c056c7c4e2f30f47d01ef7d1638706d9541ef4617ce95d8e170,2,97,20,ADB
b9a7cda3ec902c056c7c4e2f30f47d01ef7d1638706d9541ef4617ce95d8e170,2,97,21,ACB
b9a7cda3ec902c056c7c4e2f30f47d01ef7d1638706d9541ef4617ce95d8e170,2,97,22,AEB
b9a7cda3ec902c056c7c4e2f30f47d01ef7d1638706d9541ef4617ce95d8e170,2,97,23,ACB
b9a7cda3ec902c056c7c4e2f30f47d01ef7d1638706d9541ef4617ce95d8e170,2,97,24,ADB
b9a7cda3ec902c056c7c4e2f30f47d01ef7d1638706d9541ef4617ce95d8e170,2,97,25,ACB
b9a7cda3ec902c056c7c4e2f30f47d01ef7d1638706d9541ef4617ce95d8e170,2,97,26,ADB
b9a7cda3ec902c056c7c4e2f30f47d01ef7d1638706d9541ef4617ce95d8e170,2,97,27,AEB
b9a7cda3ec902c056c7c4e2f30f47d01ef7d1638706d9541ef4617ce95d8e170,2,97,28,ADB
b9a7cda3ec902c056c7c4e2f30f47d01ef7d1638706d9541ef4617ce95d8e170,2,97,29,ACB
b9a7cda3ec902c056c7c4e2f30f47d01ef7d1638706d9541ef4617ce95d8e170,2,97,30,AEB
b9a7cda3ec902c056c7c4e2f30f47d01ef7d1638706d9541ef4617ce95d8e170,3,11,1,ABC
b9a7cda3ec902c056c7c4e2f30f47d01ef7d1638706d9541ef4617ce95d8e170,3,11,2,ABD
b9a7cda3ec902c056c7c4e2f30f47d01ef7d1638706d9541ef4617ce95d8e170,3,11,3,ABE
b9a7cda3ec902c056c7c4e2f30f47d01ef7d1638706d9541ef4617ce95d8e170,3,11,4,ABC
b9a7cda3ec902c056c7c4e2f30f47d01ef7d1638706d9541ef4617ce95d8e170,3,11,5,ABE
b9a7cda3ec902c056c7c4e2f30f47d01ef7d1638706d9541ef4617ce95d8e170,3,11,6,ABD
b9a7cda3ec902c056c7c4e2f30f47d01ef7d1638706d9541ef4617ce95d8e170,3,11,7,ABE
b9a7cda3ec902c056c7c4e2f30f47d01ef7d1638706d9541ef4617ce95d8e170,3,11,8,ABC
b9a7cda3ec902c056c7c4e2f30f47d01ef7d1638706d9541ef4617ce95d8e170,3,11,9,ABD
b9a7cda3ec902c056c7c4e2f30f47d01ef7d1638706d9541ef4617ce95d8e170,3,11,10,ABC
b9a7cda3ec902c056c7c4e2f30f47d01ef7d1638706d9541ef4617ce95d8e170,3,11,11,ABD
b9a7cda3ec902c056c7c4e2f30f47d01ef7d1638706d9541ef4617ce95d8e170,3,11,12,ABE
b9a7cda3ec902c056c7c4e2f30f47d01ef7d1638706d9541ef4617ce95d8e170,3,11,13,ABD
b9a7cda3ec902c056c7c4e2f30f47d01ef7d1638706d9541ef4617ce95d8e170,3,11,14,ABC
b9a7cda3ec902c056c7c4e2f30f47d01ef7d1638706d9541ef4617ce95d8e170,3,11,15,ABE
b9a7cda3ec902c056c7c4e2f30f47d01ef7d1638706d9541ef4617ce95d8e170,3,11,16,ABC
b9a7cda3ec902c056c7c4e2f30f47d01ef7d1638706d9541ef4617ce95d8e170,3,11,17,ABE
b9a7cda3ec902c056c7c4e2f30f47d01ef7d1638706d9541ef4617ce95d8e170,3,11,18,ABD
b9a7cda3ec902c056c7c4e2f30f47d01ef7d1638706d9541ef4617ce95d8e170,3,11,19,ABE
b9a7cda3ec902c056c7c4e2f30f47d01ef7d1638706d9541ef4617ce95d8e170,3,11,20,ABD
b9a7cda3ec902c056c7c4e2f30f47d01ef7d1638706d9541ef4617ce95d8e170,3,11,21,ABE
b9a7cda3ec902c056c7c4e2f30f47d01ef7d1638706d9541ef4617ce95d8e170,3,11,22,ABC
b9a7cda3ec902c056c7c4e2f30f47d01ef7d1638706d9541ef4617ce95d8e170,3,11,23,ABD
b9a7cda3ec902c056c7c4e2f30f47d01ef7d1638706d9541ef4617ce95d8e170,3,11,24,ABE
b9a7cda3ec902c056c7c4e2f30f47d01ef7d1638706d9541ef4617ce95d8e170,3,11,25,ABC
b9a7cda3ec902c056c7c4e2f30f47d01ef7d1638706d9541ef4617ce95d8e170,3,11,26,ABE
b9a7cda3ec902c056c7c4e2f30f47d01ef7d1638706d9541ef4617ce95d8e170,3,11,27,ABD
b9a7cda3ec902c056c7c4e2f30f47d01ef7d1638706d9541ef4617ce95d8e170,3,11,28,ABC
b9a7cda3ec902c056c7c4e2f30f47d01ef7d1638706d9541ef4617ce95d8e170,3,11,29,ABD
b9a7cda3ec902c056c7c4e2f30f47d01ef7d1638706d9541ef4617ce95d8e170,3,11,30,ABC
b9a7cda3ec902c056c7c4e2f30f47d01ef7d1638706d9541ef4617ce95d8e170,3,23,1,ABC
b9a7cda3ec902c056c7c4e2f30f47d01ef7d1638706d9541ef4617ce95d8e170,3,23,2,ABE
b9a7cda3ec902c056c7c4e2f30f47d01ef7d1638706d9541ef4617ce95d8e170,3,23,3,ABC
b9a7cda3ec902c056c7c4e2f30f47d01ef7d1638706d9541ef4617ce95d8e170,3,23,4,ABE
b9a7cda3ec902c056c7c4e2f30f47d01ef7d1638706d9541ef4617ce95d8e170,3,23,5,ABC
b9a7cda3ec902c056c7c4e2f30f47d01ef7d1638706d9541ef4617ce95d8e170,3,23,6,ABD
b9a7cda3ec902c056c7c4e2f30f47d01ef7d1638706d9541ef4617ce95d8e170,3,23,7,ABE
b9a7cda3ec902c056c7c4e2f30f47d01ef7d1638706d9541ef4617ce95d8e170,3,23,8,ABC
b9a7cda3ec902c056c7c4e2f30f47d01ef7d1638706d9541ef4617ce95d8e170,3,23,9,ABD
b9a7cda3ec902c056c7c4e2f30f47d01ef7d1638706d9541ef4617ce95d8e170,3,23,10,ABE
b9a7cda3ec902c056c7c4e2f30f47d01ef7d1638706d9541ef4617ce95d8e170,3,23,11,ABD
b9a7cda3ec902c056c7c4e2f30f47d01ef7d1638706d9541ef4617ce95d8e170,3,23,12,ABE
b9a7cda3ec902c056c7c4e2f30f47d01ef7d1638706d9541ef4617ce95d8e170,3,23,13,ABC
b9a7cda3ec902c056c7c4e2f30f47d01ef7d1638706d9541ef4617ce95d8e170,3,23,14,ABD
b9a7cda3ec902c056c7c4e2f30f47d01ef7d1638706d9541ef4617ce95d8e170,3,23,15,ABC
b9a7cda3ec902c056c7c4e2f30f47d01ef7d1638706d9541ef4617ce95d8e170,3,23,16,ABD
b9a7cda3ec902c056c7c4e2f30f47d01ef7d1638706d9541ef4617ce95d8e170,3,23,17,ABC
b9a7cda3ec902c056c7c4e2f30f47d01ef7d1638706d9541ef4617ce95d8e170,3,23,18,ABE
b9a7cda3ec902c056c7c4e2f30f47d01ef7d1638706d9541ef4617ce95d8e170,3,23,19,ABD
b9a7cda3ec902c056c7c4e2f30f47d01ef7d1638706d9541ef4617ce95d8e170,3,23,20,ABC
b9a7cda3ec902c056c7c4e2f30f47d01ef7d1638706d9541ef4617ce95d8e170,3,23,21,ABE
b9a7cda3ec902c056c7c4e2f30f47d01ef7d1638706d9541ef4617ce95d8e170,3,23,22,ABC
b9a7cda3ec902c056c7c4e2f30f47d01ef7d1638706d9541ef4617ce95d8e170,3,23,23,ABE
b9a7cda3ec902c056c7c4e2f30f47d01ef7d1638706d9541ef4617ce95d8e170,3,23,24,ABC
b9a7cda3ec902c056c7c4e2f30f47d01ef7d1638706d9541ef4617ce95d8e170,3,23,25,ABD
b9a7cda3ec902c056c7c4e2f30f47d01ef7d1638706d9541ef4617ce95d8e170,3,23,26,ABE
b9a7cda3ec902c056c7c4e2f30f47d01ef7d1638706d9541ef4617ce95d8e170,3,23,27,ABD
b9a7cda3ec902c056c7c4e2f30f47d01ef7d1638706d9541ef4617ce95d8e170,3,23,28,ABE
b9a7cda3ec902c056c7c4e2f30f47d01ef7d1638706d9541ef4617ce95d8e170,3,23,29,ABD
b9a7cda3ec902c056c7c4e2f30f47d01ef7d1638706d9541ef4617ce95d8e170,3,23,30,ABD
b9a7cda3ec902c056c7c4e2f30f47d01ef7d1638706d9541ef4617ce95d8e170,3,37,1,ABC
b9a7cda3ec902c056c7c4e2f30f47d01ef7d1638706d9541ef4617ce95d8e170,3,37,2,ABE
b9a7cda3ec902c056c7c4e2f30f47d01ef7d1638706d9541ef4617ce95d8e170,3,37,3,ABD
b9a7cda3ec902c056c7c4e2f30f47d01ef7d1638706d9541ef4617ce95d8e170,3,37,4,ABE
b9a7cda3ec902c056c7c4e2f30f47d01ef7d1638706d9541ef4617ce95d8e170,3,37,5,ABC
b9a7cda3ec902c056c7c4e2f30f47d01ef7d1638706d9541ef4617ce95d8e170,3,37,6,ABD
b9a7cda3ec902c056c7c4e2f30f47d01ef7d1638706d9541ef4617ce95d8e170,3,37,7,ABE
b9a7cda3ec902c056c7c4e2f30f47d01ef7d1638706d9541ef4617ce95d8e170,3,37,8,ABD
b9a7cda3ec902c056c7c4e2f30f47d01ef7d1638706d9541ef4617ce95d8e170,3,37,9,ABC
b9a7cda3ec902c056c7c4e2f30f47d01ef7d1638706d9541ef4617ce95d8e170,3,37,10,ABD
b9a7cda3ec902c056c7c4e2f30f47d01ef7d1638706d9541ef4617ce95d8e170,3,37,11,ABE
b9a7cda3ec902c056c7c4e2f30f47d01ef7d1638706d9541ef4617ce95d8e170,3,37,12,ABC
b9a7cda3ec902c056c7c4e2f30f47d01ef7d1638706d9541ef4617ce95d8e170,3,37,13,ABE
b9a7cda3ec902c056c7c4e2f30f47d01ef7d1638706d9541ef4617ce95d8e170,3,37,14,ABD
b9a7cda3ec902c056c7c4e2f30f47d01ef7d1638706d9541ef4617ce95d8e170,3,37,15,ABC
b9a7cda3ec902c056c7c4e2f30f47d01ef7d1638706d9541ef4617ce95d8e170,3,37,16,ABD
b9a7cda3ec902c056c7c4e2f30f47d01ef7d1638706d9541ef4617ce95d8e170,3,37,17,ABC
b9a7cda3ec902c056c7c4e2f30f47d01ef7d1638706d9541ef4617ce95d8e170,3,37,18,ABD
b9a7cda3ec902c056c7c4e2f30f47d01ef7d1638706d9541ef4617ce95d8e170,3,37,19,ABE
b9a7cda3ec902c056c7c4e2f30f47d01ef7d1638706d9541ef4617ce95d8e170,3,37,20,ABC
b9a7cda3ec902c056c7c4e2f30f47d01ef7d1638706d9541ef4617ce95d8e170,3,37,21,ABE
b9a7cda3ec902c056c7c4e2f30f47d01ef7d1638706d9541ef4617ce95d8e170,3,37,22,ABD
b9a7cda3ec902c056c7c4e2f30f47d01ef7d1638706d9541ef4617ce95d8e170,3,37,23,ABE
b9a7cda3ec902c056c7c4e2f30f47d01ef7d1638706d9541ef4617ce95d8e170,3,37,24,ABD
b9a7cda3ec902c056c7c4e2f30f47d01ef7d1638706d9541ef4617ce95d8e170,3,37,25,ABE
b9a7cda3ec902c056c7c4e2f30f47d01ef7d1638706d9541ef4617ce95d8e170,3,37,26,ABC
b9a7cda3ec902c056c7c4e2f30f47d01ef7d1638706d9541ef4617ce95d8e170,3,37,27,ABD
b9a7cda3ec902c056c7c4e2f30f47d01ef7d1638706d9541ef4617ce95d8e170,3,37,28,ABC
b9a7cda3ec902c056c7c4e2f30f47d01ef7d1638706d9541ef4617ce95d8e170,3,37,29,ABE
b9a7cda3ec902c056c7c4e2f30f47d01ef7d1638706d9541ef4617ce95d8e170,3,37,30,ABC
b9a7cda3ec902c056c7c4e2f30f47d01ef7d1638706d9541ef4617ce95d8e170,3,41,1,ABD
b9a7cda3ec902c056c7c4e2f30f47d01ef7d1638706d9541ef4617ce95d8e170,3,41,2,ABE
b9a7cda3ec902c056c7c4e2f30f47d01ef7d1638706d9541ef4617ce95d8e170,3,41,3,ABD
b9a7cda3ec902c056c7c4e2f30f47d01ef7d1638706d9541ef4617ce95d8e170,3,41,4,ABE
b9a7cda3ec902c056c7c4e2f30f47d01ef7d1638706d9541ef4617ce95d8e170,3,41,5,ABD
b9a7cda3ec902c056c7c4e2f30f47d01ef7d1638706d9541ef4617ce95d8e170,3,41,6,ABC
b9a7cda3ec902c056c7c4e2f30f47d01ef7d1638706d9541ef4617ce95d8e170,3,41,7,ABD
b9a7cda3ec902c056c7c4e2f30f47d01ef7d1638706d9541ef4617ce95d8e170,3,41,8,ABE
b9a7cda3ec902c056c7c4e2f30f47d01ef7d1638706d9541ef4617ce95d8e170,3,41,9,ABC
b9a7cda3ec902c056c7c4e2f30f47d01ef7d1638706d9541ef4617ce95d8e170,3,41,10,ABE
b9a7cda3ec902c056c7c4e2f30f47d01ef7d1638706d9541ef4617ce95d8e170,3,41,11,ABC
b9a7cda3ec902c056c7c4e2f30f47d01ef7d1638706d9541ef4617ce95d8e170,3,41,12,ABD
b9a7cda3ec902c056c7c4e2f30f47d01ef7d1638706d9541ef4617ce95d8e170,3,41,13,ABE
b9a7cda3ec902c056c7c4e2f30f47d01ef7d1638706d9541ef4617ce95d8e170,3,41,14,ABD
b9a7cda3ec902c056c7c4e2f30f47d01ef7d1638706d9541ef4617ce95d8e170,3,41,15,ABE
b9a7cda3ec902c056c7c4e2f30f47d01ef7d1638706d9541ef4617ce95d8e170,3,41,16,ABD
b9a7cda3ec902c056c7c4e2f30f47d01ef7d1638706d9541ef4617ce95d8e170,3,41,17,ABC
b9a7cda3ec902c056c7c4e2f30f47d01ef7d1638706d9541ef4617ce95d8e170,3,41,18,ABD
b9a7cda3ec902c056c7c4e2f30f47d01ef7d1638706d9541ef4617ce95d8e170,3,41,19,ABE
b9a7cda3ec902c056c7c4e2f30f47d01ef7d1638706d9541ef4617ce95d8e170,3,41,20,ABD
b9a7cda3ec902c056c7c4e2f30f47d01ef7d1638706d9541ef4617ce95d8e170,3,41,21,ABE
b9a7cda3ec902c056c7c4e2f30f47d01ef7d1638706d9541ef4617ce95d8e170,3,41,22,ABD
b9a7cda3ec902c056c7c4e2f30f47d01ef7d1638706d9541ef4617ce95d8e170,3,41,23,ABC
b9a7cda3ec902c056c7c4e2f30f47d01ef7d1638706d9541ef4617ce95d8e170,3,41,24,ABE
b9a7cda3ec902c056c7c4e2f30f47d01ef7d1638706d9541ef4617ce95d8e170,3,41,25,ABC
b9a7cda3ec902c056c7c4e2f30f47d01ef7d1638706d9541ef4617ce95d8e170,3,41,26,ABE
b9a7cda3ec902c056c7c4e2f30f47d01ef7d1638706d9541ef4617ce95d8e170,3,41,27,ABC
b9a7cda3ec902c056c7c4e2f30f47d01ef7d1638706d9541ef4617ce95d8e170,3,41,28,ABC
b9a7cda3ec902c056c7c4e2f30f47d01ef7d1638706d9541ef4617ce95d8e170,3,41,29,ABC
b9a7cda3ec902c056c7c4e2f30f47d01ef7d1638706d9541ef4617ce95d8e170,3,41,30,ABC
b9a7cda3ec902c056c7c4e2f30f47d01ef7d1638706d9541ef4617ce95d8e170,3,53,1,ABE
b9a7cda3ec902c056c7c4e2f30f47d01ef7d1638706d9541ef4617ce95d8e170,3,53,2,ABC
b9a7cda3ec902c056c7c4e2f30f47d01ef7d1638706d9541ef4617ce95d8e170,3,53,3,ABE
b9a7cda3ec902c056c7c4e2f30f47d01ef7d1638706d9541ef4617ce95d8e170,3,53,4,ABD
b9a7cda3ec902c056c7c4e2f30f47d01ef7d1638706d9541ef4617ce95d8e170,3,53,5,ABE
b9a7cda3ec902c056c7c4e2f30f47d01ef7d1638706d9541ef4617ce95d8e170,3,53,6,ABC
b9a7cda3ec902c056c7c4e2f30f47d01ef7d1638706d9541ef4617ce95d8e170,3,53,7,ABE
b9a7cda3ec902c056c7c4e2f30f47d01ef7d1638706d9541ef4617ce95d8e170,3,53,8,ABD
b9a7cda3ec902c056c7c4e2f30f47d01ef7d1638706d9541ef4617ce95d8e170,3,53,9,ABC
b9a7cda3ec902c056c7c4e2f30f47d01ef7d1638706d9541ef4617ce95d8e170,3,53,10,ABD
b9a7cda3ec902c056c7c4e2f30f47d01ef7d1638706d9541ef4617ce95d8e170,3,53,11,ABC
b9a7cda3ec902c056c7c4e2f30f47d01ef7d1638706d9541ef4617ce95d8e170,3,53,12,ABE
b9a7cda3ec902c056c7c4e2f30f47d01ef7d1638706d9541ef4617ce95d8e170,3,53,13,ABD
b9a7cda3ec902c056c7c4e2f30f47d01ef7d1638706d9541ef4617ce95d8e170,3,53,14,ABE
b9a7cda3ec902c056c7c4e2f30f47d01ef7d1638706d9541ef4617ce95d8e170,3,53,15,ABC
b9a7cda3ec902c056c7c4e2f30f47d01ef7d1638706d9541ef4617ce95d8e170,3,53,16,ABE
b9a7cda3ec902c056c7c4e2f30f47d01ef7d1638706d9541ef4617ce95d8e170,3,53,17,ABD
b9a7cda3ec902c056c7c4e2f30f47d01ef7d1638706d9541ef4617ce95d8e170,3,53,18,ABE
b9a7cda3ec902c056c7c4e2f30f47d01ef7d1638706d9541ef4617ce95d8e170,3,53,19,ABD
b9a7cda3ec902c056c7c4e2f30f47d01ef7d1638706d9541ef4617ce95d8e170,3,53,20,ABE
b9a7cda3ec902c056c7c4e2f30f47d01ef7d1638706d9541ef4617ce95d8e170,3,53,21,ABD
b9a7cda3ec902c056c7c4e2f30f47d01ef7d1638706d9541ef4617ce95d8e170,3,53,22,ABC
b9a7cda3ec902c056c7c4e2f30f47d01ef7d1638706d9541ef4617ce95d8e170,3,53,23,ABE
b9a7cda3ec902c056c7c4e2f30f47d01ef7d1638706d9541ef4617ce95d8e170,3,53,24,ABC
b9a7cda3ec902c056c7c4e2f30f47d01ef7d1638706d9541ef4617ce95d8e170,3,53,25,ABD
b9a7cda3ec902c056c7c4e2f30f47d01ef7d1638706d9541ef4617ce95d8e170,3,53,26,ABC
b9a7cda3ec902c056c7c4e2f30f47d01ef7d1638706d9541ef4617ce95d8e170,3,53,27,ABD
b9a7cda3ec902c056c7c4e2f30f47d01ef7d1638706d9541ef4617ce95d8e170,3,53,28,ABC
b9a7cda3ec902c056c7c4e2f30f47d01ef7d1638706d9541ef4617ce95d8e170,3,53,29,ABD
b9a7cda3ec902c056c7c4e2f30f47d01ef7d1638706d9541ef4617ce95d8e170,3,53,30,ABC
b9a7cda3ec902c056c7c4e2f30f47d01ef7d1638706d9541ef4617ce95d8e170,3,67,1,ABE
b9a7cda3ec902c056c7c4e2f30f47d01ef7d1638706d9541ef4617ce95d8e170,3,67,2,ABC
b9a7cda3ec902c056c7c4e2f30f47d01ef7d1638706d9541ef4617ce95d8e170,3,67,3,ABE
b9a7cda3ec902c056c7c4e2f30f47d01ef7d1638706d9541ef4617ce95d8e170,3,67,4,ABC
b9a7cda3ec902c056c7c4e2f30f47d01ef7d1638706d9541ef4617ce95d8e170,3,67,5,ABD
b9a7cda3ec902c056c7c4e2f30f47d01ef7d1638706d9541ef4617ce95d8e170,3,67,6,ABE
b9a7cda3ec902c056c7c4e2f30f47d01ef7d1638706d9541ef4617ce95d8e170,3,67,7,ABD
b9a7cda3ec902c056c7c4e2f30f47d01ef7d1638706d9541ef4617ce95d8e170,3,67,8,ABC
b9a7cda3ec902c056c7c4e2f30f47d01ef7d1638706d9541ef4617ce95d8e170,3,67,9,ABE
b9a7cda3ec902c056c7c4e2f30f47d01ef7d1638706d9541ef4617ce95d8e170,3,67,10,ABD
b9a7cda3ec902c056c7c4e2f30f47d01ef7d1638706d9541ef4617ce95d8e170,3,67,11,ABE
b9a7cda3ec902c056c7c4e2f30f47d01ef7d1638706d9541ef4617ce95d8e170,3,67,12,ABC
b9a7cda3ec902c056c7c4e2f30f47d01ef7d1638706d9541ef4617ce95d8e170,3,67,13,ABE
b9a7cda3ec902c056c7c4e2f30f47d01ef7d1638706d9541ef4617ce95d8e170,3,67,14,ABC
b9a7cda3ec902c056c7c4e2f30f47d01ef7d1638706d9541ef4617ce95d8e170,3,67,15,ABD
b9a7cda3ec902c056c7c4e2f30f47d01ef7d1638706d9541ef4617ce95d8e170,3,67,16,ABC
b9a7cda3ec902c056c7c4e2f30f47d01ef7d1638706d9541ef4617ce95d8e170,3,67,17,ABD
b9a7cda3ec902c056c7c4e2f30f47d01ef7d1638706d9541ef4617ce95d8e170,3,67,18,ABC
b9a7cda3ec902c056c7c4e2f30f47d01ef7d1638706d9541ef4617ce95d8e170,3,67,19,ABD
b9a7cda3ec902c056c7c4e2f30f47d01ef7d1638706d9541ef4617ce95d8e170,3,67,20,ABE
b9a7cda3ec902c056c7c4e2f30f47d01ef7d1638706d9541ef4617ce95d8e170,3,67,21,ABD
b9a7cda3ec902c056c7c4e2f30f47d01ef7d1638706d9541ef4617ce95d8e170,3,67,22,ABC
b9a7cda3ec902c056c7c4e2f30f47d01ef7d1638706d9541ef4617ce95d8e170,3,67,23,ABD
b9a7cda3ec902c056c7c4e2f30f47d01ef7d1638706d9541ef4617ce95d8e170,3,67,24,ABC
b9a7cda3ec902c056c7c4e2f30f47d01ef7d1638706d9541ef4617ce95d8e170,3,67,25,ABE
b9a7cda3ec902c056c7c4e2f30f47d01ef7d1638706d9541ef4617ce95d8e170,3,67,26,ABD
b9a7cda3ec902c056c7c4e2f30f47d01ef7d1638706d9541ef4617ce95d8e170,3,67,27,ABE
b9a7cda3ec902c056c7c4e2f30f47d01ef7d1638706d9541ef4617ce95d8e170,3,67,28,ABD
b9a7cda3ec902c056c7c4e2f30f47d01ef7d1638706d9541ef4617ce95d8e170,3,67,29,ABE
b9a7cda3ec902c056c7c4e2f30f47d01ef7d1638706d9541ef4617ce95d8e170,3,67,30,ABC
b9a7cda3ec902c056c7c4e2f30f47d01ef7d1638706d9541ef4617ce95d8e170,3,79,1,ABC
b9a7cda3ec902c056c7c4e2f30f47d01ef7d1638706d9541ef4617ce95d8e170,3,79,2,ABE
b9a7cda3ec902c056c7c4e2f30f47d01ef7d1638706d9541ef4617ce95d8e170,3,79,3,ABD
b9a7cda3ec902c056c7c4e2f30f47d01ef7d1638706d9541ef4617ce95d8e170,3,79,4,ABC
b9a7cda3ec902c056c7c4e2f30f47d01ef7d1638706d9541ef4617ce95d8e170,3,79,5,ABE
b9a7cda3ec902c056c7c4e2f30f47d01ef7d1638706d9541ef4617ce95d8e170,3,79,6,ABD
b9a7cda3ec902c056c7c4e2f30f47d01ef7d1638706d9541ef4617ce95d8e170,3,79,7,ABC
b9a7cda3ec902c056c7c4e2f30f47d01ef7d1638706d9541ef4617ce95d8e170,3,79,8,ABD
b9a7cda3ec902c056c7c4e2f30f47d01ef7d1638706d9541ef4617ce95d8e170,3,79,9,ABE
b9a7cda3ec902c056c7c4e2f30f47d01ef7d1638706d9541ef4617ce95d8e170,3,79,10,ABC
b9a7cda3ec902c056c7c4e2f30f47d01ef7d1638706d9541ef4617ce95d8e170,3,79,11,ABE
b9a7cda3ec902c056c7c4e2f30f47d01ef7d1638706d9541ef4617ce95d8e170,3,79,12,ABC
b9a7cda3ec902c056c7c4e2f30f47d01ef7d1638706d9541ef4617ce95d8e170,3,79,13,ABD
b9a7cda3ec902c056c7c4e2f30f47d01ef7d1638706d9541ef4617ce95d8e170,3,79,14,ABC
b9a7cda3ec902c056c7c4e2f30f47d01ef7d1638706d9541ef4617ce95d8e170,3,79,15,ABE
b9a7cda3ec902c056c7c4e2f30f47d01ef7d1638706d9541ef4617ce95d8e170,3,79,16,ABC
b9a7cda3ec902c056c7c4e2f30f47d01ef7d1638706d9541ef4617ce95d8e170,3,79,17,ABE
b9a7cda3ec902c056c7c4e2f30f47d01ef7d1638706d9541ef4617ce95d8e170,3,79,18,ABC
b9a7cda3ec902c056c7c4e2f30f47d01ef7d1638706d9541ef4617ce95d8e170,3,79,19,ABE
b9a7cda3ec902c056c7c4e2f30f47d01ef7d1638706d9541ef4617ce95d8e170,3,79,20,ABD
b9a7cda3ec902c056c7c4e2f30f47d01ef7d1638706d9541ef4617ce95d8e170,3,79,21,ABE
b9a7cda3ec902c056c7c4e2f30f47d01ef7d1638706d9541ef4617ce95d8e170,3,79,22,ABD
b9a7cda3ec902c056c7c4e2f30f47d01ef7d1638706d9541ef4617ce95d8e170,3,79,23,ABE
b9a7cda3ec902c056c7c4e2f30f47d01ef7d1638706d9541ef4617ce95d8e170,3,79,24,ABD
b9a7cda3ec902c056c7c4e2f30f47d01ef7d1638706d9541ef4617ce95d8e170,3,79,25,ABC
b9a7cda3ec902c056c7c4e2f30f47d01ef7d1638706d9541ef4617ce95d8e170,3,79,26,ABD
b9a7cda3ec902c056c7c4e2f30f47d01ef7d1638706d9541ef4617ce95d8e170,3,79,27,ABE
b9a7cda3ec902c056c7c4e2f30f47d01ef7d1638706d9541ef4617ce95d8e170,3,79,28,ABC
b9a7cda3ec902c056c7c4e2f30f47d01ef7d1638706d9541ef4617ce95d8e170,3,79,29,ABD
b9a7cda3ec902c056c7c4e2f30f47d01ef7d1638706d9541ef4617ce95d8e170,3,79,30,ABD
b9a7cda3ec902c056c7c4e2f30f47d01ef7d1638706d9541ef4617ce95d8e170,3,97,1,ABC
b9a7cda3ec902c056c7c4e2f30f47d01ef7d1638706d9541ef4617ce95d8e170,3,97,2,ABE
b9a7cda3ec902c056c7c4e2f30f47d01ef7d1638706d9541ef4617ce95d8e170,3,97,3,ABC
b9a7cda3ec902c056c7c4e2f30f47d01ef7d1638706d9541ef4617ce95d8e170,3,97,4,ABD
b9a7cda3ec902c056c7c4e2f30f47d01ef7d1638706d9541ef4617ce95d8e170,3,97,5,ABE
b9a7cda3ec902c056c7c4e2f30f47d01ef7d1638706d9541ef4617ce95d8e170,3,97,6,ABD
b9a7cda3ec902c056c7c4e2f30f47d01ef7d1638706d9541ef4617ce95d8e170,3,97,7,ABE
b9a7cda3ec902c056c7c4e2f30f47d01ef7d1638706d9541ef4617ce95d8e170,3,97,8,ABD
b9a7cda3ec902c056c7c4e2f30f47d01ef7d1638706d9541ef4617ce95d8e170,3,97,9,ABE
b9a7cda3ec902c056c7c4e2f30f47d01ef7d1638706d9541ef4617ce95d8e170,3,97,10,ABC
b9a7cda3ec902c056c7c4e2f30f47d01ef7d1638706d9541ef4617ce95d8e170,3,97,11,ABE
b9a7cda3ec902c056c7c4e2f30f47d01ef7d1638706d9541ef4617ce95d8e170,3,97,12,ABD
b9a7cda3ec902c056c7c4e2f30f47d01ef7d1638706d9541ef4617ce95d8e170,3,97,13,ABC
b9a7cda3ec902c056c7c4e2f30f47d01ef7d1638706d9541ef4617ce95d8e170,3,97,14,ABD
b9a7cda3ec902c056c7c4e2f30f47d01ef7d1638706d9541ef4617ce95d8e170,3,97,15,ABE
b9a7cda3ec902c056c7c4e2f30f47d01ef7d1638706d9541ef4617ce95d8e170,3,97,16,ABC
b9a7cda3ec902c056c7c4e2f30f47d01ef7d1638706d9541ef4617ce95d8e170,3,97,17,ABD
b9a7cda3ec902c056c7c4e2f30f47d01ef7d1638706d9541ef4617ce95d8e170,3,97,18,ABC
b9a7cda3ec902c056c7c4e2f30f47d01ef7d1638706d9541ef4617ce95d8e170,3,97,19,ABE
b9a7cda3ec902c056c7c4e2f30f47d01ef7d1638706d9541ef4617ce95d8e170,3,97,20,ABD
b9a7cda3ec902c056c7c4e2f30f47d01ef7d1638706d9541ef4617ce95d8e170,3,97,21,ABC
b9a7cda3ec902c056c7c4e2f30f47d01ef7d1638706d9541ef4617ce95d8e170,3,97,22,ABE
b9a7cda3ec902c056c7c4e2f30f47d01ef7d1638706d9541ef4617ce95d8e170,3,97,23,ABC
b9a7cda3ec902c056c7c4e2f30f47d01ef7d1638706d9541ef4617ce95d8e170,3,97,24,ABD
b9a7cda3ec902c056c7c4e2f30f47d01ef7d1638706d9541ef4617ce95d8e170,3,97,25,ABC
b9a7cda3ec902c056c7c4e2f30f47d01ef7d1638706d9541ef4617ce95d8e170,3,97,26,ABD
b9a7cda3ec902c056c7c4e2f30f47d01ef7d1638706d9541ef4617ce95d8e170,3,97,27,ABE
b9a7cda3ec902c056c7c4e2f30f47d01ef7d1638706d9541ef4617ce95d8e170,3,97,28,ABD
b9a7cda3ec902c056c7c4e2f30f47d01ef7d1638706d9541ef4617ce95d8e170,3,97,29,ABC
b9a7cda3ec902c056c7c4e2f30f47d01ef7d1638706d9541ef4617ce95d8e170,3,97,30,ABE
