preset,plasticity,n_fig,seed,w_ff,w_gg,w_fg,w_ff_over_gg,assembly_drive,E_fig_figure,E_fig_cloud,E_gnd_figure,E_gnd_cloud,tm_fig_figure,tm_fig_cloud,tm_gnd_figure,tm_gnd_cloud,rec_fig_figure,rec_fig_cloud,rec_gnd_figure,rec_gnd_cloud,inh_fig_figure,inh_fig_cloud,inh_gnd_figure,inh_gnd_cloud,net_fig_figure,net_fig_cloud,net_gnd_figure,net_gnd_cloud
selective,plastic,4,0,0.012349963852061168,0.00787200080970556,0.007390987142872812,1.5688468726825626,0.037049891556183503,2.62455557338118,2.5399555944789993,2.4100812264438174,2.5133800005369955,6.901619169907524,7.167048820375665,6.880714152629119,7.139678954881539,0.21540428094401168,0.18795876905571277,0.19095143514322782,0.192057621773796,3.3933064519580114,3.809223774374522,3.7081135957860347,3.808144661553812,3.723716998893523,3.545783815056855,3.363551991986312,3.5235919151015245
selective,plastic,4,1,0.012931921231888507,0.00785167015701064,0.007360118111196502,1.6470280810690685,0.03879576369566552,2.914912999671745,2.406274204136335,2.3622532624650985,2.5379568655627915,7.115311228325826,6.976354368137587,6.773373396585465,7.1816983238855725,0.23927053719527092,0.18955674102761302,0.1852188153852123,0.19226956160432365,3.4090115035272763,3.811142931660008,3.6600393658625476,3.816831668086887,3.9455702619938204,3.3547681775051914,3.29855284610813,3.5571362174030083
selective,plastic,4,2,0.01252413338853819,0.00783456401304439,0.007399372829000933,1.5985743900599652,0.03757240016561457,2.764927672847891,2.5291543880221465,2.408506390030089,2.5092245757008165,7.153783272779702,7.140611662957956,6.882656363415142,7.1343877074692115,0.22443198971924705,0.19287910582414672,0.1873115145749203,0.19093569783720957,3.323866303012044,3.803805013996528,3.7018635434681757,3.807786225893836,4.054348959486906,3.529685754785574,3.3681043345218873,3.5175371794125843
selective,plastic,4,3,0.012542547819424777,0.007845241101293416,0.007412201780598383,1.5987459986866348,0.03762764345827433,2.8182189760052796,2.485157873368432,2.415140066257126,2.5135686837775797,7.3265421045705335,7.101635814488226,6.922533180075701,7.130333562996282,0.22834654463657703,0.19399055711711827,0.1896715792757967,0.19131846895689436,3.349187697259039,3.810558976974157,3.719331335801628,3.8042595541116846,4.205700951948071,3.4850673946311863,3.3928734235498696,3.517392477841489
selective,plastic,4,4,0.0120706961031303,0.00786260553538114,0.007355356977544989,1.5352030632610354,0.0362120883093909,2.502778611731014,2.629620689977126,2.484312876239046,2.4881431456236873,6.891185249135566,7.271446556790741,7.012739448888844,7.089272225970795,0.2164214740238279,0.19694064384230117,0.19172189827734812,0.1899738901782493,3.447373236326082,3.8010378606457538,3.7187005096497474,3.791577006457564,3.660233486833312,3.6673493399872896,3.485760837516446,3.487669109691481
selective,plastic,4,5,0.013311469813397855,0.007867060752361531,0.007288570440282077,1.6920512288407108,0.039934409440193566,3.0121950820944248,2.3502813107137936,2.344759557257837,2.549776433526215,7.418840527003262,6.896465403191796,6.744258534693772,7.20836814412512,0.24499228495802167,0.19323690271682953,0.18535632226745338,0.19314529002043307,3.390231039427159,3.8218376408742616,3.675092685614345,3.8211914731320014,4.273601772534124,3.2678646650343643,3.2545221713468804,3.580321961013553
selective,plastic,4,6,0.013224921863890205,0.007864677208544073,0.0073830318439608396,1.6815593969353044,0.039674765591670616,2.55491291370082,2.460544702190091,2.372540738195005,2.5280947231522197,6.189713452523039,7.044282509331241,6.829890174184501,7.1657842681545985,0.2174693857855738,0.18921794192277094,0.18594250902589787,0.1925375534036254,3.366524220353677,3.8050249973021493,3.702103977061558,3.813462803436083,3.040658617954935,3.428475453951863,3.3137287061488414,3.5448590181221418
selective,plastic,4,7,0.012562226215842125,0.00784741632929283,0.007362743576092771,1.6008104691667568,0.037686678647526374,2.7660115585609564,2.4923356628301163,2.4110052167924385,2.50971050408436,7.2340006045918575,7.102839628955254,6.845929417093883,7.12249751635662,0.22441397722800044,0.18983901839402081,0.18678357476583032,0.1913907395689488,3.3313444796231306,3.799771871913925,3.693237045353846,3.798279675963215,4.127070102196728,3.492906775435351,3.3394759465058677,3.515608579962354
selective,plastic,6,0,0.01297176833297815,0.008108905073314356,0.0069402439141427715,1.5996941899920645,0.06485884166489075,2.7871461095280248,2.5534411330707263,2.4061485896470485,2.500504034409813,6.893149351214289,7.1966827625313,6.960014887028883,7.109037351155751,0.256328828736259,0.18835378709497091,0.21147459964844323,0.1933539060582746,3.200820523551976,3.8024499795208895,3.8346724622833235,3.799744329414145,3.9486576563985727,3.582586570105382,3.3368170243940027,3.502646927799881
selective,plastic,6,1,0.013748343944541146,0.008067639215085444,0.0068593374070949524,1.704134701367597,0.06874171972270574,3.0970393519984167,2.408651578593388,2.3232403192027213,2.552967945487444,7.106242000181379,6.994928073544796,6.7550107841961005,7.212614142739939,0.29314343163986384,0.1915905526548334,0.2028097218381717,0.19398128989112495,3.219823005541417,3.8208880077672243,3.7113707800935942,3.8284097535578367,4.179562426279826,3.3656306184324065,3.2464497259406797,3.5781856790732265
selective,plastic,6,2,0.013318266237967759,0.008017488376705432,0.006943757392248455,1.661151923420753,0.06659133118983879,2.963984941719991,2.5255427173037015,2.383356588958679,2.5046000753659614,7.1487434281063,7.142172050945644,6.875412405417268,7.1246511403024915,0.27798903098209865,0.19320717591846323,0.20054546300894732,0.19144637289057626,3.099754000267369,3.8039559917163333,3.792535918687727,3.8049903909482348,4.32697845882103,3.5314232351477735,3.283421949738487,3.5111071222448316
selective,plastic,6,3,0.013294238762916827,0.008045830245865103,0.006964522491167967,1.6523141001823864,0.06647119381458413,2.9693114925425785,2.497449335884667,2.401668548400345,2.5108647128855037,7.297469143550354,7.128859481809637,6.984381532992913,7.121499772552734,0.274957244573175,0.19390558813897224,0.20988269664490752,0.19223180069677331,3.1574101348948496,3.81120674258703,3.824637093960118,3.8021714550413224,4.41501625322868,3.5115583273615796,3.3696271356777032,3.5115601182081853
selective,plastic,6,4,0.012950795181355832,0.008098949000118538,0.006909532854031461,1.5990710870220668,0.06475397590677916,2.7404908288341963,2.629210401767346,2.510105506353652,2.4687511483189972,6.943197547661094,7.276528697338459,7.078043394915028,7.049143338054743,0.2497502562303891,0.19313444125289275,0.2167115733032196,0.19136314682450004,3.1921014329928092,3.7883099845119093,3.823700594549499,3.7817702761200556,4.000846370898675,3.6813531540794435,3.4710543736687476,3.458736208759189
selective,plastic,6,5,0.014197577180074755,0.0080517858202694,0.006785516603492257,1.7632830153447532,0.07098788590037378,3.2039674149134463,2.351739588404757,2.265830441231274,2.565047220253811,7.4063713436772485,6.918943500763943,6.692435799985219,7.233441578254573,0.30047986486436273,0.18902102973766405,0.19914792243293816,0.19494891789960697,3.1635525156638202,3.8271780408764493,3.778277795600507,3.8267408243419503,4.543298692877794,3.2807864896251586,3.1133059268176497,3.60164967181223
selective,plastic,6,6,0.014209951968617704,0.008013997389928243,0.006922135550539853,1.7731415768211198,0.07104975984308852,2.73869642001648,2.462315826129203,2.2852225718427586,2.5362813169431124,6.197502491254756,7.066119506979769,6.7322997056388285,7.183488858674994,0.2703007830474168,0.19159765353412658,0.1939034214008792,0.1934124898604348,3.1782998713530657,3.80968027719286,3.7874490296195815,3.8219801789947185,3.2895034029491073,3.448036883321034,3.1387540974201262,3.554921169540711
selective,plastic,6,7,0.013414562875545516,0.008016358773565936,0.006940623765372354,1.6733985160170524,0.06707281437772758,2.968590125953196,2.4973791390847353,2.363731860043049,2.512581821733737,7.212875459979222,7.102454011509555,6.774698632909825,7.13364226495861,0.27726137986514465,0.19103226485558905,0.20001457910078022,0.1924194135795888,3.083727716377662,3.7979409317526893,3.762519178445646,3.805665849554328,4.406409123466705,3.4955453446124545,3.2121940335649577,3.5203958289838697
selective,plastic,8,0,0.013837010332359859,0.008730412863702425,0.006106858165102985,1.5849205012844958,0.09685907232651901,2.994798866620286,2.545681229671202,2.3673722333617264,2.494366337365128,6.901755437120246,7.192112045025749,7.030177284372125,7.0922197827121325,0.3140024096154982,0.18344274947397832,0.2675860020229411,0.19811460225083524,2.9704040701084184,3.801572287849729,4.071097063273402,3.797206953181741,4.245353776627325,3.573982506649999,3.2266662231216627,3.493127431781226
selective,plastic,8,1,0.015006719279199165,0.00861629112574211,0.0059530305315038876,1.741668086674202,0.10504703495439416,3.3627257307460696,2.3947058242944257,2.1937586512934755,2.5866934429567805,7.088215587906559,6.9977228958431965,6.603621433251687,7.283509536286116,0.3792946608442656,0.18380609910873008,0.2580362709213764,0.20034487020483932,2.91896218821501,3.8438096526114798,3.8797799452583526,3.8551975574363233,4.548548060535814,3.3377193423404448,2.9818777589147105,3.6286568490546336
selective,plastic,8,2,0.014773597538484255,0.00855193411029396,0.00601542895511765,1.7275153606131366,0.10341518276938978,3.2547446682889283,2.536795930762016,2.265297419838577,2.4948482120982534,7.130431233795591,7.171321963448074,6.927960599981157,7.102561296877006,0.3623607232499937,0.18514011195240404,0.2520300745845837,0.1951183866666259,2.737720442576453,3.8013541303903096,4.13597630612598,3.8021421081298747,4.755071514469132,3.5551079450101675,3.0440143684397603,3.4955375754137576
selective,plastic,8,3,0.01461701499857529,0.008634417913641735,0.006065689462841729,1.6928778691012278,0.10231910499002703,3.233656186895191,2.502804956318298,2.3435825396651526,2.5091355863489193,7.265893096717349,7.139422601338273,7.14359177704917,7.1137544198873055,0.35478121654038874,0.18405338579678898,0.2771989434020238,0.1978524526591172,2.818551379509777,3.8052645189419545,4.148947796466156,3.803743145337293,4.80212293374796,3.5182114681931096,3.2718429239850364,3.5078637272091306
selective,plastic,8,4,0.013864374571666534,0.008731147291662257,0.006117883677142157,1.5879212786739052,0.09705062200166574,2.924126847476435,2.6413745914379985,2.505552674823903,2.4484597685058263,6.918528499947063,7.305103752605321,7.141525804771717,7.008483325040092,0.3068277683084935,0.1906851975487843,0.28529719439953805,0.19546451964688089,2.959099546896597,3.7880029271898588,4.068027025791148,3.7761601790198336,4.266256721358958,3.707786022964247,3.35879597338011,3.4277876656671404
selective,plastic,8,5,0.015458553477710326,0.008541010208549978,0.005890350265653096,1.8099209695634766,0.10820987434397228,3.455187195051413,2.349864893035865,2.116507950534742,2.584992304368918,7.4040510553741665,6.944405491037363,6.595876686470966,7.262435541724946,0.39990349912654255,0.17792187908200563,0.23606482242563714,0.20026715907641862,2.908463160034408,3.8311978631619263,4.016050660335765,3.8351071516103383,4.895491394466301,3.291129506957444,2.8158908485608376,3.6275955491910254
selective,plastic,8,6,0.01596972714313758,0.00849447794640522,0.005926090887983699,1.8800127852348847,0.11178809000196308,3.0527411880436968,2.457344891214164,2.0015351909831858,2.543139481432821,6.196897058469752,7.081342872691086,6.372581145532268,7.190356045911754,0.36899550442312523,0.1802106807472454,0.2279282581517473,0.19819286146134432,2.8276468615332337,3.817652186385465,4.1161242436868095,3.8250345282189144,3.7382457013596437,3.4439013670528675,2.484385159997207,3.563514379154183
selective,plastic,8,7,0.014931438121886322,0.008512596455008887,0.006029696089882513,1.754040403630379,0.10452006685320425,3.269342544799288,2.497462506576267,2.1159704854409593,2.5109073866602105,7.21252114316554,7.1239985036088935,6.369603706763473,7.124856541172018,0.36660401080770494,0.18126472231794166,0.2451811404167903,0.1965064987769635,2.7299233671043144,3.798203933058118,4.095763648451814,3.806378223236611,4.849201786868928,3.5070592928687168,2.519021198728451,3.5149848167123716
selective,plastic,10,0,0.013276667938941444,0.008850045493201264,0.006075004818384621,1.500180756035749,0.119490011450473,2.913716921536293,2.5493469443009924,2.4040227493652413,2.4909172186405133,6.893564623516037,7.195532785008105,7.027345364582279,7.092093471104732,0.36298480173572967,0.19167409933469798,0.25813455423798704,0.1965832943461317,3.176932303382172,3.8063732884542283,3.9890106962235072,3.8014039054396527,4.079617121869595,3.580833595888574,3.296469222596758,3.4872728600112124
selective,plastic,10,1,0.01435869516286042,0.008729514381888424,0.005940881068594352,1.6448446654319224,0.1292282564657438,3.28568944884478,2.403351060655092,2.2150299505243964,2.5886646886807636,7.094317816452067,6.995526022145794,6.612811778456328,7.282530205758429,0.4399659689521918,0.19339632693105874,0.24764551981268448,0.19833358450179303,3.1674971800142853,3.838573648067386,3.8246651616691123,3.8483559435603576,4.366786605389974,3.3503487010094672,3.0357921365998983,3.6325078466998653
selective,plastic,10,2,0.01407720923087982,0.00868565184826118,0.005984350987468606,1.6207429766711179,0.12669488307791837,3.1655818418982986,2.534262908862731,2.297583060057803,2.4937405954990632,7.136471304761075,7.17042605287404,6.922203252524969,7.103527908054119,0.4159581938645528,0.19384340342653117,0.2437719568277362,0.19396796894872662,2.983944766455823,3.8093197044884106,4.058560761496652,3.80469002043784,4.568484732169805,3.5549497518121607,3.1074144478560526,3.492805856565005
selective,plastic,10,3,0.013989023858215334,0.00873716094177948,0.006053892575871141,1.601094903874601,0.125901214723938,3.1619506404876825,2.510005445022611,2.37258926965365,2.5058995459103857,7.259231592637076,7.142531646111469,7.143136280440723,7.112364495958788,0.41190600846575914,0.19329536512405016,0.266189025952261,0.1960152649695389,3.0308316071934245,3.810247266513597,4.076381207797336,3.8054262355135373,4.6403059939094105,3.5255797447219237,3.332944098595648,3.5029535254147897
selective,plastic,10,4,0.013218153648033611,0.008856207244928343,0.006083199172566553,1.4925298474246085,0.1189633828323025,2.8537665096402387,2.6315933172982797,2.5357154170450693,2.4433797058563624,6.922768610633095,7.302875802630926,7.1388079280081795,7.008753254586587,0.3535207749424861,0.19786806660059067,0.27459374400140363,0.1936922166438111,3.157558165922611,3.802937361502985,3.9899722929697403,3.7833706511533785,4.118731219652971,3.697806507728534,3.4234293790398427,3.4190748200770207
selective,plastic,10,5,0.014676520400328899,0.008657781778131047,0.005892224797711012,1.6951825278619017,0.13208868360296008,3.3478514888000115,2.3650589050170034,2.142439954100971,2.58921720202254,7.380208161225194,6.955908475750505,6.5943332826291385,7.262028643916645,0.45694287912765974,0.18855317763080656,0.22684965452686426,0.19851228256235187,3.16412442360135,3.8286984350924684,3.949120751709944,3.8280500998086557,4.673026616751504,3.315763218288842,2.872062185446058,3.632490826670341
selective,plastic,10,6,0.015118148791734263,0.008629380319417117,0.005906343662038213,1.7519391001595626,0.13606333912560836,2.9453023018548796,2.461000631917057,2.0389740138973402,2.5448864473904385,6.206763641750394,7.087087264036152,6.372001559729444,7.188795775988157,0.4178046167133413,0.1904227810767161,0.22286118214276432,0.19721931019492986,3.1233559414191925,3.8220398039007017,4.039491894688624,3.822456568867903,3.5012123170445415,3.455470241212167,2.5553708471835854,3.563558517315182
selective,plastic,10,7,0.014239638854212217,0.008635641880745497,0.006004730961184569,1.6489380929472888,0.12815674968790997,3.1953890479789426,2.49645414225371,2.1461939339822367,2.51136030006814,7.216929093315291,7.1145368799783055,6.368889722397155,7.1281582916884885,0.42378824865674886,0.1906724047497702,0.23590175659841664,0.1953414426261642,2.9565644072631745,3.802736039915115,4.017784110747812,3.807606851196958,4.684152934708864,3.502473244812961,2.5870073682477597,3.515892883117695
selective,frozen,4,0,0.0,0.0,0.0,nan,0.0,2.546425756519608,2.484657875486037,2.354216804081915,2.455584182586561,6.901619169907524,7.167048820375665,6.880714152629119,7.139678954881539,0.0,0.0,0.0,0.0,3.3065495471673962,3.707398254879417,3.6041254197826142,3.706117838282361,3.5950696227401275,3.459650565496248,3.276588732846504,3.4335611165991784
selective,frozen,4,1,0.0,0.0,0.0,nan,0.0,2.818872131162843,2.350435092642526,2.308983845696331,2.480114166280785,7.115311228325826,6.976354368137587,6.773373396585465,7.1816983238855725,0.0,0.0,0.0,0.0,3.3204260099116834,3.7095149958337275,3.557569164520789,3.7148790395826388,3.7948852184141426,3.266839372303859,3.2158042320646762,3.4668192843029324
selective,frozen,4,2,0.0,0.0,0.0,nan,0.0,2.6808928724451184,2.470862827415521,2.354277538370634,2.4521117626209548,7.153783272779702,7.140611662957956,6.882656363415142,7.1343877074692115,0.0,0.0,0.0,0.0,3.239572592702455,3.7024148006138398,3.599075204750027,3.7061141150784445,3.9142106800772485,3.4381968623441153,3.2835811586651156,3.4282735923907675
selective,frozen,4,3,0.0,0.0,0.0,nan,0.0,2.7321639657639025,2.426527809697196,2.3600868325814988,2.4561720967733374,7.3265421045705335,7.101635814488226,6.922533180075701,7.130333562996282,0.0,0.0,0.0,0.0,3.2643114469013232,3.7082422316922568,3.6163912713288573,3.7024378365509163,4.062230657669209,3.393393582795968,3.306141908746843,3.4278957264453647
selective,frozen,4,4,0.0,0.0,0.0,nan,0.0,2.4236944334703034,2.5682360183606097,2.4275400022447826,2.4315048891804434,6.891185249135566,7.271446556790741,7.012739448888844,7.089272225970795,0.0,0.0,0.0,0.0,3.357034296637506,3.6996693811412102,3.6156900075458673,3.69021885013571,3.5341509524980603,3.571777175649531,3.3970494413429777,3.3990533758350834
selective,frozen,4,5,0.0,0.0,0.0,nan,0.0,2.916301441882097,2.292281822744345,2.291704619550861,2.4916328202682374,7.418840527003262,6.896465403191796,6.744258534693772,7.20836814412512,0.0,0.0,0.0,0.0,3.301828112348845,3.7187671299176883,3.5721028761091147,3.7188093492379637,4.117012414654416,3.1776982732741077,3.1721556585846575,3.489558794887158
selective,frozen,4,6,0.0,0.0,0.0,nan,0.0,2.4681561577925004,2.404696089987929,2.3196724466613707,2.47015629303021,6.189713452523039,7.044282509331241,6.829890174184501,7.1657842681545985,0.0,0.0,0.0,0.0,3.2757310877733103,3.703108804079207,3.597819644233246,3.7112397890418074,2.913982364749728,3.341173705252035,3.2320705299512555,3.454544479112792
selective,frozen,4,7,0.0,0.0,0.0,nan,0.0,2.6818945136333547,2.435596854692373,2.3567067599627185,2.4521578263766624,7.2340006045918575,7.102839628955254,6.845929417093883,7.12249751635662,0.0,0.0,0.0,0.0,3.2481088448749444,3.6983805840027424,3.5912000635339596,3.6966667946622893,3.985891759716913,3.404459044952511,3.2547293535599247,3.4258307216943313
selective,frozen,6,0,0.0,0.0,0.0,nan,0.0,2.687475329677212,2.498585865923702,2.3463253488544913,2.442231844281035,6.893149351214289,7.1966827625313,6.960014887028883,7.109037351155751,0.0,0.0,0.0,0.0,3.112993866411925,3.6998299558150736,3.7137956126087395,3.6971214116864046,3.780155484802364,3.496852806716227,3.2462192744201444,3.4119159394693463
selective,frozen,6,1,0.0,0.0,0.0,nan,0.0,2.9707549158901108,2.3521299032574863,2.2672335210173746,2.4946441855734403,7.106242000181379,6.994928073544796,6.7550107841961005,7.212614142739939,0.0,0.0,0.0,0.0,3.1273754229112685,3.718359329996076,3.5941904165226966,3.7254296311137525,3.978866577270111,3.27656874354872,3.1608203676734057,3.487184511626187
selective,frozen,6,2,0.0,0.0,0.0,nan,0.0,2.850196479547038,2.4674924559650657,2.3283276873062415,2.4474241097364606,7.1487434281063,7.142172050945644,6.875412405417268,7.1246511403024915,0.0,0.0,0.0,0.0,3.0139953729751974,3.701754611988053,3.676761626389235,3.7028930758568186,4.134748055131102,3.4404174389575912,3.1986507790280325,3.421758064445671
selective,frozen,6,3,0.0,0.0,0.0,nan,0.0,2.8601902476654386,2.4393392362168673,2.3428455340371213,2.4532632066981757,7.297469143550354,7.128859481809637,6.984381532992913,7.121499772552734,0.0,0.0,0.0,0.0,3.0694497746070555,3.708451362235826,3.7070687005824245,3.6997126247483036,4.228019368943299,3.4204081195738105,3.2773128324104883,3.4217871478044293
selective,frozen,6,4,0.0,0.0,0.0,nan,0.0,2.646887802904759,2.5707992442928105,2.4458228924188306,2.4116477366149294,6.943197547661094,7.276528697338459,7.078043394915028,7.049143338054743,0.0,0.0,0.0,0.0,3.0995724493411396,3.686434550192037,3.70438015730618,3.6797253703404067,3.8436250983199556,3.5900941471464236,3.3736632376088473,3.3694179677143374
selective,frozen,6,5,0.0,0.0,0.0,nan,0.0,3.0788351183078855,2.296947681780032,2.212864309623874,2.506080640667199,7.4063713436772485,6.918943500763943,6.692435799985219,7.233441578254573,0.0,0.0,0.0,0.0,3.071505724304689,3.724039977229316,3.6603009319333024,3.723771352243438,4.334865619372562,3.1949035235346273,3.0321348680519153,3.509670226011136
selective,frozen,6,6,0.0,0.0,0.0,nan,0.0,2.617027290417217,2.40536391993836,2.235331927018836,2.4781943887706173,6.197502491254756,7.066119506979769,6.7322997056388285,7.183488858674994,0.0,0.0,0.0,0.0,3.0796406186195098,3.7072787962988913,3.6696555211224675,3.719088387572344,3.1178618726352454,3.3588407106808766,3.062644184516361,3.4644004711026497
selective,frozen,6,7,0.0,0.0,0.0,nan,0.0,2.8550512189321915,2.4403296977839313,2.30890310747245,2.4548163964753806,7.212875459979222,7.102454011509555,6.774698632909825,7.13364226495861,0.0,0.0,0.0,0.0,2.9997230307329756,3.6962110032791564,3.646852680325156,3.7033485197649263,4.213152429246248,3.406243008230399,3.127845952584667,3.4302937451936826
selective,frozen,8,0,0.0,0.0,0.0,nan,0.0,2.8756730541098476,2.495074004070109,2.2917010349340865,2.433917355262872,6.901755437120246,7.192112045025749,7.030177284372125,7.0922197827121325,0.0,0.0,0.0,0.0,2.86378441808833,3.697595467979645,3.914793247085882,3.6930467068221953,4.037971019031915,3.4945165770461046,3.115384037286243,3.399173075889938
selective,frozen,8,1,0.0,0.0,0.0,nan,0.0,3.1994002191199002,2.34438759684052,2.122063112813359,2.525548392587081,7.088215587906559,6.9977228958431965,6.603621433251687,7.283509536286116,0.0,0.0,0.0,0.0,2.804393879023427,3.7395473782587643,3.726680855355442,3.7501391117735645,4.283821708883131,3.2581755175844314,2.876940577896244,3.5333704245125532
selective,frozen,8,2,0.0,0.0,0.0,nan,0.0,3.10770737831573,2.484539762310026,2.198252509302763,2.435852469461813,7.130431233795591,7.171321963448074,6.927960599981157,7.102561296877006,0.0,0.0,0.0,0.0,2.63209102143802,3.6986045329458612,3.984385989425771,3.6990595289452655,4.498340212357571,3.4727174305022133,2.943574610555386,3.4035017679317408
selective,frozen,8,3,0.0,0.0,0.0,nan,0.0,3.0952046133761235,2.452000928259291,2.2649888743230844,2.4488861485148794,7.265893096717349,7.139422601338273,7.14359177704917,7.1137544198873055,0.0,0.0,0.0,0.0,2.7093177485210083,3.701480915643072,3.9905273834189225,3.6995453255700355,4.55657534819634,3.4379416856952028,3.1530643936302463,3.414209094317271
selective,frozen,8,4,0.0,0.0,0.0,nan,0.0,2.813876900569343,2.585976636178343,2.415763027433713,2.3898029316484806,6.918528499947063,7.305103752605321,7.141525804771717,7.008483325040092,0.0,0.0,0.0,0.0,2.8434524239076806,3.684358640358807,3.9109019819328408,3.6723169379044345,4.075076076039381,3.620745112246513,3.230623822838878,3.33616638713566
selective,frozen,8,5,0.0,0.0,0.0,nan,0.0,3.2868674987899453,2.3028625229226583,2.0578959044236753,2.523198619715032,7.4040510553741665,6.944405491037363,6.595876686470966,7.262435541724946,0.0,0.0,0.0,0.0,2.791445253581114,3.727564398324727,3.8674940100674333,3.7310382437162146,4.612605801793054,3.216841092712638,2.728382676403532,3.5313972980087316
selective,frozen,8,6,0.0,0.0,0.0,nan,0.0,2.8795666481924034,2.4084752828564215,1.9483177460028103,2.4824564773970677,6.196897058469752,7.081342872691086,6.372581145532268,7.190356045911754,0.0,0.0,0.0,0.0,2.6979286080762934,3.714524899569912,3.96528994164384,3.721177071145058,3.498968450393458,3.366817973121176,2.4072912038884295,3.469178974766696
selective,frozen,8,7,0.0,0.0,0.0,nan,0.0,3.1195201636314227,2.4474241009399824,2.0497079279089374,2.4509520203086117,7.21252114316554,7.1239985036088935,6.369603706763473,7.124856541172018,0.0,0.0,0.0,0.0,2.625938197499038,3.695835175204197,3.9422654960020025,3.7031649262932156,4.5865829456665015,3.4281633284046946,2.427338210761471,3.421691614878802
selective,frozen,10,0,0.0,0.0,0.0,nan,0.0,2.772902245831991,2.493809773843342,2.33331551358487,2.4316459709217346,6.893564623516037,7.195532785008105,7.027345364582279,7.092093471104732,0.0,0.0,0.0,0.0,3.053415918438133,3.7017613038645187,3.8370912285513805,3.6969866687358257,3.8401487050779046,3.493771481143585,3.190254136030899,3.3951068023689075
selective,frozen,10,1,0.0,0.0,0.0,nan,0.0,3.094153018105977,2.3470350869550485,2.150609672940008,2.5289843477585077,7.094317816452067,6.995526022145794,6.612811778456328,7.282530205758429,0.0,0.0,0.0,0.0,3.029351740458153,3.7337316996950483,3.6740671475931252,3.7431178679005774,4.064966075993915,3.2617943224507457,2.9387446308632015,3.539412337857852
selective,frozen,10,2,0.0,0.0,0.0,nan,0.0,2.996444948993059,2.476954376036054,2.235772626116586,2.435920799869395,7.136471304761075,7.17042605287404,6.922203252524969,7.103527908054119,0.0,0.0,0.0,0.0,2.856467707564406,3.705508558764957,3.909236386981913,3.701028264638763,4.280003597196671,3.464917494109083,3.0129668655430564,3.4024996434153545
selective,frozen,10,3,0.0,0.0,0.0,nan,0.0,2.9966701637643185,2.4535004137502936,2.300819296816676,2.4470942204392045,7.259231592637076,7.142531646111469,7.143136280440723,7.112364495958788,0.0,0.0,0.0,0.0,2.9038326991321517,3.7057281284303025,3.9213233368996137,3.700926306128477,4.355398893504926,3.4368035176811693,3.221812943541111,3.411438189830311
selective,frozen,10,4,0.0,0.0,0.0,nan,0.0,2.7211101337858,2.5720762698805117,2.4524083575438897,2.3860616426574777,6.922768610633095,7.302875802630926,7.1388079280081795,7.008753254586587,0.0,0.0,0.0,0.0,3.026779331880421,3.698333637990033,3.8370479843702014,3.6793366282089837,3.895989278752675,3.604542164640894,3.301759943637979,3.329416626377604
selective,frozen,10,5,0.0,0.0,0.0,nan,0.0,3.155582984485942,2.311587857256924,2.089663334682244,2.5286927510915227,7.380208161225194,6.955908475750505,6.5943332826291385,7.262028643916645,0.0,0.0,0.0,0.0,3.0226200161039,3.7243073232695587,3.8033452447028764,3.723801048900099,4.357588145121294,3.2316011524809456,2.790988037926261,3.5382275950165463
selective,frozen,10,6,0.0,0.0,0.0,nan,0.0,2.7540850571220985,2.406119433118371,1.9893019893284056,2.485274988809059,6.206763641750394,7.087087264036152,6.372001559729444,7.188795775988157,0.0,0.0,0.0,0.0,2.9620485953585822,3.717711743832134,3.8907017845258167,3.7179997912432183,3.2447150463918097,3.3693755202040188,2.481299775203628,3.470795984744936
selective,frozen,10,7,0.0,0.0,0.0,nan,0.0,3.020187885035452,2.4410683658825265,2.0860252935550045,2.4524973111006236,7.216929093315291,7.1145368799783055,6.368889722397155,7.1281582916884885,0.0,0.0,0.0,0.0,2.8324986769478766,3.6992687669424504,3.8677509287383196,3.703868224648839,4.384430416367414,3.4152681130358546,2.501138793658835,3.4242900670396503
uniform,plastic,4,0,0.012488312510314613,0.007948762442724504,0.007472842254713285,1.5711014891060375,0.03746493753094384,2.6347048247456053,2.5471874362793008,2.4155992480874877,2.51926199990358,6.901619169907524,7.167048820375665,6.880714152629119,7.139678954881539,0.21887877198027783,0.19094698107655433,0.19373430667929195,0.1949133808098193,3.370315427038547,3.788769948431677,3.6905503171810876,3.7895658658969724,3.7501825148492545,3.569225853020542,3.383898142127323,3.5450264697943887
uniform,plastic,4,1,0.013078325726815955,0.007929266240015276,0.007439819971216445,1.6493740191010107,0.03923497718044786,2.9269552927265647,2.410977055735237,2.3673262185438597,2.544286068715232,7.115311228325826,6.976354368137587,6.773373396585465,7.1816983238855725,0.24322493758502686,0.19257901498640384,0.18793625242630083,0.1951405851655072,3.3797142786057646,3.7949756898513973,3.64325000922915,3.7975741694007845,3.978821887305088,3.373957693272594,3.3180596397826165,3.579264739650294
uniform,plastic,4,2,0.01268082644441962,0.007911231393757278,0.007484470217525757,1.602889084299318,0.03804247933325886,2.7776769598410334,2.5363200204696463,2.4139417537586696,2.515118864635386,7.153783272779702,7.140611662957956,6.882656363415142,7.1343877074692115,0.22837918722109546,0.19608549972386727,0.19009838377034532,0.19377493324327819,3.2962953273721984,3.783450965619757,3.684551754512549,3.7892045628989273,4.0858671326286,3.5532461970620646,3.3882029926729387,3.5389580778135623
uniform,plastic,4,3,0.012677290519640949,0.007923088177287539,0.00749312472512793,1.600044103507757,0.03803187155892285,2.8269353357146394,2.492142795880844,2.4208846973716076,2.519685915425069,7.3265421045705335,7.101635814488226,6.922533180075701,7.130333562996282,0.23190894329064782,0.1971017894492215,0.19249157139057213,0.1941874681759747,3.326806707749095,3.7910766626691688,3.7017433529511763,3.785374957731649,4.231644340112085,3.507660941268278,3.413281398515095,3.5391460734406066
uniform,plastic,4,4,0.012227232344869186,0.007940040250215595,0.007438911621755141,1.5399458893847775,0.03668169703460756,2.5104217551888217,2.639024717814117,2.4904148741295153,2.4937629230502423,6.891185249135566,7.271446556790741,7.012739448888844,7.089272225970795,0.22008256068142468,0.20024281829281515,0.19459625125505142,0.19280894049839722,3.429632590302966,3.7768276672874874,3.7001015174453054,3.773555314512322,3.681635219514025,3.6948617077960693,3.5072341826985913,3.5085258519568705
uniform,plastic,4,5,0.01348276504877497,0.007944671041406403,0.007368554353625892,1.6970828595048018,0.040448295146324906,3.0281926684677773,2.3540560509744846,2.3494500627502393,2.5562708634342473,7.418840527003262,6.896465403191796,6.744258534693772,7.20836814412512,0.2493564657980373,0.19639231721251507,0.18807982380484528,0.19603848372223706,3.355616996952765,3.807702710575537,3.6589381599507305,3.801678086608585,4.312579995848532,3.2851550098287747,3.273400198547886,3.602728541238773
uniform,plastic,4,6,0.013403388228116866,0.007941863809528068,0.007466265349434457,1.6876879973736718,0.0402101646843506,2.5713784548753944,2.4667043325021987,2.3774790726706527,2.534170935257487,6.189713452523039,7.044282509331241,6.829890174184501,7.1657842681545985,0.22159525173197925,0.19240522223105824,0.18868168851957368,0.19541170973432093,3.3290065466486625,3.7865340809853514,3.685568673550038,3.7945965299317486,3.0823021576063554,3.4501536505769486,3.333003189154037,3.5665994479571723
uniform,plastic,4,7,0.012715277643001982,0.007924553083217926,0.007444528858025952,1.6045419229924174,0.038145832929005946,2.7739544559133904,2.4982578796786603,2.416204125666798,2.5158939924411694,7.2340006045918575,7.102839628955254,6.845929417093883,7.12249751635662,0.22803087498173713,0.1929068212637695,0.18955484448982524,0.19425771374499995,3.310359902304562,3.7815544478108416,3.6759500578631674,3.7793512125426467,4.151671577269034,3.514192002408182,3.359534203720542,3.5374040175589725
uniform,plastic,6,0,0.013137596440300518,0.008182761339380638,0.0070202557064377395,1.605521155441021,0.06568798220150258,2.8028591750793916,2.5611115128482393,2.410592939673378,2.506209524277105,6.893149351214289,7.1966827625313,6.960014887028883,7.109037351155751,0.2610349472184252,0.1914605143513606,0.2143308532875475,0.19616512789074436,3.1702206829493234,3.781411631951675,3.8191119620491056,3.781437627299879,3.983963615483392,3.606731644930987,3.3552337782673254,3.5237648517466162
uniform,plastic,6,1,0.01392724870590415,0.008143034351985446,0.006935549300416835,1.7103266551378835,0.06963624352952075,3.114877294566549,2.413221676197944,2.326823381799433,2.5594291525488515,7.106242000181379,6.994928073544796,6.7550107841961005,7.212614142739939,0.29862724030517285,0.19469078986471783,0.20556507983457797,0.1968241956500895,3.1828308459800243,3.805062987238646,3.6973566629049763,3.8088433292524577,4.222038394506528,3.384555876170869,3.263219201125704,3.600595009137571
uniform,plastic,6,2,0.013509393611728265,0.008091390507750915,0.00702575319790449,1.6696009911754142,0.06754696805864133,2.983278885283392,2.532751366728064,2.3874504355862958,2.510408013195552,7.1487434281063,7.142172050945644,6.875412405417268,7.1246511403024915,0.28366499294391945,0.19657387588000758,0.20331509296606742,0.19423335746794618,3.063406317149755,3.783734618332032,3.777112741728751,3.7865170946847564,4.369002103900466,3.5550113084936186,3.301614756654584,3.53236740308568
uniform,plastic,6,3,0.013461582250035669,0.008121397855621975,0.007044076879221069,1.6575449804761127,0.06730791125017835,2.9832147974105387,2.5045339320527065,2.4067383542692773,2.5168432787215536,7.297469143550354,7.128859481809637,6.984381532992913,7.121499772552734,0.279776373491325,0.1971144096028968,0.2128269151199657,0.19506317609534002,3.12778329194687,3.7915952432530586,3.808518759208259,3.783446891015269,4.44946222509481,3.534378648159474,3.38868968890462,3.5331160576328053
uniform,plastic,6,4,0.013143129328820873,0.008173983947192239,0.006991702574995221,1.6079220871647948,0.06571564664410437,2.755152804128339,2.638645293397587,2.5155337452796815,2.474054373466001,6.943197547661094,7.276528697338459,7.078043394915028,7.049143338054743,0.25466685671344685,0.19653546875445033,0.21978578861362275,0.19416622442443657,3.164220998847522,3.7643002521250417,3.8062974799906626,3.7642693209758797,4.03364340552702,3.708763913967868,3.491531703537988,3.4790402415033013
uniform,plastic,6,5,0.01440632015646634,0.00812690206605256,0.006861297861559862,1.7726705747623033,0.0720316007823317,3.2260878835488866,2.355520511604092,2.2686454013683566,2.5716990068515204,7.4063713436772485,6.918943500763943,6.692435799985219,7.233441578254573,0.30670458104613907,0.19218476298318293,0.20179163329233374,0.19781086288476143,3.1207865655753744,3.813053393216329,3.7651600149028055,3.8068758402991145,4.592289359148015,3.2980748705307983,3.1290674183747464,3.6243766008402205
uniform,plastic,6,6,0.014428112777286912,0.00808799630193408,0.0070030548691557394,1.7838921085852526,0.07214056388643456,2.7619054698843954,2.4684198617303497,2.2887369006995613,2.542363466591028,6.197502491254756,7.066119506979769,6.7322997056388285,7.183488858674994,0.2764631287062353,0.19504565731843088,0.19654104332082586,0.1962337906518437,3.1325768159722474,3.791632243293723,3.773150750159027,3.802996105890054,3.341388803988744,3.4695329210044767,3.1556899988006273,3.5767265434367834
uniform,plastic,6,7,0.01360278962768957,0.008090936102151544,0.007020663563986302,1.6812380490895622,0.06801394813844784,2.9830461777853805,2.503738412212721,2.3677131872211206,2.518711140794306,7.212875459979222,7.102454011509555,6.774698632909825,7.13364226495861,0.2824621987565914,0.1943069657651232,0.2028122869496191,0.19524786675494446,3.0536924645267254,3.779221738278305,3.747184873096926,3.786765383332645,4.44164519420909,3.5175392389963727,3.2303260467625163,3.542124748380909
uniform,plastic,8,0,0.014046381479358291,0.008799687115528743,0.0061739295957665774,1.5962364678365375,0.09832467035550804,3.0187114945571665,2.5532175167599145,2.3689146078317256,2.4999434647738488,6.901755437120246,7.192112045025749,7.030177284372125,7.0922197827121325,0.3211393646777766,0.1863735100482758,0.270515754689704,0.20089024063834077,2.929583570692301,3.78058735609701,4.060252552129932,3.779069128235748,4.29331123110572,3.5978981989770156,3.240440486931896,3.514040895114725
uniform,plastic,8,1,0.015244914616839304,0.00868727961067363,0.006013541481127827,1.7548548337397396,0.10671440231787513,3.3901441512902286,2.3985487818033535,2.1930859088879786,2.5934471450087075,7.088215587906559,6.9977228958431965,6.603621433251687,7.283509536286116,0.38822716848519234,0.1865961251586729,0.2606716571072143,0.20319370318422642,2.869968846126633,3.828720137153538,3.872391137026365,3.835061207871244,4.6064739102651195,3.3555988838483293,2.991901953332536,3.6516420315991
uniform,plastic,8,2,0.015032751128427998,0.00861980760686382,0.00608205477675074,1.7439775705037373,0.10522925789899598,3.283844261980651,2.54405003218621,2.2655119376926964,2.5005237766200574,7.130431233795591,7.171321963448074,6.927960599981157,7.102561296877006,0.37177174623237164,0.18829945234597045,0.25462682435404493,0.19786301348205748,2.688702249428354,3.780852146258636,4.126695832766482,3.7838624485735166,4.81350073059961,3.578769269535408,3.0558915915687193,3.516561861785547
uniform,plastic,8,3,0.014849493088430579,0.008704811157642461,0.006131945459674732,1.7058949148360723,0.10394645161901406,3.256617165430476,2.5096910308731837,2.344879703005188,2.5150315059657338,7.265893096717349,7.139422601338273,7.14359177704917,7.1137544198873055,0.3627742933574879,0.18702652323950503,0.280235631576047,0.20067367412770692,2.776824343193658,3.785576498269605,4.139588500681361,3.7851357148021405,4.851843046881179,3.540872626308174,3.2842389079438545,3.5292923792128725
uniform,plastic,8,4,0.014103314580412729,0.008803280908057496,0.0061874340928278135,1.602052090318304,0.0987232020628891,2.9463315793016536,2.6509852669288163,2.5087347961654083,2.45337312838797,6.918528499947063,7.305103752605321,7.141525804771717,7.008483325040092,0.314265100936969,0.19402692448679396,0.28864623691946706,0.19824785770354364,2.921760854256074,3.7636447050908464,4.054569771072134,3.759317711364838,4.311032746627957,3.7354859720012685,3.3756022706190523,3.4474134713787996
uniform,plastic,8,5,0.015729293775588116,0.008610790931410695,0.0059503108365670295,1.8266955847470803,0.11010505642911682,3.486242111469692,2.3531673287641857,2.115227487659063,2.591958749715215,7.4040510553741665,6.944405491037363,6.595876686470966,7.262435541724946,0.4103096562788311,0.1806666459120744,0.23827475746266832,0.20313807694096336,2.8553815567981653,3.8174547936246706,4.008484462614325,3.814651241067714,4.958979154854833,3.3076173433247695,2.8256669813193094,3.650922377598195
uniform,plastic,8,6,0.01626693069047536,0.008561986004045306,0.005989538197270867,1.899901574563387,0.11386851483332752,3.0882792062941062,2.462994076449354,2.001533284086309,2.5493411964605746,6.196897058469752,7.081342872691086,6.372581145532268,7.190356045911754,0.3799944811272481,0.1833045371170938,0.23021396479432332,0.20100495765156037,2.768720577279805,3.799986940019933,4.106465808805501,3.805820066783152,3.8081709623171953,3.464660469788247,2.496329301521091,3.5855409367801614
uniform,plastic,8,7,0.015191862709674226,0.008581274221549256,0.006094816332754262,1.770350453493782,0.10634303896771959,3.2939923023654862,2.5036108056278037,2.1161659494441536,2.5170539784847965,7.21252114316554,7.1239985036088935,6.369603706763473,7.124856541172018,0.3755742375662927,0.18431011439818187,0.24764041084999952,0.1993057007066436,2.686512155599381,3.779563365646915,4.084302237726358,3.787425168671697,4.901583225132452,3.528745252360159,2.5329418798871153,3.5367370732069636
uniform,plastic,10,0,0.013457095811047069,0.008921851165714787,0.006140536794600746,1.5083300047371877,0.12111386229942361,2.9345196962792057,2.55694945301659,2.406126153290346,2.4963532474647776,6.893564623516037,7.195532785008105,7.027345364582279,7.092093471104732,0.3704118042741033,0.19478252044456607,0.26106895831667865,0.1993492225877201,3.141345944486785,3.785422048701862,3.9769511861251012,3.7834806695810834,4.122630483303355,3.6048932567508083,3.3114631367738574,3.5079620241113703
uniform,plastic,10,1,0.014564097111875597,0.008803295834340048,0.006000742981325274,1.654391421797245,0.13107687400688037,3.3104833678457983,2.407447494469107,2.2145425734881474,2.595551903176868,7.094317816452067,6.995526022145794,6.612811778456328,7.282530205758429,0.44941986401162937,0.19643743558590218,0.2502333591307361,0.20116893102489813,3.123795629289985,3.8233080621188575,3.816597053897609,3.8280103431130725,4.419942051173712,3.368655395612838,3.046448083689454,3.6556887936702553
uniform,plastic,10,2,0.014298678847563272,0.008756647889852016,0.006049231028738435,1.6328941196932054,0.12868810962806945,3.191604985238345,2.541568956302868,2.2983786279198553,2.499309344149739,7.136471304761075,7.17042605287404,6.922203252524969,7.103527908054119,0.4257626967167618,0.19720310264270602,0.24640034577847741,0.1967092673167799,2.941013004964527,3.7889598121257215,4.04809885469472,3.7865695258592025,4.621220996513311,3.5786693433910246,3.1205047436087283,3.513667649511696
uniform,plastic,10,3,0.01418976983073887,0.008810196021473286,0.006118615644242385,1.6106077317864245,0.12770792847664983,3.1827512819453014,2.5169130757029166,2.374330767634503,2.5117470040195453,7.259231592637076,7.142531646111469,7.143136280440723,7.112364495958788,0.42037730561995845,0.1964787727445148,0.2692005733425394,0.1988220418677622,2.993783903888317,3.790625471168743,4.0659881995609615,3.786902356709844,4.685824994368717,3.548384947687242,3.3463486542223015,3.5242841811167067
uniform,plastic,10,4,0.013423605054349084,0.00893129980174146,0.006150459149174957,1.5029844874014526,0.12081244548914176,2.8735518607183304,2.6409077064586755,2.5393680388388575,2.4480900771286107,6.922768610633095,7.302875802630926,7.1388079280081795,7.008753254586587,0.3613198175610466,0.20134219894710276,0.2779195402017719,0.19646151383972166,3.1249878798250723,3.7792015820226483,3.975375887588528,3.7668439561896427,4.15910054836907,3.7250164195553808,3.441351580621423,3.4383708122366663
uniform,plastic,10,5,0.014905359574097572,0.008731119469641916,0.005951310622467172,1.707153318188289,0.13414823616687815,3.375315052865073,2.3687358983010673,2.1415607079692487,2.5963234565843503,7.380208161225194,6.955908475750505,6.5943332826291385,7.262028643916645,0.46765417231982565,0.19159162589109602,0.2290869897950457,0.20137833921999898,3.1178686427629074,3.814566138941707,3.9406896485996428,3.807362232640049,4.729993690782112,3.332933962699893,2.8827306238245405,3.6560447504965956
uniform,plastic,10,6,0.015369595863459885,0.008700286027897375,0.005968454257705065,1.7665621353341072,0.13832636277113897,2.9759756817605743,2.466822923314206,2.039589672133131,2.5510898713871737,6.206763641750394,7.087087264036152,6.372001559729444,7.188795775988157,0.42897193214845986,0.1937566815173365,0.22521130055702412,0.2000354409520671,3.0729806783577334,3.804431932055499,4.028633762146834,3.8031955476579946,3.5627548955411186,3.4764120134979897,2.5685790981396344,3.5856356692822273
uniform,plastic,10,7,0.014461942422920327,0.0087076100328811,0.006068157601367508,1.660839468959921,0.13015748180628295,3.2174325083215662,2.5027311481164,2.1469251818291064,2.517488181012209,7.216929093315291,7.1145368799783055,6.368889722397155,7.1281582916884885,0.43317125723518646,0.1939297115643765,0.23837736861645015,0.19814221411958002,2.918432289295918,3.784071519070803,4.005109981416827,3.7886959241995504,4.731668061254558,3.5243950724718784,2.602157109596779,3.5376045816085187
uniform,frozen,4,0,0.0,0.0,0.0,nan,0.0,2.5550054392294346,2.491072194180702,2.3590519588453724,2.4607082585429767,6.901619169907524,7.167048820375665,6.880714152629119,7.139678954881539,0.0,0.0,0.0,0.0,3.2830259184657193,3.6855196197279425,3.585108875282844,3.686156967455054,3.6185932514418035,3.481529200647722,3.295605277346275,3.4535219874264866
uniform,frozen,4,1,0.0,0.0,0.0,nan,0.0,2.8289548797013992,2.3542868194915663,2.3134447671772467,2.485676013676803,7.115311228325826,6.976354368137587,6.773373396585465,7.1816983238855725,0.0,0.0,0.0,0.0,3.2908942694555505,3.691908993956809,3.539287457278101,3.6942218070322617,3.8244169588702754,3.284445374180777,3.234085939307365,3.4874765168533104
uniform,frozen,4,2,0.0,0.0,0.0,nan,0.0,2.691752398519917,2.477015330025621,2.359070257834719,2.4572636474833383,7.153783272779702,7.140611662957956,6.882656363415142,7.1343877074692115,0.0,0.0,0.0,0.0,3.2117083612039345,3.680743238274286,3.580238684504136,3.6861252618955724,3.942074911575768,3.4598684246836684,3.302417678911006,3.44826244557364
uniform,frozen,4,3,0.0,0.0,0.0,nan,0.0,2.7393328597949256,2.4325410717566625,2.365154680501131,2.461532434152249,7.3265421045705335,7.101635814488226,6.922533180075701,7.130333562996282,0.0,0.0,0.0,0.0,3.24150220065601,3.687429220009574,3.597319180277786,3.682155611784502,4.085039903914523,3.4142065944786517,3.3252139997979135,3.448177951211779
uniform,frozen,4,4,0.0,0.0,0.0,nan,0.0,2.4297019236783646,2.5764814095783954,2.4329294276132654,2.436400700861195,6.891185249135566,7.271446556790741,7.012739448888844,7.089272225970795,0.0,0.0,0.0,0.0,3.3386940199680994,3.6742696469912977,3.5956004609321917,3.6707761091642306,3.5524912291674666,3.597176909799444,3.4171389879566525,3.418496116806564
uniform,frozen,4,5,0.0,0.0,0.0,nan,0.0,2.9300493657486797,2.2951395886184995,2.295817121194431,2.4973570215267293,7.418840527003262,6.896465403191796,6.744258534693772,7.20836814412512,0.0,0.0,0.0,0.0,3.2671700059063307,3.7031938867665586,3.55441074174144,3.6978890421469464,4.15167052109693,3.193271516425237,3.189847792952331,3.5104791019781736
uniform,frozen,4,6,0.0,0.0,0.0,nan,0.0,2.4821536877096153,2.4098880445333704,2.3240353475971114,2.4754720762164704,6.189713452523039,7.044282509331241,6.829890174184501,7.1657842681545985,0.0,0.0,0.0,0.0,3.2383354168222893,3.6832079628255014,3.5796925719817536,3.690973115599303,2.9513780357007486,3.3610745465057414,3.2501976022027477,3.474811152555297
uniform,frozen,4,7,0.0,0.0,0.0,nan,0.0,2.6882576847856408,2.440648998890852,2.3612819930239937,2.4575734335584287,7.2340006045918575,7.102839628955254,6.845929417093883,7.12249751635662,0.0,0.0,0.0,0.0,3.2266998150792947,3.678739728466435,3.5723996997012897,3.6763524457299765,4.007300789512563,3.4240999004888186,3.273529717392594,3.4461450706266428
uniform,frozen,6,0,0.0,0.0,0.0,nan,0.0,2.700737229885438,2.505378217467713,2.350230946416502,2.447195841641763,6.893149351214289,7.1966827625313,6.960014887028883,7.109037351155751,0.0,0.0,0.0,0.0,3.0823474491542275,3.6773490981782175,3.6965079801160607,3.6774383004281717,3.8108019020600623,3.5193336643530833,3.2635069069128235,3.4315990507275798
uniform,frozen,6,1,0.0,0.0,0.0,nan,0.0,2.9855040485306334,2.3558138486024456,2.270420824739321,2.5003528673791813,7.106242000181379,6.994928073544796,6.7550107841961005,7.212614142739939,0.0,0.0,0.0,0.0,3.0907739300620762,3.701102207781145,3.5783487417128192,3.7044596904320115,4.0154680701193035,3.2938258657636523,3.176662042483283,3.5081544523079273
uniform,frozen,6,2,0.0,0.0,0.0,nan,0.0,2.86633535542043,2.473592568545583,2.3320452216180754,2.4525254100408036,7.1487434281063,7.142172050945644,6.875412405417268,7.1246511403024915,0.0,0.0,0.0,0.0,2.9780431057951255,3.680206096686438,3.659480331752974,3.68300744237283,4.170700322311173,3.461965954259205,3.2159320736642925,3.4416436979296607
uniform,frozen,6,3,0.0,0.0,0.0,nan,0.0,2.871713930107156,2.445410378403843,2.347357699753796,2.458516511415332,7.297469143550354,7.128859481809637,6.984381532992913,7.121499772552734,0.0,0.0,0.0,0.0,3.0398703140206553,3.6875037785040816,3.689197198833174,3.6795739901601245,4.257598829529698,3.441355703305554,3.295184334159739,3.441925782392608
uniform,frozen,6,4,0.0,0.0,0.0,nan,0.0,2.659209118217691,2.579071510602735,2.4505920219720925,2.4162593889743467,6.943197547661094,7.276528697338459,7.078043394915028,7.049143338054743,0.0,0.0,0.0,0.0,3.0713056554728095,3.6611291656901606,3.6852574977288475,3.6607897347733656,3.8718918921882857,3.615399531648299,3.3927858971861804,3.3883536032813786
uniform,frozen,6,5,0.0,0.0,0.0,nan,0.0,3.0974479093942993,2.299861831710486,2.2154300573123655,2.511970214399996,7.4063713436772485,6.918943500763943,6.692435799985219,7.233441578254573,0.0,0.0,0.0,0.0,3.0292595787195014,3.708397164118955,3.645262954906716,3.7025188586009525,4.377111764957748,3.210546336644989,3.047172845078502,3.5309227196536206
uniform,frozen,6,6,0.0,0.0,0.0,nan,0.0,2.636008814715535,2.4103259903209904,2.238608948060423,2.483560571715685,6.197502491254756,7.066119506979769,6.7322997056388285,7.183488858674994,0.0,0.0,0.0,0.0,3.034674016291457,3.687839575257942,3.6533727941793943,3.698688176710769,3.1628284749632987,3.3782799317218264,3.0789269114594346,3.484800681964225
uniform,frozen,6,7,0.0,0.0,0.0,nan,0.0,2.866805614717724,2.44567445735884,2.3125071031532074,2.4602095130486936,7.212875459979222,7.102454011509555,6.774698632909825,7.13364226495861,0.0,0.0,0.0,0.0,2.969890612990022,3.676081352952365,3.629636889114115,3.6830438674419668,4.242984846989202,3.426372658557189,3.145061743795709,3.450598397516642
uniform,frozen,8,0,0.0,0.0,0.0,nan,0.0,2.896023208597281,2.50191638475071,2.2929487650209155,2.4387407100560337,6.901755437120246,7.192112045025749,7.030177284372125,7.0922197827121325,0.0,0.0,0.0,0.0,2.822670174898619,3.6750530439978837,3.9018923129426653,3.6736006747508214,4.079085262221627,3.517059001027866,3.1282849714294585,3.4186191079613115
uniform,frozen,8,1,0.0,0.0,0.0,nan,0.0,3.2220221989984923,2.3476654020056267,2.121449904362,2.5315060061584904,7.088215587906559,6.9977228958431965,6.603621433251687,7.283509536286116,0.0,0.0,0.0,0.0,2.7556550218271054,3.7228305410698836,3.717074180910397,3.7286660722045397,4.332560566079453,3.2748923547733115,2.8865472523412894,3.554843464081577
uniform,frozen,8,2,0.0,0.0,0.0,nan,0.0,3.1319663149539108,2.4909176859179163,2.1985854459859606,2.4408102015740187,7.130431233795591,7.171321963448074,6.927960599981157,7.102561296877006,0.0,0.0,0.0,0.0,2.5831633359434165,3.676603876060349,3.972831375047624,3.679433679042172,4.547267897852175,3.4947180873877244,2.955129224933532,3.4231276178348344
uniform,frozen,8,3,0.0,0.0,0.0,nan,0.0,3.114418495690336,2.4581579524062427,2.266061123387849,2.454028887306152,7.265893096717349,7.139422601338273,7.14359177704917,7.1137544198873055,0.0,0.0,0.0,0.0,2.6673739383276684,3.6802395399459087,3.9789949256882062,3.6795882260022266,4.5985191583896805,3.4591830613923675,3.164596851360964,3.43416619388508
uniform,frozen,8,4,0.0,0.0,0.0,nan,0.0,2.8326899049153664,2.594555865524778,2.4183926075890425,2.3940372234000433,6.918528499947063,7.305103752605321,7.141525804771717,7.008483325040092,0.0,0.0,0.0,0.0,2.805286732846082,3.658572897569126,3.895456542380818,3.6540400448140162,4.11324176710098,3.6465308550361946,3.2460692623909018,3.3544432802260773
uniform,frozen,8,5,0.0,0.0,0.0,nan,0.0,3.3122987806606,2.3056939494183286,2.0570384284910963,2.5293380468834163,7.4040510553741665,6.944405491037363,6.595876686470966,7.262435541724946,0.0,0.0,0.0,0.0,2.7387020822349646,3.7120938123394183,3.8576261641910166,3.7092968403726565,4.665348973139201,3.232311678697947,2.738250522279949,3.553138701352288
uniform,frozen,8,6,0.0,0.0,0.0,nan,0.0,2.9079725480812684,2.413364288553713,1.948586892537092,2.487895762315981,6.196897058469752,7.081342872691086,6.372581145532268,7.190356045911754,0.0,0.0,0.0,0.0,2.6393124596988025,3.695226169025576,3.9533702090153944,3.700636737511226,3.557584598770949,3.386116703665511,2.419210936516875,3.4897193084005265
uniform,frozen,8,7,0.0,0.0,0.0,nan,0.0,3.139731389227651,2.4528291818701913,2.05005931738429,2.4563313671788594,7.21252114316554,7.1239985036088935,6.369603706763473,7.124856541172018,0.0,0.0,0.0,0.0,2.5825114361822075,3.6755945915062744,3.9287354396081327,3.6828844516086185,4.630009706983333,3.4484039121026178,2.440868267155341,3.4419720895634
uniform,frozen,10,0,0.0,0.0,0.0,nan,0.0,2.790037680636656,2.5005312655355985,2.3352209735899896,2.436377682393023,6.893564623516037,7.195532785008105,7.027345364582279,7.092093471104732,0.0,0.0,0.0,0.0,3.017545524115324,3.679378375632343,3.822858298387351,3.677683851272987,3.8760190994007133,3.516154409375762,3.204487066194929,3.4144096198317464
uniform,frozen,10,1,0.0,0.0,0.0,nan,0.0,3.11387691897064,2.3503159569345486,2.150383330016065,2.5351323725269634,7.094317816452067,6.995526022145794,6.612811778456328,7.282530205758429,0.0,0.0,0.0,0.0,2.985909823916761,3.7169954275268564,3.663573046312856,3.7213607277945995,4.108407992535307,3.2785305946189376,2.9492387321434714,3.56116947796383
uniform,frozen,10,2,0.0,0.0,0.0,nan,0.0,3.0175188644896838,2.4831925281508944,2.236795593332463,2.4408294337759067,7.136471304761075,7.17042605287404,6.922203252524969,7.103527908054119,0.0,0.0,0.0,0.0,2.8134525908840047,3.6837610676699333,3.8963219113608387,3.6814718669839315,4.323018713877072,3.4866649852041065,3.025881341164131,3.4220560410701872
uniform,frozen,10,3,0.0,0.0,0.0,nan,0.0,3.0134214641733275,2.4594639337806323,2.3025059189823907,2.452246828716229,7.259231592637076,7.142531646111469,7.143136280440723,7.112364495958788,0.0,0.0,0.0,0.0,2.8666557334870517,3.6846925348963557,3.9085682985078316,3.6809726813356667,4.392575859150026,3.457839111215114,3.2345679819328916,3.431391814623121
uniform,frozen,10,4,0.0,0.0,0.0,nan,0.0,2.737225265544519,2.5802260009326794,2.4556765493203736,2.3901513428688856,6.922768610633095,7.302875802630926,7.1388079280081795,7.008753254586587,0.0,0.0,0.0,0.0,2.993463647200989,3.673259175832063,3.820305966586291,3.661296482781868,3.9293049634321062,3.629616626798863,3.3185019614218887,3.347456771804719
uniform,frozen,10,5,0.0,0.0,0.0,nan,0.0,3.177389753899517,2.3145154948094486,2.0893446613119226,2.5350220194527506,7.380208161225194,6.955908475750505,6.5943332826291385,7.262028643916645,0.0,0.0,0.0,0.0,2.9765165801443674,3.7086042641497037,3.792412189965917,3.7017493530008685,4.403691581080826,3.247304211600798,2.8019210926632203,3.5602792909157777
uniform,frozen,10,6,0.0,0.0,0.0,nan,0.0,2.7778775660997237,2.410949648191753,1.990249770817142,2.490770927999891,6.206763641750394,7.087087264036152,6.372001559729444,7.188795775988157,0.0,0.0,0.0,0.0,2.911503857668344,3.6986058027340105,3.8774281230052834,3.697320787937972,3.295259784082049,3.388481461302141,2.494573436724161,3.4914749880501823
uniform,frozen,10,7,0.0,0.0,0.0,nan,0.0,3.0376302683387624,2.4463899516898087,2.08704893071834,2.4579084386893726,7.216929093315291,7.1145368799783055,6.368889722397155,7.1281582916884885,0.0,0.0,0.0,0.0,2.7942790397129245,3.679126910913297,3.852835051637274,3.683545782427081,4.422650053602365,3.435409969065008,2.51605467075988,3.4446125092614084
